frame_index,time_s,lead_arm_angle_deg,trail_elbow_angle_deg,lead_knee_angle_deg,trail_knee_angle_deg,shoulder_hip_separation_deg,head_to_hip_midpoint_dist,stance_width_dist,wrist_mid_x,wrist_mid_y,hand_height_norm,left_wrist_height_norm,right_wrist_height_norm,torso_line_angle_deg,left_elbow_angle_deg,right_elbow_angle_deg,mean_visibility,wrist_speed_norm_per_s
0,0.0,66.66691482564642,81.26803218947977,155.74070521152063,147.2967694383651,117.54579303058382,0.25366172714782553,0.3990611136346013,0.38694725930690765,0.536259114742279,0.46374088525772095,0.4691075086593628,0.4583742618560791,-58.71721368238976,66.66691482564642,81.26803218947977,0.7605025037897356,0.08117749938224544
1,0.04,68.32952897885771,84.55152957720249,160.2300989378259,152.9455859204475,27.602063027007148,0.21884664117738034,0.4316120702274777,0.3850218206644058,0.5335847735404968,0.4664152264595032,0.4730933904647827,0.45973706245422363,-59.640287762491724,68.32952897885771,84.55152957720249,0.762033784479806,0.06756598593275107
2,0.08,67.79893142078403,102.03495034048161,160.41145964616402,153.98351650375594,15.275484102378726,0.20378651086888755,0.4300968156139649,0.37894588708877563,0.5314323008060455,0.46856769919395447,0.4763084053993225,0.4608269929885864,-60.83401503979726,67.79893142078403,102.03495034048161,0.7623691778968681,0.06858207411982281
3,0.12,68.72954941783193,96.60052293816494,160.98946258598008,155.46870941054914,12.718009622722008,0.20322464100008425,0.4262599504513501,0.3784258961677551,0.5304979979991913,0.4695020020008087,0.4773710370063782,0.46163296699523926,-61.15462472149065,68.72954941783193,96.60052293816494,0.7623489006902232,0.07437696563543177
4,0.16,70.14493665487811,102.74447486386147,162.09143302271548,158.02820595637505,10.46823665562684,0.20279053557260468,0.3990519136828809,0.37555234134197235,0.5300659239292145,0.4699340760707855,0.4776459336280823,0.46222221851348877,-60.970499663703116,70.14493665487811,102.74447486386147,0.7616033113815568,0.06065605585621318
5,0.2,69.3910217919515,102.462285083996,161.54901268461836,160.49246367484514,9.14667417831302,0.20334077002027137,0.377603685369691,0.3744237869977951,0.5303297340869904,0.46967026591300964,0.4774690270423889,0.46187150478363037,-60.61538625870777,69.3910217919515,102.462285083996,0.760237030684948,0.03307246437663796
6,0.24,68.80795289770472,96.19596749879126,160.96074395507068,159.8663909492729,9.722260255201832,0.20590882638641936,0.38407643224362015,0.37478162348270416,0.5307489633560181,0.46925103664398193,0.47713422775268555,0.4613678455352783,-60.06167234251259,68.80795289770472,96.19596749879126,0.760229940893072,0.030565187696005577
7,0.28,67.46483953592076,98.27089875628582,157.64138519818275,158.91727284665822,9.832144233684346,0.20854395862599404,0.3763889842302174,0.3756054788827896,0.531178742647171,0.468821257352829,0.4770066738128662,0.46063584089279175,-59.47202830409934,67.46483953592076,98.27089875628582,0.7600167375622373,0.018716841028086528
8,0.32,67.9150504909608,99.29689605816287,156.5307004194136,158.4919780078363,8.446163449379952,0.20982130509978558,0.3692075673130693,0.3760814964771271,0.5314882695674896,0.4685117304325104,0.47687840461730957,0.4601450562477112,-59.03821115258469,67.9150504909608,99.29689605816287,0.7600667934977647,0.01405895222098145
9,0.36,69.20107425328105,89.99193347132808,154.45389337347157,155.32642140956574,9.883384953728552,0.21527552126764793,0.35943717411046067,0.37588290870189667,0.5319863259792328,0.4680136740207672,0.4758889079093933,0.4601384401321411,-58.34552941332349,69.20107425328105,89.99193347132808,0.7592428989256873,0.01297990157193269
10,0.4,68.86584882566005,89.27854951240147,151.63856237173042,155.03424838547042,10.218146997402783,0.21450814543402458,0.3703344024471034,0.37571460008621216,0.532139241695404,0.46786075830459595,0.47549742460250854,0.46022409200668335,-58.117216000792816,68.86584882566005,89.27854951240147,0.7592143455915379,0.00980746652431398
11,0.44,69.21472842474189,90.21412063746202,152.05978916120483,154.75499049165418,9.161698066332548,0.2144743056401277,0.3620474692089024,0.37570664286613464,0.5324745178222656,0.4675254821777344,0.47500091791152954,0.4600500464439392,-57.866610074975924,69.21472842474189,90.21412063746202,0.7590295053792723,0.021474001775795042
12,0.48,71.49421277225031,86.41512273617874,149.18183252350155,153.2957965763919,9.775613618491178,0.2081937135418419,0.35749945072293826,0.3754122257232666,0.5324608981609344,0.46753910183906555,0.47495734691619873,0.4601208567619324,-57.78427145207459,71.49421277225031,86.41512273617874,0.7592249135627891,0.025784135967427912
13,0.52,71.22891960168917,80.51741143058415,149.97038277008372,152.58405098041837,12.281732335917923,0.21496743778417118,0.36470845338119035,0.3781593590974808,0.5333934724330902,0.4666065275669098,0.4734431505203247,0.4597699046134949,-57.32966018754544,71.22891960168917,80.51741143058415,0.7590369909550204,0.030531670067258897
14,0.56,71.91207663967236,82.59883469442988,149.562050900418,152.67048317957878,12.348372616919164,0.20733427911761562,0.3737034291934822,0.37693099677562714,0.5327255427837372,0.4672744572162628,0.47450780868530273,0.4600411057472229,-57.24986532743911,71.91207663967236,82.59883469442988,0.7591388673719132,0.035416227324185055
15,0.6,71.73293825848167,85.73222501362258,149.21644151183355,152.88225419776938,11.374071743869905,0.20278960163655896,0.3708320777442221,0.3768085092306137,0.5315550267696381,0.46844497323036194,0.4764080047607422,0.4604819416999817,-57.0735544020224,71.73293825848167,85.73222501362258,0.7593441427205548,0.03666685063966156
16,0.64,72.46032064850516,89.23763736857123,147.348883864262,152.13209625610463,12.170926773991056,0.20106497041370022,0.3504260808952415,0.37594784796237946,0.5305643975734711,0.46943560242652893,0.4771943688392639,0.46167683601379395,-56.83109775941338,72.46032064850516,89.23763736857123,0.7600110818942388,0.02514299970816682
17,0.68,72.11085367980043,87.9318355730287,146.5632725759979,151.40772061953717,12.672418516202981,0.20164319570602773,0.3554319904438527,0.3764834851026535,0.5304645895957947,0.4695354104042053,0.47741425037384033,0.4616565704345703,-56.594583859943846,72.11085367980043,87.9318355730287,0.7605229275244655,0.027319329573481998
18,0.72,72.3739613326378,88.06091320682319,148.49974554338004,151.2261633174464,13.22161226069369,0.20216304903461138,0.3573414792612679,0.37705568969249725,0.5306325256824493,0.46936747431755066,0.4774833917617798,0.46125155687332153,-56.31680644000386,72.3739613326378,88.06091320682319,0.7606705115600065,0.0349705818369901
19,0.76,72.78451141761501,86.97804043395986,149.8222692235018,151.69626769815602,13.579275200594651,0.203435615386411,0.361952554411592,0.3788784146308899,0.5304342210292816,0.4695657789707184,0.47744137048721313,0.46169018745422363,-55.83192976455744,72.78451141761501,86.97804043395986,0.7602123821323569,0.030528415049774268
20,0.8,74.82975481919878,90.87177294382477,150.65811600976795,151.45798691623722,13.17864985815774,0.20272851141879225,0.3452481757432988,0.3761739581823349,0.5305551290512085,0.4694448709487915,0.4782503843307495,0.4606393575668335,-55.1510822252888,74.82975481919878,90.87177294382477,0.7600330703637816,0.029382799573170647
21,0.84,76.01220028922185,91.26624276087406,151.5670418381179,153.10275611018963,12.987205353188443,0.203460500727355,0.3412323825884792,0.3761738985776901,0.5309789776802063,0.4690210223197937,0.47861891984939575,0.45942312479019165,-54.90188414403206,76.01220028922185,91.26624276087406,0.7593874430114572,0.03611321751007614
22,0.88,74.27620316548584,92.03167677722675,152.04756133469178,153.52946983657478,13.599057663296776,0.2051440767674756,0.3438667429319316,0.37637992203235626,0.5312182307243347,0.4687817692756653,0.47856956720352173,0.45899397134780884,-54.58809483960267,74.27620316548584,92.03167677722675,0.7584515439741539,0.032335643151705916
23,0.92,71.38854915188251,90.98296808708484,152.36769255936454,153.187788141021,14.77577189807954,0.2061402131149961,0.34629200483009287,0.37818849086761475,0.5305096507072449,0.4694903492927551,0.47851496934890747,0.4604657292366028,-54.41955626317334,71.38854915188251,90.98296808708484,0.7576383131019997,0.031697311454784015
24,0.96,72.1121426917423,88.24937135170705,152.51479697415917,153.4465317564235,14.72622436774543,0.20545184160328617,0.34752809377012117,0.3792656660079956,0.5305509269237518,0.46944907307624817,0.4785574674606323,0.460340678691864,-54.17935950772877,72.1121426917423,88.24937135170705,0.7571578233531027,0.032561318348385965
25,1.0,73.30902144378906,88.17323935948036,153.23153217034445,152.82475184210384,14.06495749335835,0.20598012109736108,0.344124233031928,0.3766871988773346,0.5304782390594482,0.46952176094055176,0.47871047258377075,0.46033304929733276,-53.804026044364605,73.30902144378906,88.17323935948036,0.7564256904703198,0.03220822350941114
26,1.04,73.43931760079045,87.7442130257862,153.9119339538478,152.819108895057,13.247694753158726,0.20667777880989263,0.34162444672932385,0.3763621300458908,0.5309785604476929,0.46902143955230713,0.4787013530731201,0.45934152603149414,-53.52622536643724,73.43931760079045,87.7442130257862,0.756096631965854,0.023084266010878582
27,1.08,73.57339196432991,85.61730504218897,153.72336036624094,152.31092045741872,11.915278062133495,0.20953703813177815,0.3413017805698364,0.3766016513109207,0.5310306251049042,0.4689693748950958,0.4786316752433777,0.45930707454681396,-52.55615857496616,73.57339196432991,85.61730504218897,0.755343041636727,0.0220383598755195
28,1.12,72.45116246374936,85.93788125035462,154.86742136246866,153.07358391042578,10.59787345765119,0.2088071142032518,0.35198099314775316,0.3766349107027054,0.5309177935123444,0.46908220648765564,0.4786297082901001,0.4595347046852112,-51.91091255948212,72.45116246374936,85.93788125035462,0.7550535761948788,0.015367462683230332
29,1.16,71.19162808466125,89.28602529230832,155.1613961262482,153.99318259189909,10.826704143467992,0.20844384565597734,0.3599219120863425,0.37666983902454376,0.5300497114658356,0.46995028853416443,0.47903919219970703,0.4608613848686218,-51.674448374315524,71.19162808466125,89.28602529230832,0.7539545098940531,0.02015465271222583
30,1.2,70.56011915672407,87.34169235591077,154.40798263134212,153.93951392439172,10.366926193790277,0.2079506390613964,0.36462263169790626,0.377838671207428,0.5296200215816498,0.4703799784183502,0.47911572456359863,0.4616442322731018,-51.50176780368411,70.56011915672407,87.34169235591077,0.7538661430730964,0.02413935519598775
31,1.24,69.44626644091744,89.38158705413547,155.82705552284037,156.75125567647004,8.60724176688376,0.20641756041222672,0.3651428335786497,0.3781890422105789,0.5281059443950653,0.4718940556049347,0.4810163974761963,0.4627717137336731,-51.503093245771346,69.44626644091744,89.38158705413547,0.7531341474616167,0.039252650177205084
32,1.28,70.6435460666268,87.67239419283018,154.973757289064,154.70378724315694,10.963113272292418,0.20632783763455773,0.3522062721811083,0.3792310506105423,0.5281158089637756,0.47188419103622437,0.4801562428474426,0.4636121392250061,-51.741846944139695,70.6435460666268,87.67239419283018,0.753041370574272,0.03722536487788562
33,1.32,72.81920574077836,87.11718994723442,152.4931782025601,153.0746490487852,12.717434094001135,0.2065290648462271,0.3392661368372775,0.3812989294528961,0.5304791331291199,0.4695208668708801,0.4777005910873413,0.46134114265441895,-51.794254859506275,72.81920574077836,87.11718994723442,0.7528176576350675,0.0328712597793921
34,1.36,71.88823097102454,89.99307805296877,155.0788749505881,154.60795888386545,12.07294554489144,0.20546313492870505,0.3341003165687419,0.3809063881635666,0.5302329957485199,0.4697670042514801,0.4778619408607483,0.4616720676422119,-51.677632599468815,71.88823097102454,89.99307805296877,0.7524154355580156,0.02747342821412874
35,1.4,71.6745811881285,94.69499246304434,156.44346440712826,156.7011040397734,11.518780871710163,0.2048817608026081,0.3391738131410362,0.3805600255727768,0.5300906002521515,0.4699093997478485,0.47788578271865845,0.4619330167770386,-52.100745198859386,71.6745811881285,94.69499246304434,0.7516459933284557,0.03046700735598814
36,1.44,70.85489030699577,93.73262345773874,156.80588642538928,156.70256674181417,10.650342511042766,0.2048706722035538,0.34426932578310315,0.38008634746074677,0.5301188826560974,0.4698811173439026,0.47776222229003906,0.4620000123977661,-51.89585209065636,70.85489030699577,93.73262345773874,0.7509634287068339,0.019958201629624365
37,1.48,72.71008880674724,94.81634947913882,157.588861412656,157.6826032669259,9.089708336179086,0.20417231927476026,0.352676058586953,0.3785122334957123,0.5305818021297455,0.4694181978702545,0.47799140214920044,0.4608449935913086,-51.80078942944542,72.71008880674724,94.81634947913882,0.7509954020832524,0.02343794710976157
38,1.52,73.55478674117653,99.16862748379518,157.86474517549632,159.86246326124814,6.445945121588977,0.2031857098787238,0.35159072410225234,0.3775388300418854,0.5309437811374664,0.46905621886253357,0.4788522720336914,0.45926016569137573,-51.83928837756224,73.55478674117653,99.16862748379518,0.7517123330723156,0.023926461197879265
39,1.56,72.96897472738623,98.06606335282774,156.78085473447854,159.22235391796187,9.705711983086388,0.2033248992202122,0.3492038648096856,0.376385822892189,0.5310641825199127,0.4689358174800873,0.4788326025009155,0.45903903245925903,-51.74384743077482,72.96897472738623,98.06606335282774,0.7514864770752011,0.029511072435745123
40,1.6,73.8564923250227,89.81792395369288,154.60331565405184,154.49519890573842,11.044943855985451,0.20520198801173103,0.3635080355934787,0.3760198503732681,0.5313625633716583,0.4686374366283417,0.4781818389892578,0.45909303426742554,-50.56965224830009,73.8564923250227,89.81792395369288,0.7501572061217192,0.027075788017013935
41,1.64,70.60696247843927,89.42292140501118,155.43477597521428,153.0862167766535,11.697816122791892,0.20947851313054536,0.3895812030538105,0.3748610317707062,0.5324533581733704,0.46754664182662964,0.475976824760437,0.45911645889282227,-50.05315143497558,70.60696247843927,89.42292140501118,0.7487649913087036,0.030549345831703073
42,1.68,70.89242791049115,85.26153378433818,153.97325307815163,147.82671084504065,12.94667442417304,0.2114154379498297,0.3921122955304527,0.37527401745319366,0.5335306227207184,0.4664693772792816,0.473957359790802,0.45898139476776123,-49.77634007045883,70.89242791049115,85.26153378433818,0.7478506115801407,0.04526892723553285
43,1.72,70.15009878571429,86.01539018645363,150.68706607431807,144.26758424203524,15.087899233558204,0.2110185962624733,0.38777156182591965,0.37361159920692444,0.5330402255058289,0.46695977449417114,0.4735356569290161,0.46038389205932617,-49.70153898728634,70.15009878571429,86.01539018645363,0.7471270983417829,0.05788119989197223
44,1.76,69.55862366613397,87.30768810712986,150.34493710590203,144.649240893375,16.68221483231602,0.21270195558205715,0.38465953931160723,0.37177540361881256,0.5367096364498138,0.46329036355018616,0.471422016620636,0.45515871047973633,-49.75819461070591,69.55862366613397,87.30768810712986,0.7460630244829438,0.06802381364998634
45,1.8,71.29471153606987,85.6904065306164,149.10690030867252,144.6601188951056,15.609493520725891,0.21425350382351305,0.37336493913699664,0.3722204267978668,0.5396710336208344,0.46032896637916565,0.4687349796295166,0.4519229531288147,-49.490186939075876,71.29471153606987,85.6904065306164,0.7458786874106436,0.06440024980206219
46,1.84,70.01201175474311,79.53311548201962,150.06324672254274,144.5938479828445,17.17737170069742,0.21699063351292214,0.383735563477142,0.3757111579179764,0.540629655122757,0.45937034487724304,0.46704262495040894,0.45169806480407715,-48.87955101966405,70.01201175474311,79.53311548201962,0.7458981478756125,0.057546711438194655
47,1.88,70.50025024561758,79.57031477125801,149.49129511487305,144.3216078070475,17.383609607532748,0.21797289821813848,0.38387580020726003,0.37539659440517426,0.5409213602542877,0.4590786397457123,0.46673065423965454,0.45142662525177,-48.771468767491776,70.50025024561758,79.57031477125801,0.7466720730969401,0.05665962290297497
48,1.92,70.07803577037188,77.49704046811199,150.88711259292108,144.9673942325197,16.489582810014213,0.21875751224824033,0.3903408904548139,0.3754124194383621,0.5405591726303101,0.45944082736968994,0.4669296145439148,0.4519520401954651,-48.49747657268971,70.07803577037188,77.49704046811199,0.7476202206629695,0.04332733914316041
49,1.96,71.31684004045255,84.03422015783296,153.99068293351814,149.73195435249733,14.577806975531075,0.21908243717306072,0.3722128423273243,0.371506467461586,0.5401651561260223,0.45983484387397766,0.467366099357605,0.45230358839035034,-48.28620923905607,71.31684004045255,84.03422015783296,0.7464054098183458,0.02849045872360002
50,2.0,70.17374880583958,85.73724412331661,156.18024847942226,152.3627176465675,15.49679712330854,0.2190976788119379,0.3582421747780518,0.3717530816793442,0.5399486124515533,0.46005138754844666,0.46753376722335815,0.45256900787353516,-48.290971665242026,70.17374880583958,85.73724412331661,0.746531265025789,0.030374828518439773
51,2.04,69.48681710820469,88.5814124707785,157.6490155604088,153.58475568599266,14.73635195233183,0.21879673339193434,0.35179050288120156,0.3718196749687195,0.5392994284629822,0.4607005715370178,0.4687274694442749,0.45267367362976074,-48.30904358770615,69.48681710820469,88.5814124707785,0.7459308719544699,0.031043229388142028
52,2.08,69.11118548270733,91.21420818140898,158.66379352743832,154.54908616579903,14.37065283665072,0.2190224933858004,0.3491926825781112,0.3725083917379379,0.5388809740543365,0.46111902594566345,0.4695137143135071,0.4527243375778198,-48.24232644535369,69.11118548270733,91.21420818140898,0.7456013463211782,0.01484522929191373
53,2.12,67.40434291491535,95.97332836128376,163.24283045457202,153.8603602244609,15.00269185706324,0.22221428277698985,0.4178739794581053,0.3727956712245941,0.5384763777256012,0.4615236222743988,0.470048189163208,0.4529990553855896,-48.01237227278175,67.40434291491535,95.97332836128376,0.744868902997537,0.019365615593898294
54,2.16,67.34685347668744,101.00517886817525,162.50453195152943,152.02407895212613,13.849693976137928,0.22252902232128957,0.3934249097685622,0.3723391145467758,0.5379641354084015,0.4620358645915985,0.47086602449417114,0.4532057046890259,-47.62637989221728,67.34685347668744,101.00517886817525,0.7436650264443774,0.06471110995641949
55,2.2,67.23291843175227,100.88000162620175,162.6227834053785,148.32863371469097,12.649185774393771,0.2267093128859952,0.416770513755669,0.3711201697587967,0.5377834141254425,0.4622165858745575,0.47118866443634033,0.45324450731277466,-47.04322433344039,67.23291843175227,100.88000162620175,0.7422300760041584,0.08299955235055648
56,2.24,71.27736524258935,99.90706640859945,163.0307566620023,135.91758513214268,10.955934856626556,0.23133080345972654,0.47755081541874606,0.361413910984993,0.5383309423923492,0.46166905760765076,0.4706529974937439,0.4526851177215576,-46.24464297754627,71.27736524258935,99.90706640859945,0.7402168794563322,0.10933767251090828
57,2.28,72.71155733299211,85.37083195532595,163.85982910120137,123.08740840466444,14.281011591518535,0.24646843832221207,0.5465546908542653,0.35785992443561554,0.5410314202308655,0.4589685797691345,0.4669654965400696,0.45097166299819946,-45.336503305598235,72.71155733299211,85.37083195532595,0.7398494235945471,0.1285591984057545
58,2.32,74.1533388607675,77.25119664658042,161.48118824780252,112.98930661911467,20.634150159382443,0.26137505028592356,0.554908840360342,0.35388027131557465,0.5452008545398712,0.4547991454601288,0.4598504900932312,0.44974780082702637,-44.88625954899068,74.1533388607675,77.25119664658042,0.7416024460937037,0.1375968523748677
59,2.36,72.73843265551415,77.95328022504422,160.477749134227,106.88807798864177,41.49914704469026,0.2922550873761011,0.5384885046831231,0.35426098108291626,0.5497153103351593,0.4502846896648407,0.4548754096031189,0.4456939697265625,-44.14320836903511,72.73843265551415,77.95328022504422,0.7435696996522673,0.09657190976779888
60,2.4,75.79044816405363,77.68234477500796,160.92632972287058,113.45342469957525,4.752426704186121,0.29096705581563914,0.4814249230332726,0.35284455120563507,0.5524049401283264,0.4475950598716736,0.45195287466049194,0.4432372450828552,-45.071452744225525,75.79044816405363,77.68234477500796,0.7454501966183836,0.11558526586514362
61,2.44,77.61733039436618,81.01604207403767,153.31326230095743,115.37577922287157,4.021667198369499,0.2915415206847189,0.38848955899144355,0.35379135608673096,0.5512200593948364,0.4487799406051636,0.4534945487976074,0.4440653324127197,-46.08500352838138,77.61733039436618,81.01604207403767,0.7466194801258318,0.1258105900264271
62,2.48,77.6396321071659,87.21779616299312,140.09110087071065,112.50527201982914,3.8868240257313573,0.28033592299980564,0.31807175378256314,0.3522876501083374,0.543091744184494,0.456908255815506,0.4594959616661072,0.4543205499649048,-49.40288458125408,77.6396321071659,87.21779616299312,0.7500624963731477,0.14235839464088584
63,2.52,99.61611815098726,116.93307628186511,131.65980058344954,68.88168072974182,4.257318314648472,0.2893694544856839,0.48166525656455134,0.34755587577819824,0.5368797183036804,0.4631202816963196,0.46497833728790283,0.46126222610473633,-51.6879238945823,99.61611815098726,116.93307628186511,0.7589465804172285,0.20478432015738604
64,2.56,109.22255335686293,138.1193263899252,110.79922573474998,67.20778561994261,3.7458104667535395,0.2992941248279779,0.4995586495978597,0.34406396746635437,0.529860258102417,0.470139741897583,0.4712945222854614,0.4689849615097046,-53.40399187356173,109.22255335686293,138.1193263899252,0.7714147007826603,0.3060624677799811
65,2.6,128.4030626214343,143.01790181452455,108.44073077246614,71.78041289556464,4.351733459155383,0.2948352364712872,0.4621194886620229,0.33758319914340973,0.5157526433467865,0.4842473566532135,0.4846527576446533,0.4838419556617737,-55.8548510764777,128.4030626214343,143.01790181452455,0.7814257853862011,0.38334761895530434
66,2.64,155.7922948997136,131.9044915119932,118.30283970752411,69.08827964057059,4.475504613733193,0.282465446798107,0.5443472113751308,0.3440883606672287,0.4949748367071152,0.5050251632928848,0.5136329233646393,0.49641740322113037,-58.35521367903671,155.7922948997136,131.9044915119932,0.7960892337741274,0.4671985877423924
67,2.68,148.48996634364485,119.86039888892365,139.44474564883012,69.89880497047291,2.378177276375709,0.2867017067957334,0.5074363145634495,0.3223932534456253,0.48537714779376984,0.5146228522062302,0.520185649394989,0.5090600550174713,-60.18217877814331,148.48996634364485,119.86039888892365,0.7998123372142966,0.49497284138853975
68,2.72,146.13494582865098,148.60347976853907,144.51244314865903,76.42483924328124,2.0381717504597816,0.2440373388321369,0.5947008976765897,0.3089370131492615,0.4648086875677109,0.5351913124322891,0.5306211709976196,0.5397614538669586,-62.407760466853794,146.13494582865098,148.60347976853907,0.8047869535106601,0.4617096687119604
69,2.76,139.58214078935777,123.33051005201199,156.18559262319192,74.43085961290939,0.9718962962702733,0.2433583215181912,0.6533267624974999,0.3175279498100281,0.45453158020973206,0.5454684197902679,0.5369538366794586,0.5539830029010773,-65.39573615734413,139.58214078935777,123.33051005201199,0.8076936101371591,0.5333862241041295
70,2.8,152.4789383390659,139.23351430803953,158.50193917412486,72.20898509520565,1.997934382016524,0.20793133852987997,0.6576968012472453,0.311550036072731,0.44797542691230774,0.5520245730876923,0.5458993911743164,0.5581497550010681,-66.2404299968852,152.4789383390659,139.23351430803953,0.8122389582973538,0.6394590667331259
71,2.84,158.91205873112273,147.33032754262462,158.04721230132932,67.92478902994758,2.2440276856721653,0.20987157348914218,0.6335680212489009,0.2793762534856796,0.4315861165523529,0.5684138834476471,0.5657609105110168,0.5710668563842773,-67.35273887589389,158.91205873112273,147.33032754262462,0.8212924391934366,0.6154639419372481
72,2.88,151.52148473154458,152.69893513065114,161.43399659655478,58.155382528355936,2.7361273392290855,0.25512894078021225,0.6823726901401971,0.23519820719957352,0.4233575612306595,0.5766424387693405,0.5767632126808167,0.5765216648578644,-69.07108964659471,151.52148473154458,152.69893513065114,0.8305616631652369,0.5910671892106448
73,2.92,154.01215099718158,156.87121837568586,160.05827321799356,61.32472220610804,1.148747627893357,0.27792439637076133,0.7023525524535416,0.21700764447450638,0.41558873653411865,0.5844112634658813,0.584150493144989,0.5846720337867737,-69.45947996780374,154.01215099718158,156.87121837568586,0.8394192881656416,0.5659114161951541
74,2.96,158.92240349170538,163.22266868642888,159.69787517023227,61.30308679117193,0.05397958161273664,0.2747612735724734,0.7278692919492263,0.21055013686418533,0.4100376069545746,0.5899623930454254,0.5886313021183014,0.5912934839725494,-70.22236080654247,158.92240349170538,163.22266868642888,0.8483249761841514,0.4076416430214589
75,3.0,160.48725373014622,163.98120693254614,159.8252921002386,59.890044473388365,0.18609233102907297,0.28511466949404707,0.7552608036870484,0.2078249454498291,0.40733055770397186,0.5926694422960281,0.5918290615081787,0.5935098230838776,-71.60433171164588,160.48725373014622,163.98120693254614,0.8557397190368536,0.1964389593162845
76,3.04,160.05357087666152,164.55756648737795,158.94591358346608,56.48816117899307,0.25972232156269115,0.28682860500197,0.7966627993079722,0.20394830405712128,0.4051380753517151,0.5948619246482849,0.5941646993160248,0.595559149980545,-71.9494368182089,160.05357087666152,164.55756648737795,0.8638860267220121,0.10890499298855916
77,3.08,159.88797842577563,164.28473725684034,157.36196741612065,58.392799448844336,0.11802922373522051,0.2774661922937099,0.7615976837134624,0.2012874037027359,0.40557968616485596,0.594420313835144,0.5942306220531464,0.5946100056171417,-73.11475793812403,159.88797842577563,164.28473725684034,0.8710504390976646,0.07652850021606715
78,3.12,158.6773723538655,164.6012919681083,157.25793209825449,58.89329786261766,0.4110461496618143,0.2783493429585668,0.7493695660606002,0.19916637986898422,0.40639764070510864,0.5936023592948914,0.593392014503479,0.5938127040863037,-74.10944170022312,158.6773723538655,164.6012919681083,0.8776741190390154,0.06668748648765394
79,3.16,160.87768677513353,164.2430332143477,155.70348876839705,58.68568307691658,0.16231238185281427,0.2770348562363191,0.7375733218582972,0.19840551167726517,0.40829069912433624,0.5917093008756638,0.5914373695850372,0.5919812321662903,-74.74825460464892,160.87768677513353,164.2430332143477,0.8840045269691583,0.05423407507776454
80,3.2,158.79514664572423,162.71679518145044,155.49807726901503,57.08755492869422,0.025596627022196117,0.28297124642650134,0.7310166865144778,0.1977085843682289,0.41002920269966125,0.5899707973003387,0.5893568098545074,0.59058478474617,-75.40773712306213,158.79514664572423,162.71679518145044,0.8892810055703828,0.04902574467155017
81,3.24,156.14370972700678,163.75446807470004,158.07097436032734,58.289529729354946,0.41260613005499636,0.2822492261708811,0.7432975499210421,0.19651534408330917,0.4115879088640213,0.5884120911359787,0.5877988040447235,0.5890253782272339,-75.10837760249984,156.14370972700678,163.75446807470004,0.8926881208564296,0.04577133532507043
82,3.28,159.17662677358385,163.42847728005287,159.31858669142906,57.7250224439424,0.6671933320326957,0.28058750112847947,0.7752236713616534,0.19796744734048843,0.41238321363925934,0.5876167863607407,0.5870073139667511,0.5882262587547302,-74.76897725175587,159.17662677358385,163.42847728005287,0.8962091568744543,0.041924493070505935
83,3.32,157.05229089818255,163.04363838354863,160.3880203011917,58.55677919392875,0.7363382094345639,0.27066139709279513,0.7776128898784908,0.19957951456308365,0.4125659912824631,0.5874340087175369,0.5868780314922333,0.5879899859428406,-74.33078278176968,157.05229089818255,163.04363838354863,0.8997782414609735,0.0358238616202915
84,3.36,154.19204684068674,162.11066561548898,160.97055052493644,58.592602290360475,1.204124261055938,0.2691344449862054,0.7883876253318209,0.2007811740040779,0.4129796773195267,0.5870203226804733,0.5862715244293213,0.5877691209316254,-74.07106413384672,154.19204684068674,162.11066561548898,0.9024442055008628,0.031056920180479182
85,3.4,151.76445651834914,162.33459263598886,161.70110899053674,58.68439522549816,1.1405266385528137,0.2662950305262782,0.7965933591704393,0.20124977082014084,0.4134342670440674,0.5865657329559326,0.5856272280216217,0.5875042378902435,-74.14232559533232,151.76445651834914,162.33459263598886,0.9049510973872561,0.030430668231626528
86,3.44,143.5024613631958,163.8588907074291,163.37088501581223,55.693789859665515,1.125261278814179,0.2711271597213106,0.8542529948766844,0.2018110528588295,0.4142734855413437,0.5857265144586563,0.5848521888256073,0.5866008400917053,-74.86225747971241,143.5024613631958,163.8588907074291,0.9063129569544937,0.03771593613428712
87,3.48,148.0592964809736,162.64670696622696,161.9309396136574,53.82113361910486,1.1593462579174059,0.2736692529743295,0.8226727105050389,0.20214145630598068,0.41576777398586273,0.5842322260141373,0.5830965042114258,0.5853679478168488,-74.58058577847656,148.0592964809736,162.64670696622696,0.9088204810113618,0.04362539020995884
88,3.52,140.10438622257075,162.81105374471858,161.94459329060794,53.50055906069601,1.162510676639954,0.2722311737585634,0.8235765174002091,0.20463168621063232,0.4175793379545212,0.5824206620454788,0.5811899602413177,0.5836513638496399,-74.5911952978906,140.10438622257075,162.81105374471858,0.9098104509440336,0.046618765486900124
89,3.56,156.22050476524603,160.49190691441635,159.7811597433396,54.801205466325,1.0953819041526174,0.2608941433329699,0.7743229277040302,0.206978440284729,0.4182926416397095,0.5817073583602905,0.5806219577789307,0.5827927589416504,-74.27610077207595,156.22050476524603,160.49190691441635,0.9128303383335923,0.0497118205121432
90,3.6,157.8610985473245,159.45721271846006,157.57440790671833,60.42522722753613,0.8521292604296775,0.2493746921574814,0.7035248162069271,0.20818199217319489,0.41863588988780975,0.5813641101121902,0.5800709426403046,0.5826572775840759,-74.53200608056451,157.8610985473245,159.45721271846006,0.9151873606624026,0.05890194845699831
91,3.64,159.15197910662002,158.68459239804235,158.2149815923683,62.054752673334676,0.46011043269908214,0.24947658923964205,0.6855604817430965,0.20978552848100662,0.4189183712005615,0.5810816287994385,0.579759955406189,0.582403302192688,-74.52060166000594,159.15197910662002,158.68459239804235,0.9177693110523801,0.16983254126539213
92,3.68,153.13762437824988,158.4094694303146,158.39260433550416,62.45085957722907,0.05682767564977098,0.23746347201408366,0.699874315514395,0.2131526693701744,0.41882605850696564,0.5811739414930344,0.5797622799873352,0.5825856029987335,-74.60112811908058,153.13762437824988,158.4094694303146,0.9185323552651838,0.27595726366852286
93,3.72,154.9140733417155,149.42205642278384,156.6930846346226,76.83365024139951,0.6899854452316561,0.21439221357610427,0.5762641146415552,0.23840779811143875,0.419552281498909,0.580447718501091,0.5790132284164429,0.5818822085857391,-74.58756857705288,154.9140733417155,149.42205642278384,0.9173235261079037,0.46006754492621516
94,3.76,158.7908212036051,146.16181530924416,150.9101936749867,86.11262098409772,0.7960389624913944,0.1828675770701082,0.528997696232039,0.2619225010275841,0.42232584953308105,0.577674150466919,0.5740034580230713,0.5813448429107666,-74.45023439895391,158.7908212036051,146.16181530924416,0.9172955372116782,0.4980929012440379
95,3.8,145.83128055109236,128.51360354727876,148.8256962251909,96.33701994585891,0.653813611628351,0.19106768727231038,0.4671445201361614,0.2982802838087082,0.4336267560720444,0.5663732439279556,0.56333789229393,0.5694085955619812,-74.41461203739895,145.83128055109236,128.51360354727876,0.912890764799985,0.5032094248953181
96,3.84,124.4120411259708,116.13386617364513,159.21304560379153,83.76695366549336,1.0078813322683118,0.22361043450496934,0.6023760561171346,0.3034870773553848,0.4412519186735153,0.5587480813264847,0.5569733381271362,0.5605228245258331,-74.53609573565394,124.4120411259708,116.13386617364513,0.9059813871528163,0.46284358551691746
97,3.88,132.814816441497,121.0052518026169,164.98460312073342,81.27209221732767,1.2248492309400376,0.23195630423785196,0.6539376703068254,0.3055727481842041,0.4451167732477188,0.5548832267522812,0.5494053363800049,0.5603611171245575,-74.47467127046184,132.814816441497,121.0052518026169,0.9032887075886582,0.46130300075809
98,3.92,124.54712141690626,94.88338688792211,165.51614694470194,83.9299570200615,0.8475430172652239,0.2705404246897354,0.6311371558695857,0.320972740650177,0.4527599960565567,0.5472400039434433,0.5415696203708649,0.5529103875160217,-74.18416431003008,124.54712141690626,94.88338688792211,0.8984725908799605,0.3407489492642805
99,3.96,154.2041267949618,115.41569132432836,165.00462219231798,78.44428623404438,0.8943445815817483,0.3248291680280258,0.6340189871221279,0.34161242842674255,0.4637208878993988,0.5362791121006012,0.5368573367595673,0.5357008874416351,-73.86469949806157,154.2041267949618,115.41569132432836,0.9020397428310278,0.38750602059910444
100,4.0,133.43561825306912,119.70555794601373,153.97394509437592,89.67443473414316,1.2812781338508046,0.3531411215830944,0.4675578665010297,0.33803053200244904,0.4772164225578308,0.5227835774421692,0.5192841589450836,0.5262829959392548,-73.53846559087948,133.43561825306912,119.70555794601373,0.9031851743206833,0.43019880100036745
101,4.04,100.68447824224289,121.29419294828006,156.77719757490556,89.1711616567241,1.5850095158300235,0.32609251734374917,0.5161791179555257,0.3509034663438797,0.4906208664178848,0.5093791335821152,0.5021032989025116,0.5166549682617188,-72.07538299968775,100.68447824224289,121.29419294828006,0.9037008104902325,0.6560870989702002
102,4.08,87.51202658784287,104.88839206683811,158.2112207186935,95.61647909279614,2.5465040032177058,0.3191183987238862,0.48146577354412057,0.3601803332567215,0.4996281713247299,0.5003718286752701,0.49754947423934937,0.5031941831111908,-70.9617322040665,87.51202658784287,104.88839206683811,0.8999787478735952,0.8624303575827093
103,4.12,147.82730020440655,67.42374915935869,163.03097725097777,85.3400955289126,3.213112578103079,0.2668789328778977,0.632502308891407,0.3835255205631256,0.44179196655750275,0.5582080334424973,0.6201810538768768,0.4962350130081177,-68.85434052287091,147.82730020440655,67.42374915935869,0.9003243717280301,0.8419445184740653
104,4.16,102.50958117349758,89.23743131587212,166.6956535266006,80.94002478009835,4.4795567153503555,0.2594163070318888,0.482570173638638,0.3712184727191925,0.5052477717399597,0.4947522282600403,0.4981154799461365,0.4913889765739441,-68.03223511768138,102.50958117349758,89.23743131587212,0.8953424168355537,0.7595035033599208
105,4.2,76.21862797886243,95.44928169366393,164.90078642149106,81.60693764068385,7.190158564944397,0.25744217976825334,0.47504140674030376,0.3682655692100525,0.5146611034870148,0.48533889651298523,0.48550689220428467,0.4851709008216858,-67.34568196290776,76.21862797886243,95.44928169366393,0.8906195994579431,0.7194879830603775
106,4.24,77.21073638362812,83.02546919393845,157.41679336312663,92.72974203496979,8.267576843495846,0.23383694788929543,0.44771721526363056,0.3664959967136383,0.5157853662967682,0.4842146337032318,0.4842073321342468,0.4842219352722168,-64.68002094659369,77.21073638362812,83.02546919393845,0.8815031358689973,0.4272398491446704
107,4.28,70.9480446931014,83.23087918579459,163.2431629443017,140.31465579681537,12.612749918627117,0.22717972007418263,0.3677052318573149,0.3679804801940918,0.5204835832118988,0.4795164167881012,0.48200899362564087,0.4770238399505615,-61.96890117531605,70.9480446931014,83.23087918579459,0.8721491712512393,0.11083919168819428
108,4.32,65.77328622538107,74.09766042562725,167.91158705305222,143.0007024060368,32.535667939558095,0.2304801909766977,0.40562172124945,0.36862267553806305,0.5243510603904724,0.4756489396095276,0.4802096486091614,0.4710882306098938,-60.50881247538577,65.77328622538107,74.09766042562725,0.863010464292584,0.0910469458010394
109,4.36,65.85332738200653,78.93624346759053,164.2668864232427,152.702630953208,51.80091053970381,0.23769780105932406,0.36858158010047254,0.36826522648334503,0.525661289691925,0.47433871030807495,0.4800341725349426,0.4686432480812073,-58.00365574261709,65.85332738200653,78.93624346759053,0.8542572702422286,0.16874601380482143
110,4.4,63.164765181345906,78.5151280556091,162.12764831454567,151.8905049593823,97.1249047698115,0.2354943224304645,0.40855666451065237,0.36270909011363983,0.5276672840118408,0.4723327159881592,0.4776843190193176,0.46698111295700073,-56.77208752698991,63.164765181345906,78.5151280556091,0.8457820776737097,0.1668829857669693
111,4.44,69.60787185325415,66.45821657082878,162.63945630057233,153.4572525777487,26.425691326543017,0.21265963160673212,0.3941092253241702,0.34525246918201447,0.5301785171031952,0.4698214828968048,0.47486644983291626,0.46477651596069336,-55.983275555306214,69.60787185325415,66.45821657082878,0.8392753095337839,0.17740847925355024
112,4.48,73.30037055675619,73.85806742620382,156.54461460937887,151.52352402535962,21.46761519011244,0.21890228308096635,0.36526993588242146,0.3417806476354599,0.5331264734268188,0.46687352657318115,0.4726994037628174,0.4610476493835449,-55.798291100146535,73.30037055675619,73.85806742620382,0.8325241966681047,0.18123948896678024
113,4.52,76.82975749641426,85.30883676569819,155.97120432766548,149.65291735158104,8.758673996307834,0.21211691962005855,0.4097476970192043,0.3357613980770111,0.5328513979911804,0.4671486020088196,0.47345131635665894,0.4608458876609802,-53.96134509859203,76.82975749641426,85.30883676569819,0.8279425420544364,0.16157721912890227
114,4.56,79.29923044418267,86.51101615057287,156.5848881043132,150.50885580289375,7.877749257532599,0.21160930075652673,0.40520378255999384,0.33365048468112946,0.5330896377563477,0.46691036224365234,0.4728313684463501,0.4609893560409546,-53.37453038440612,79.29923044418267,86.51101615057287,0.8208618525302771,0.0777922557959743
115,4.6,79.53503813500517,85.37678119172482,152.75664592428717,150.28905921207468,8.252426473242394,0.21444329468115841,0.39512655983497275,0.3342101126909256,0.5349833965301514,0.46501660346984863,0.4718828797340393,0.45815032720565796,-52.256211281959516,79.53503813500517,85.37678119172482,0.8134582751628124,0.06437815150683596
116,4.64,81.49975350674465,92.98118505568966,150.2137411680323,148.72451541896092,5.7811643103477195,0.21238461372747908,0.3963750917273968,0.3347955346107483,0.5356395244598389,0.46436047554016113,0.47284960746765137,0.4558713436126709,-51.00252565505375,81.49975350674465,92.98118505568966,0.8067623467156382,0.04107634043484382
117,4.68,80.36794359285783,102.81609654653211,152.371361170868,146.95454559896868,6.393235379577675,0.21304051101792676,0.4168427542579213,0.33657106757164,0.5362318754196167,0.4637681245803833,0.47356683015823364,0.45396941900253296,-50.300346882365815,80.36794359285783,102.81609654653211,0.800189503214576,0.03677003874611965
118,4.72,79.43238742872455,98.83626428239754,154.30609081265047,146.50623611204745,8.101264693552878,0.21328629079619052,0.42067289912033434,0.3379175215959549,0.5364571511745453,0.4635428488254547,0.47329002618789673,0.4537956714630127,-49.97889443400593,79.43238742872455,98.83626428239754,0.7945057045329701,0.03150359979298992
119,4.76,78.64720422411634,100.95235992709611,156.92456869095184,144.33600099192583,8.262223150697508,0.21455300004282177,0.4324747844234082,0.339093342423439,0.5369184017181396,0.46308159828186035,0.4726395606994629,0.4535236358642578,-49.2025540344037,78.64720422411634,100.95235992709611,0.7890211709521033,0.031584389367284985
120,4.8,77.88188278878094,114.2250409009145,161.2720367752628,137.27739228569166,10.36775602658966,0.21820604777389593,0.469413372473556,0.339640811085701,0.5376595556735992,0.46234044432640076,0.471804141998291,0.4528767466545105,-48.47448125365968,77.88188278878094,114.2250409009145,0.7834127721461382,0.027977566032619968
121,4.84,77.6833147821853,111.26970271208556,160.58492146771636,135.64712560154632,10.795940021625313,0.21817158087620275,0.47212213225059796,0.3404123783111572,0.5372050404548645,0.4627949595451355,0.47174733877182007,0.4538425803184509,-47.91446867398976,77.6833147821853,111.26970271208556,0.7778818128686963,0.02920496997864655
122,4.88,80.2721688220586,105.31965095258425,158.65150356491446,135.98486826688003,8.665310119166406,0.21750177286066827,0.4549389127311857,0.3415403813123703,0.5369792878627777,0.4630207121372223,0.4717099070549011,0.45433151721954346,-47.11084200586827,80.2721688220586,105.31965095258425,0.7724091388059385,0.03236335572737832
123,4.92,81.5383990353025,100.63248756705862,161.9722388084041,125.35353155276448,8.795997262241059,0.2193313863914981,0.5531607182033174,0.3430972993373871,0.5373918414115906,0.4626081585884094,0.471105694770813,0.45411062240600586,-46.69169077183273,81.5383990353025,100.63248756705862,0.7694882077701164,0.031418974924887405
124,4.96,76.38864554182959,102.92626997318985,160.59014695041904,128.4426307880133,10.459928355338718,0.22357491587044195,0.5193952562836941,0.344942644238472,0.5378216207027435,0.46217837929725647,0.4701789617538452,0.4541777968406677,-46.38894373490051,76.38864554182959,102.92626997318985,0.7663622403686697,0.03404897105596985
125,5.0,77.11397051492968,103.06044947566963,160.68632204463574,126.84995353012559,11.254061209005613,0.22385338220508005,0.5316722694445498,0.3453036695718765,0.5384590327739716,0.46154096722602844,0.46969205141067505,0.45338988304138184,-46.195178741211116,77.11397051492968,103.06044947566963,0.7632348790313258,0.030142768751925477
126,5.04,77.85656200893273,103.40488879792828,160.24646581358422,127.7341131585148,10.845320234132089,0.22350341535097937,0.5188806050144799,0.3456624448299408,0.5398344993591309,0.46016550064086914,0.4690564274787903,0.451274573802948,-45.9360800744036,77.85656200893273,103.40488879792828,0.7604190454338536,0.028172479724724787
127,5.08,79.40040481486044,99.69760421235247,160.62395672883193,125.76947089155462,10.489496945286106,0.22268834050329447,0.5317470121313269,0.34601476788520813,0.5397243797779083,0.4602756202220917,0.4690662622451782,0.4514849781990051,-45.66390466665893,79.40040481486044,99.69760421235247,0.7583482965375438,0.023041185802162176
128,5.12,75.72500756123766,104.03177223773926,160.48130307531991,126.14991830680063,11.381837070525222,0.2221420862737312,0.5294157658759394,0.34722770750522614,0.5396301746368408,0.4603698253631592,0.4690370559692383,0.4517025947570801,-45.701766319660635,75.72500756123766,104.03177223773926,0.7571708239389189,0.020802262321734766
129,5.16,77.55092545608582,101.99663336438294,160.28993063363183,132.56323393381197,9.825940109023605,0.22094947540013132,0.5267180765407075,0.34809067845344543,0.5397277772426605,0.4602722227573395,0.4688794016838074,0.4516650438308716,-45.52921576013402,77.55092545608582,101.99663336438294,0.7564943428292419,0.014166123561815208
130,5.2,80.28092662737971,101.48669401503025,160.65788643526702,133.59668858265573,8.50826586940218,0.21990898444732657,0.5306750342394406,0.3478100895881653,0.5396791696548462,0.4603208303451538,0.46891850233078003,0.4517231583595276,-45.27696333915001,80.28092662737971,101.48669401503025,0.7549245583288597,0.012816454717191552
131,5.24,79.48265995011883,105.93690077620124,162.00540949857495,134.26819220384797,7.917338325214388,0.21985441416717058,0.5501723642020605,0.347731277346611,0.5396274626255035,0.46037253737449646,0.46896934509277344,0.4517757296562195,-45.144827738631044,79.48265995011883,105.93690077620124,0.7533535957336426,0.012354500794402142
132,5.28,79.21989853175268,106.23044079415048,162.08975250500424,135.9901739344916,7.911895444281612,0.2193406316601902,0.544513197862907,0.3477085530757904,0.5395309031009674,0.4604690968990326,0.46899086236953735,0.45194733142852783,-45.13310323172369,79.21989853175268,106.23044079415048,0.7517887712879614,0.012471951106820535
133,5.32,75.85177712160579,104.77948500680702,162.62973540896655,134.06928730300854,8.776820489062459,0.2192416432625902,0.5466555874799675,0.3487817347049713,0.5391960740089417,0.46080392599105835,0.46902382373809814,0.45258402824401855,-45.19872572980765,75.85177712160579,104.77948500680702,0.7506012589190946,0.014228374001072706
134,5.36,75.35538337286297,104.25623390525134,163.52084938309224,135.72900539186338,9.842772392218706,0.21912096559313848,0.5414569824761902,0.3496698886156082,0.5391137301921844,0.46088626980781555,0.46904152631759644,0.45273101329803467,-45.26907899883592,75.35538337286297,104.25623390525134,0.7497133418466105,0.015648021769836234
135,5.4,75.74488621641365,104.24912615918714,164.13131051727356,139.4653514736873,9.4186556619822,0.2189548896074879,0.5368001531978606,0.3502645641565323,0.5388880670070648,0.4611119329929352,0.4694456458091736,0.4527782201766968,-45.285606199510056,75.74488621641365,104.24912615918714,0.7497378827044459,0.01717218766432606
136,5.44,75.9089168643067,103.98751712632583,164.4138314623282,141.16947082077854,8.47772411168009,0.2185936969405147,0.5270992293257281,0.35064034163951874,0.538845419883728,0.461154580116272,0.46946918964385986,0.4528399705886841,-45.33941927869428,75.9089168643067,103.98751712632583,0.7502629917227861,0.025293181785395663
137,5.48,75.66350617829639,104.19757360262194,164.4760802664018,139.0021849769136,6.16477062271457,0.2186647409326827,0.5378456477375898,0.3502497225999832,0.538742184638977,0.46125781536102295,0.4695114493370056,0.4530041813850403,-45.342064103144914,75.66350617829639,104.19757360262194,0.7505158596869671,0.02254765846665572
138,5.52,76.85409893484056,104.12218849816394,164.23015742008525,135.30965966397454,4.472827160899499,0.2192919956146784,0.566328057216635,0.34750135242938995,0.5387292802333832,0.4612707197666168,0.46952593326568604,0.4530155062675476,-45.54040318516786,76.85409893484056,104.12218849816394,0.7499927711306196,0.039382083622202683
139,5.56,75.3743522913357,98.15752760328235,162.40178397150032,118.98463561678332,4.138441722441939,0.2307980093151479,0.598751357758862,0.3473605811595917,0.5390419065952301,0.4609580934047699,0.4684486389160156,0.45346754789352417,-46.12462717182396,75.3743522913357,98.15752760328235,0.7498312813766075,0.07291897840408552
140,5.6,76.65903263157898,87.03019740634141,162.6295629929835,118.69508580234374,3.8904008427990107,0.2389912528775232,0.6003363525425126,0.3458092212677002,0.5427320003509521,0.45726799964904785,0.4639359712600708,0.4506000280380249,-46.82177744061539,76.65903263157898,87.03019740634141,0.7495386573401365,0.08258427771565409
141,5.64,74.29289165611954,77.11879909904437,158.5967772840964,127.14551147213334,3.6137529955427965,0.2535162015348613,0.51836762029159,0.35156111419200897,0.5468697547912598,0.45313024520874023,0.4572948217391968,0.4489656686782837,-47.68476590324361,74.29289165611954,77.11879909904437,0.7505895443486444,0.07887296333961144
142,5.68,72.19609319253837,76.01514033676602,154.94698914240044,119.36110468178413,21.96903547999574,0.27479774600106255,0.5151424606202575,0.3536227345466614,0.5479705333709717,0.4520294666290283,0.4551902413368225,0.44886869192123413,-48.494874355776446,72.19609319253837,76.01514033676602,0.7521019185131247,0.081667253636416
143,5.72,72.12062450740883,78.40290721561696,156.69462409757108,104.09681955504855,16.362960201687883,0.2939539974835933,0.5367562048464908,0.35165801644325256,0.5475649833679199,0.4524350166320801,0.45670849084854126,0.4481615424156189,-49.11579629763566,72.12062450740883,78.40290721561696,0.7532656183748534,0.09207441020200469
144,5.76,73.25172446927628,82.71512926441477,147.25586019951956,92.89467925480923,5.067500400422716,0.2855967597541483,0.4718988944156743,0.3524036407470703,0.5470578968524933,0.4529421031475067,0.45767903327941895,0.4482051730155945,-50.96547609813217,73.25172446927628,82.71512926441477,0.7543724039287278,0.08979728872119838
145,5.8,76.0700215520015,82.2570664691976,134.35980003683864,71.79553914725938,3.604981940640613,0.28713146074460455,0.47719105650244004,0.3541995882987976,0.541244626045227,0.45875537395477295,0.4605696201324463,0.4569411277770996,-53.50793407935704,76.0700215520015,82.2570664691976,0.7599939507516947,0.11233022159272019
146,5.84,86.16844434059531,76.08531079577624,129.59768827316068,77.2429328287491,3.667840657897756,0.28487039446274587,0.4591531542976471,0.350375697016716,0.5358282923698425,0.46417170763015747,0.4645999073982239,0.46374350786209106,-56.56482336362236,86.16844434059531,76.08531079577624,0.7659523699319724,0.1449132379837764
147,5.88,90.65749944709218,114.7443270900289,102.9380439768189,82.83175537497262,2.216940314210291,0.30788326985543246,0.42418507266270594,0.3449045270681381,0.53171706199646,0.46828293800354004,0.4699558615684509,0.46661001443862915,-60.23105815673573,90.65749944709218,114.7443270900289,0.7764186511437098,0.20837881368435884
148,5.92,85.37264794107871,136.90417240655654,102.01818637757574,71.17462489469938,3.1954958241994404,0.4013058374080091,0.448829622067027,0.34539695084095,0.5232085585594177,0.4767914414405823,0.4783284664154053,0.4752544164657593,-64.3300316339122,85.37264794107871,136.90417240655654,0.789759994004712,0.3229268242077944
149,5.96,95.57251413721502,149.6959766340201,82.20085065785482,70.09954373292268,3.5160768981707804,0.32160432836585634,0.4369754022187018,0.334259495139122,0.5154126286506653,0.4845873713493347,0.482868492603302,0.48630625009536743,-68.8870359903616,95.57251413721502,149.6959766340201,0.8014622502254717,0.43668276070834267
150,6.0,132.08244353514166,142.44870493056735,112.16973734886491,71.59294839365965,2.0225565962269343,0.31507835982493004,0.4293449532724161,0.31121698021888733,0.4978145360946655,0.5021854639053345,0.5056865811347961,0.4986843466758728,-70.87728132248576,132.08244353514166,142.44870493056735,0.8079088944377322,0.5237640700775545
151,6.04,148.92231999836187,156.75892314855278,133.9770381506469,69.9834524038291,0.9073532839956044,0.31136000021406535,0.5294541157416162,0.2869671583175659,0.4812251180410385,0.5187748819589615,0.5183404088020325,0.5192093551158905,-72.69585616365943,148.92231999836187,156.75892314855278,0.8176709548993544,0.6837787766300046
152,6.08,138.6883711812989,143.0735328660069,137.26867175124065,76.2893243971872,0.004511998651906879,0.2596507384883126,0.5507955856970528,0.2955501675605774,0.45853422582149506,0.5414657741785049,0.5300937294960022,0.5528378188610077,-74.46791012222627,138.6883711812989,143.0735328660069,0.8218484557036198,0.875697588309268
153,6.12,154.15314875268623,143.31765276097502,136.60641875448226,78.65150068967985,0.3115083936467897,0.25472107607427397,0.5211770595876678,0.2603617012500763,0.43843191862106323,0.5615680813789368,0.5576224029064178,0.5655137598514557,-75.3592997637274,154.15314875268623,143.31765276097502,0.829725160743251,0.774723362513007
154,6.16,155.95266610637847,152.78106687379386,140.94542495395268,70.23371439933193,0.5094030568894254,0.2583835625633208,0.505310632298235,0.21035798639059067,0.42424027621746063,0.5757597237825394,0.5754715204238892,0.5760479271411896,-77.27690849487804,155.95266610637847,152.78106687379386,0.8389522270722822,0.6957111678957321
155,6.2,158.77260980875454,160.69070539951335,140.74307613186699,72.55630558856762,0.058705695534371216,0.24780636965853148,0.5221779616557595,0.2048870474100113,0.4173487275838852,0.5826512724161148,0.5815735161304474,0.5837290287017822,-78.37466896644716,158.77260980875454,160.69070539951335,0.8477767696886351,0.6115664102200344
156,6.24,164.918851260106,162.7128579048621,139.9975759474116,74.53260321043595,0.43536096122528534,0.25323687114208704,0.5406779231156986,0.1962391957640648,0.4068796783685684,0.5931203216314316,0.5919284522533417,0.5943121910095215,-79.45433170217714,164.918851260106,162.7128579048621,0.8571052235184293,0.44120527166956275
157,6.28,164.0941935753123,163.97388813382452,138.18961600667058,71.26915373806634,0.42012287122108205,0.2551892672535664,0.4961848697174316,0.19105638563632965,0.4015544503927231,0.5984455496072769,0.5973972678184509,0.5994938313961029,-81.04041759168493,164.0941935753123,163.97388813382452,0.8659139239426815,0.19267316487270653
158,6.32,164.88830706200733,162.78196922766594,139.46186568434337,73.39282894730647,0.5408538060380295,0.2808328229619041,0.47968495897241953,0.18553424626588821,0.39821483194828033,0.6017851680517197,0.6013716161251068,0.6021987199783325,-81.86250749660385,164.88830706200733,162.78196922766594,0.8738842489141406,0.15481233759323798
159,6.36,168.70923696207856,162.90639378180165,139.8640680044475,75.60171296076584,0.48308620985721973,0.2617607100778854,0.48067846747836473,0.18387522548437119,0.39666227996349335,0.6033377200365067,0.6028507351875305,0.6038247048854828,-82.20334870810653,168.70923696207856,162.90639378180165,0.8814903515757937,0.08891083804239396
160,6.4,169.3853362675833,163.3880905749363,137.3468625433651,72.23806865574423,0.48856863413004703,0.26174774518403643,0.48325697660464834,0.18264827877283096,0.39666807651519775,0.6033319234848022,0.6034966707229614,0.6031671762466431,-83.11663310398393,169.3853362675833,163.3880905749363,0.888537276874889,0.058775745933897984
161,6.44,168.42477197894092,164.16412333922946,139.74523549117623,73.46057053217959,0.2906191356877912,0.2674004542936773,0.4928376939125892,0.18237727135419846,0.39637579023838043,0.6036242097616196,0.6036328673362732,0.6036155521869659,-83.09716741638043,168.42477197894092,164.16412333922946,0.8936095002925757,0.03468076221403872
162,6.48,168.15759644428982,163.6539683197434,141.164679072638,72.85496010355251,0.392323923924522,0.27190710304809945,0.4923310300046785,0.18119990825653076,0.39714060723781586,0.6028593927621841,0.6027488112449646,0.6029699742794037,-82.61249243833183,168.15759644428982,163.6539683197434,0.899323349649256,0.03158286842028394
163,6.52,165.98590018201804,163.6298235418255,143.44883624909423,70.17526537010882,0.7289258120908357,0.2739590282847208,0.49444464191586285,0.18072468787431717,0.3987044543027878,0.6012955456972122,0.6011379957199097,0.6014530956745148,-82.4693280784382,165.98590018201804,163.6298235418255,0.9045145060076858,0.03215298337709165
164,6.56,168.6264578718658,165.96409110541487,149.35806679313418,59.8341574868496,1.0244096147375785,0.29244546204347666,0.5649912289035621,0.179135762155056,0.39825016260147095,0.601749837398529,0.6014668643474579,0.6020328104496002,-81.47085839341561,168.6264578718658,165.96409110541487,0.9098943435784542,0.03542071882471111
165,6.6,165.98743251660594,165.20223981789806,148.93601552916695,63.94190574207803,1.1654940728108159,0.29142354464772324,0.5531928020947403,0.17966855317354202,0.39948076009750366,0.6005192399024963,0.6001481711864471,0.6008903086185455,-80.6653494929391,165.98743251660594,165.20223981789806,0.9133898019790649,0.032346489331720095
166,6.64,165.2778881022773,166.10833419469384,148.5680522276343,63.15063964264546,1.4272410777897164,0.2897434007221544,0.573596002890524,0.17967630922794342,0.40053287148475647,0.5994671285152435,0.5991039872169495,0.5998302698135376,-80.20707786754863,165.2778881022773,166.10833419469384,0.9169340097542965,0.027923180036511935
167,6.68,167.7722573614871,165.48025722693845,148.69315719818064,60.417640844449636,1.4961851686311434,0.29539729163054024,0.5975449427803399,0.179266057908535,0.40120697021484375,0.5987930297851562,0.5984242260456085,0.599161833524704,-79.95859037624716,167.7722573614871,165.48025722693845,0.9194671963200425,0.02306858791315613
168,6.72,164.93918533269198,165.63658593520665,151.56596323170552,60.83391285539011,1.2799608008600956,0.28664982846954556,0.6477207211786707,0.1785833016037941,0.4015168696641922,0.5984831303358078,0.5980798304080963,0.5988864302635193,-79.25962972168139,164.93918533269198,165.63658593520665,0.9214023207173203,0.01880685599202557
169,6.76,159.3028091307114,166.3658020689786,152.0824660835903,61.12249338524619,0.6351570838267833,0.28680984157142525,0.6524927508275578,0.17904780060052872,0.4020157903432846,0.5979842096567154,0.5974967181682587,0.5984717011451721,-79.09574563384719,159.3028091307114,166.3658020689786,0.9232755068576697,0.0151899479159096
170,6.8,159.44862304668132,166.9121561396338,156.84311179162788,57.62914161488342,0.4653058596504138,0.29837808034612967,0.7330618274450581,0.1789422705769539,0.4024928957223892,0.5975071042776108,0.5969077944755554,0.5981064140796661,-78.7519681487425,159.44862304668132,166.9121561396338,0.9243887428081397,0.012152304631073588
171,6.84,168.190640411926,164.79684565140337,155.40855517793523,54.55387437664706,0.3360349852233355,0.31388989471447737,0.720998640600806,0.17867927998304367,0.40269017219543457,0.5973098278045654,0.5966856777667999,0.5979339778423309,-78.57582651528664,168.190640411926,164.79684565140337,0.9265577359633013,0.02041778187455632
172,6.88,172.71581921853178,164.60167464739914,154.22574429948938,54.9210763259967,0.11910034730445318,0.3075724839482347,0.699091228962936,0.1788608431816101,0.40268680453300476,0.5973131954669952,0.5967669486999512,0.5978594422340393,-78.49410375925942,172.71581921853178,164.60167464739914,0.9290006178798098,0.04259569430268969
173,6.92,171.88887318218775,163.23368390093333,148.12364708731616,53.49367892351801,0.07026327374197194,0.30562081333604924,0.6386283700908544,0.17874383181333542,0.4002867639064789,0.5997132360935211,0.5984099209308624,0.6010165512561798,-78.48513232462716,171.88887318218775,163.23368390093333,0.931810969656164,0.07741667638806723
174,6.96,171.7063017417378,162.66506526109978,150.16725402597467,51.538583221889255,0.4195403700643965,0.30705714746072876,0.6390949822244104,0.1784125566482544,0.39518024027347565,0.6048197597265244,0.6036251485347748,0.6060143709182739,-79.08010867978447,171.7063017417378,162.66506526109978,0.9337956056450353,0.09890632378165873
175,7.0,173.34814387289634,165.06020003146904,159.29134878619473,54.47855618060991,0.49461391351439943,0.26985260689614227,0.6817589026121788,0.17829985916614532,0.3877282589673996,0.6122717410326004,0.6114198863506317,0.6131235957145691,-79.57538459048396,173.34814387289634,165.06020003146904,0.935397000023813,0.12551270043687268
176,7.04,171.20191560075395,164.29698067593068,160.11226929991213,54.49297192319867,0.5558723344239809,0.27904505233570226,0.6916648172580075,0.1800655871629715,0.38345175981521606,0.6165482401847839,0.6163172125816345,0.6167792677879333,-79.62845451331995,171.20191560075395,164.29698067593068,0.9378017205180544,0.1622574543789565
177,7.08,173.9143428566276,161.22233531666473,161.49903075837105,51.52204891498382,1.0350918922217431,0.2932751218271305,0.716502136727999,0.18479889631271362,0.38064509630203247,0.6193549036979675,0.6191223561763763,0.6195874512195587,-79.34493357271455,173.9143428566276,161.22233531666473,0.9398667505293181,0.20232650880125383
178,7.12,174.89601612827155,163.50882407403134,161.00972847814228,42.58007857777593,1.6876960600476707,0.41464660437274803,0.7609155072547983,0.1942373514175415,0.3781927525997162,0.6218072474002838,0.6202908158302307,0.6233236789703369,-78.65505868175565,174.89601612827155,163.50882407403134,0.9418098547241904,0.22387206446938596
179,7.16,175.8239284221134,160.32877116969877,161.6357612134611,43.11752226014679,2.848974255600581,0.3757454151725499,0.7946799872598737,0.2073635831475258,0.37854912877082825,0.6214508712291718,0.6191072165966034,0.6237945258617401,-75.20775604869931,175.8239284221134,160.32877116969877,0.94317724126758,0.29271439488804524
180,7.2,168.46011748818455,158.77973582985834,162.2617103646394,45.67938301335084,4.270874890029347,0.3475061132951987,0.851154514453563,0.21903131157159805,0.3800348788499832,0.6199651211500168,0.617970198392868,0.6219600439071655,-71.86541885606954,168.46011748818455,158.77973582985834,0.9444059097405636,0.6480887427523376
181,7.24,162.0014654470157,157.0074839297778,159.68258636590872,45.30729245846937,7.791147825135681,0.31536463753875005,0.8440822940257252,0.22936977446079254,0.3952499330043793,0.6047500669956207,0.6010322868824005,0.6084678471088409,-67.15305848187232,162.0014654470157,157.0074839297778,0.9407888253529867,0.9116177807910354
182,7.28,146.65341293971557,72.18167619116225,126.93410026194366,55.47361939742268,9.87407809460052,0.2050780643082543,0.5819201914489719,0.29159198701381683,0.4398878812789917,0.5601121187210083,0.5635582208633423,0.5566660165786743,-63.88400374387468,146.65341293971557,72.18167619116225,0.9312990976102424,1.1194218086387342
183,7.32,159.95988702789433,32.90016347291,112.6362811143651,56.791568841481116,11.142088820253093,0.23914307193265516,0.5787920286940258,0.3422938287258148,0.47636090219020844,0.5236390978097916,0.5192708373069763,0.5280073583126068,-60.697125389159005,159.95988702789433,32.90016347291,0.9245110569578229,1.2008853790214011
184,7.36,150.7566737696008,62.93928275504515,81.14769853284344,56.46121132367508,13.796938299953382,0.25543392702334206,0.49384834708009534,0.3721596598625183,0.5221782922744751,0.4778217077255249,0.4708351492881775,0.4848082661628723,-55.648805281044275,150.7566737696008,62.93928275504515,0.9150479761036959,1.208996713263385
185,7.4,115.99672607975207,72.36120262892285,84.26052813151483,66.09826712438044,11.72007443051561,0.22728942079434575,0.34409245744841377,0.3983185887336731,0.5323160588741302,0.46768394112586975,0.46353304386138916,0.47183483839035034,-55.43620098129413,115.99672607975207,72.36120262892285,0.907481975627668,0.9142662135645235
186,7.44,80.64971247934578,57.52291644900541,146.92181174719028,116.6970610493002,38.424216514383545,0.1893792020225086,0.4445512961091707,0.3783269226551056,0.531300961971283,0.46869903802871704,0.47423362731933594,0.46316444873809814,-62.91987380543988,80.64971247934578,57.52291644900541,0.8947143771431663,0.7756688849596457
187,7.48,103.9824371834547,149.0743607318022,154.67297465357362,139.43087773289824,0.7940086579781394,0.23506583118979058,0.3656113571938606,0.3704513758420944,0.5155259668827057,0.4844740331172943,0.489890456199646,0.4790576100349426,-66.55154281139187,103.9824371834547,149.0743607318022,0.8819032419811595,0.7054171530564932
188,7.52,144.1783546903086,127.12878869054552,161.8094037318008,143.30354732883976,3.4666397634789234,0.2779062328883782,0.5007869725581064,0.3580525517463684,0.4830758422613144,0.5169241577386856,0.5372062027454376,0.4966421127319336,-68.97437741397016,144.1783546903086,127.12878869054552,0.8667046581253861,0.6044003727601289
189,7.56,146.26814268679988,151.35321571562721,166.7764724440522,142.88093717711976,1.1630056904961066,0.28852719396661025,0.5119995271918512,0.33189356327056885,0.4519721269607544,0.5480278730392456,0.5566980242729187,0.5393577218055725,-77.44841064854128,146.26814268679988,151.35321571562721,0.8505318616375779,0.8373195599520417
190,7.6,138.84361802202633,143.94329762962502,166.55417420465199,142.3345254636685,3.0844055147315714,0.2990899667237052,0.5079616616779435,0.3240825980901718,0.4527669697999954,0.5472330302000046,0.5670496225357056,0.5274164378643036,-78.51096668448199,138.84361802202633,143.94329762962502,0.8379743541731979,0.8677975424902135
191,7.64,132.4920408973325,154.3480530006417,164.39340687663096,160.3556874073291,1.8905925352539157,0.31169549372084726,0.37967853627679893,0.30208055675029755,0.3899049162864685,0.6100950837135315,0.6145903170108795,0.6055998504161835,-79.58753678977284,132.4920408973325,154.3480530006417,0.8258660652420737,0.7678725473206115
192,7.68,131.87354022279396,133.17810253215066,161.23809066695694,154.89357461964244,1.6947032460278706,0.30211279602841035,0.10497588828534209,0.2863970845937729,0.3721001297235489,0.6278998702764511,0.6226016581058502,0.633198082447052,-78.66197184275488,131.87354022279396,133.17810253215066,0.8155763627904834,0.6007901448441322
193,7.72,118.70615521442294,160.1848192278298,165.07044812317486,157.9054080836226,1.643579656900016,0.2713897194141093,0.131018910985265,0.2803237736225128,0.35865500569343567,0.6413449943065643,0.6449111104011536,0.6377788782119751,-79.73295905980576,118.70615521442294,160.1848192278298,0.8111843421603694,0.5842827908738615
194,7.76,107.92719725387721,170.34235769752175,158.28890805776427,147.07089760992076,2.5494138926009953,0.27214959501957764,0.044593169557464334,0.2743401303887367,0.35460564494132996,0.64539435505867,0.6492979824542999,0.6414907276630402,-81.64897250207206,107.92719725387721,170.34235769752175,0.8083711022680456,0.29804653473537046
195,7.8,108.64867582158297,168.65256987183068,161.24334318268603,156.64532046839378,1.7027322654525392,0.2514139779521333,0.06065332048680018,0.2704661935567856,0.35221952199935913,0.6477804780006409,0.6503938734531403,0.6451670825481415,-85.2871401362193,108.64867582158297,168.65256987183068,0.8069447811805841,0.4290221381786837
196,7.84,96.12617384153279,168.3852284669283,151.41021030785012,169.23404979897424,2.426661782564935,0.24564781997583346,0.05607001646208118,0.2614304646849632,0.35463882982730865,0.6453611701726913,0.648507684469223,0.6422146558761597,-85.9492149003944,96.12617384153279,168.3852284669283,0.8026041569131793,0.400323246582714
197,7.88,84.89764732606506,152.62788902409036,146.64551291778304,154.5610387874959,1.268296066760911,0.26515634818712497,0.052340109917100835,0.2744800001382828,0.4028254598379135,0.5971745401620865,0.6440589725971222,0.5502901077270508,-87.67604766165124,84.89764732606506,152.62788902409036,0.8046351978273103,0.4991388618601357
198,7.92,93.74851886858157,154.6943578448033,152.77555794510025,157.42378113016306,1.2597684997145393,0.2564819864236338,0.07811655552544378,0.27294885367155075,0.39394305646419525,0.6060569435358047,0.6415816247463226,0.5705322623252869,-89.12853042266448,93.74851886858157,154.6943578448033,0.8050341732574232,0.49382251922394826
199,7.96,105.36896768117052,167.56808153475,147.78028582875868,158.39147849564696,1.3889688656225871,0.2542174504838793,0.0754525839745213,0.265809029340744,0.36791644990444183,0.6320835500955582,0.6381911337375641,0.6259759664535522,-90.28039510008068,105.36896768117052,167.56808153475,0.8027691687598373,0.4628488066619961
200,8.0,105.91145514609444,165.29937371773894,161.0897176109116,162.8638098242289,1.442703591148728,0.25185308752836827,0.11485486528881445,0.2624826207756996,0.3668718785047531,0.6331281214952469,0.6368931531906128,0.629363089799881,-91.52076681528504,105.91145514609444,165.29937371773894,0.800590719237472,0.22177276596632786
201,8.04,109.9762374523954,166.21722836311642,168.95640500977834,156.4110813650058,1.289765735792173,0.26454301985239015,0.12197455156770348,0.2630266100168228,0.3699839562177658,0.6300160437822342,0.6361358761787415,0.6238962113857269,-93.38379849301653,109.9762374523954,166.21722836311642,0.7984338899453481,0.20877025381277983
202,8.08,121.6856038569435,163.33419347971574,162.29495198821687,161.26616457085186,0.29295273127098653,0.2739929652402244,0.13300176214240486,0.2617853656411171,0.3711559921503067,0.6288440078496933,0.6358204782009125,0.6218675374984741,-93.39750020355801,121.6856038569435,163.33419347971574,0.7941783540176622,0.09977210218135067
203,8.12,116.83603598418743,157.5053108846968,159.25700564389896,164.9439691256223,0.6412394803791699,0.2716169001630722,0.14615679226546355,0.25582242012023926,0.3687961995601654,0.6312038004398346,0.6362851858139038,0.6261224150657654,-93.28355562235885,116.83603598418743,157.5053108846968,0.7905200548244246,0.1071617756563842
204,8.16,114.67506700323598,158.59642572759913,164.84060149916343,154.74331134249485,0.46488948873926006,0.27165072011325075,0.057740299769462676,0.2609047368168831,0.36984071135520935,0.6301592886447906,0.6362148821353912,0.6241036951541901,-93.0051007096088,114.67506700323598,158.59642572759913,0.7891806138284279,0.2668093430255339
205,8.2,118.6326105889859,159.28343454896813,164.91285430765197,153.43826478552978,0.1284639520019084,0.26840817412646806,0.04712716450382541,0.26579514145851135,0.37069521844387054,0.6293047815561295,0.6358729302883148,0.6227366328239441,-92.64395655864925,118.6326105889859,159.28343454896813,0.786746264407129,0.30740898472400546
206,8.24,112.14005118684109,157.86540808934967,162.64674686214124,146.82539420546755,1.04256026175932,0.30299765251381605,0.1463185067548228,0.29414940625429153,0.3913654386997223,0.6086345613002777,0.6357101202011108,0.5815590023994446,-92.01694989301713,112.14005118684109,157.86540808934967,0.7841241490660291,0.3499524314855025
207,8.28,116.16632894741514,158.96938945805178,163.99452959767487,145.88280008967465,1.169174713501576,0.2942646581081193,0.14811980944284803,0.2847105413675308,0.38863061368465424,0.6113693863153458,0.6330350339412689,0.5897037386894226,-91.58025376853173,116.16632894741514,158.96938945805178,0.7794549347776355,0.35474362555703276
208,8.32,121.32069234797986,165.43720161786962,169.70352300181315,151.00945206598055,0.22395019270368266,0.2754977388935657,0.08288794071446576,0.27278120070695877,0.37966708838939667,0.6203329116106033,0.6300504207611084,0.6106154024600983,-90.81186966454133,121.32069234797986,165.43720161786962,0.7722600283044757,0.33841652333245714
209,8.36,120.76460375546644,158.97045505351144,166.6868856411928,144.4311244910207,0.05948085797507474,0.2774500924280407,0.06377047981746703,0.2689822241663933,0.38449934124946594,0.6155006587505341,0.6269664466381073,0.6040348708629608,-90.11832383356176,120.76460375546644,158.97045505351144,0.772155576583111,0.1680515489054706
210,8.4,131.87240507100083,154.53249520132653,168.45140201692934,159.44635832571842,1.610579018148087,0.247222139750969,0.10319839727816252,0.26738379895687103,0.3839232325553894,0.6160767674446106,0.6179045736789703,0.6142489612102509,-89.32157624887495,131.87240507100083,154.53249520132653,0.762686908696637,0.18725984796710685
211,8.44,129.74017776931964,156.61954520545274,172.43979429775123,146.25496788668872,2.1776052058309574,0.2660148732873668,0.09439868651321107,0.26669952273368835,0.38467395305633545,0.6153260469436646,0.6133582293987274,0.6172938644886017,-88.49977440155338,129.74017776931964,156.61954520545274,0.7592298980012084,0.14674992487004532
212,8.48,131.19266801231242,141.7972939471384,168.2946167788855,126.71781652168015,2.520715439105942,0.29535008660719386,0.14062825519516964,0.25478533655405045,0.3913736939430237,0.6086263060569763,0.6004354655742645,0.6168171465396881,-87.33957197704562,131.19266801231242,141.7972939471384,0.75512154851899,0.364564635887504
213,8.52,128.95222693056942,147.51667440031252,169.37279292387763,125.5809508816585,2.4551389308628586,0.3063344852184978,0.0904978118208213,0.2561887875199318,0.3980473279953003,0.6019526720046997,0.5949351489543915,0.6089701950550079,-87.25278395348244,128.95222693056942,147.51667440031252,0.7517206199241407,0.5190969906289439
214,8.56,137.4407035498522,154.1196138762965,144.0624674089346,98.28369464788433,1.6989393479937007,0.37418869323462967,0.09391848037855802,0.2874060645699501,0.4367324411869049,0.5632675588130951,0.5799084901809692,0.546626627445221,-86.36190144195305,137.4407035498522,154.1196138762965,0.7494773051955483,0.6018771166018253
215,8.6,145.63936405552127,158.2344093149187,129.76362137107756,85.30046474642043,1.1966611724270706,0.39437424282812283,0.11907688494723508,0.30501534044742584,0.46417392790317535,0.5358260720968246,0.5546488165855408,0.5170033276081085,-84.93737625940538,145.63936405552127,158.2344093149187,0.7473299823927156,0.5781913218476754
216,8.64,143.38271706997617,154.70256667828932,116.07930983586616,81.52917710629204,0.0035111878982263534,0.4003765559745357,0.11988401552064212,0.32184410095214844,0.4692297428846359,0.5307702571153641,0.5416896343231201,0.519850879907608,-83.82717421022375,143.38271706997617,154.70256667828932,0.7455785843459043,0.5765983543248729
217,8.68,143.10709078572796,159.73964233940177,123.79543186710107,82.60342619419636,0.1715517081870246,0.3747711168536313,0.18484255712637526,0.3264959305524826,0.4616052061319351,0.5383947938680649,0.5338024199008942,0.5429871678352356,-82.95068679717174,143.10709078572796,159.73964233940177,0.7436755328918948,0.34744965745132755
218,8.72,144.05934935167164,159.94495226781206,158.60565200127579,98.70190817965266,0.2988639878257118,0.3703931783197131,0.34455949538579167,0.3329846262931824,0.46200524270534515,0.5379947572946548,0.5289857387542725,0.5470037758350372,-82.24776991928164,144.05934935167164,159.94495226781206,0.7416663479172823,0.23232129586411815
219,8.76,142.70894523581487,160.56064893945052,163.40392145666172,110.01607428751156,0.3582263760750948,0.33785597368283216,0.4406803065559018,0.32921481132507324,0.4629232585430145,0.5370767414569855,0.5268985033035278,0.5472549796104431,-81.19463388376091,142.70894523581487,160.56064893945052,0.7408627301002993,0.17494906711647687
220,8.8,142.73742911923654,159.8992047002263,162.37705940874795,110.53160937910603,0.05341702159873307,0.3175573351768493,0.4555938381108673,0.33592163026332855,0.46976377069950104,0.530236229300499,0.520406037569046,0.5400664210319519,-80.60197260831994,142.73742911923654,159.8992047002263,0.7402569197795608,0.17185874091882095
221,8.84,141.91554470542002,159.1655812567023,160.02551850926272,111.06522224588126,0.20286625200813546,0.31760030898323216,0.44142716880869054,0.3419869542121887,0.4703880101442337,0.5296119898557663,0.5227913558483124,0.5364326238632202,-79.77727696838848,141.91554470542002,159.1655812567023,0.7396769548455874,0.16392066963045385
222,8.88,143.24732451494296,154.51184337327308,141.25189997678234,88.08570584078188,1.4686690922312948,0.36826952061347923,0.39034269279646294,0.3403361737728119,0.4785359799861908,0.5214640200138092,0.51707524061203,0.5258527994155884,-77.4045365823837,143.24732451494296,154.51184337327308,0.7393925413489342,0.17534472368550041
223,8.92,149.62887230629883,155.1165277913516,145.85186589989584,92.7168653897037,0.8297453276242379,0.35733450632195085,0.43286947478981963,0.3423550873994827,0.48301543295383453,0.5169845670461655,0.5157658755779266,0.5182032585144043,-76.52189616368496,149.62887230629883,155.1165277913516,0.7385635222449447,0.23706204528733305
224,8.96,148.2695268950218,150.16939223988322,105.20227088285105,96.52475231387426,0.7777561738153338,0.35422249887317675,0.33426155798168894,0.34723083674907684,0.48678793013095856,0.5132120698690414,0.5100991129875183,0.5163250267505646,-76.02367589169158,148.2695268950218,150.16939223988322,0.7386492039218093,0.24246415933233278
225,9.0,73.05811962222491,147.64725180115204,114.02828113856017,128.28129042572053,1.3869628067949122,0.28354798169713674,0.32735083285755434,0.3277064859867096,0.4967595189809799,0.5032404810190201,0.48809701204299927,0.5183839499950409,-77.35121021993446,73.05811962222491,147.64725180115204,0.7431061261079528,0.20470106032814545
226,9.04,107.22754115591313,133.83209108093376,127.63731588743637,145.60454363718796,3.034131625799091,0.2879996993991289,0.32459052126008414,0.3324477970600128,0.502148449420929,0.49785155057907104,0.48546677827835083,0.5102363228797913,-77.95823433465497,107.22754115591313,133.83209108093376,0.7550986887830676,0.18794572370459908
227,9.08,111.09225684456835,102.06909606380033,134.81140041563398,138.2880774281555,3.004811828681426,0.2689151123033347,0.3003816999475972,0.33208364248275757,0.5028165429830551,0.4971834570169449,0.4846458435058594,0.5097210705280304,-79.04811065223572,111.09225684456835,102.06909606380033,0.767426024332191,0.16211138910044984
228,9.12,109.44785853284425,93.90328649608347,143.133430560656,123.90320602394388,2.433374521044243,0.24875978423023762,0.28435504335052636,0.33361782133579254,0.502521276473999,0.497478723526001,0.4864899516105652,0.5084674954414368,-79.86211633877537,109.44785853284425,93.90328649608347,0.7796548921050448,0.09281512580761316
229,9.16,105.66896064002981,86.66898000812768,153.48198963286768,115.74191138309153,1.6703867820910148,0.2078869997065344,0.29295583539660575,0.33330780267715454,0.5034698247909546,0.4965301752090454,0.4870973825454712,0.5059629678726196,-79.17732598487623,105.66896064002981,86.66898000812768,0.7897791880549807,0.23289865151252354
230,9.2,101.4497849398035,84.10813247488163,150.82647658631453,111.72706067112655,1.503360723437794,0.18937217100490014,0.2818611456358076,0.3410390764474869,0.5057626217603683,0.49423737823963165,0.488008975982666,0.5004657804965973,-79.01515086590915,101.4497849398035,84.10813247488163,0.7952101474458521,0.2411909325117838
231,9.24,77.084303151922,79.38773267496651,157.04563188317317,120.75926932015466,0.15037766210215864,0.18950963707183133,0.27202809521009,0.37598830461502075,0.501614898443222,0.49838510155677795,0.49694138765335083,0.4998288154602051,-78.2403510873912,77.084303151922,79.38773267496651,0.7956708814158584,0.24550150415742597
232,9.28,76.64337932678943,77.05957327793163,158.32628677233777,129.35063535193362,1.593989889739106,0.17302600856111738,0.29830051743724756,0.3784050941467285,0.5017261505126953,0.4982738494873047,0.49826598167419434,0.49828171730041504,-77.58763755876673,76.64337932678943,77.05957327793163,0.7951974381100048,0.2515441714157016
233,9.32,77.09194128307287,76.74223127047719,158.39741998330996,134.64636638722746,1.787514367101977,0.17321433231612465,0.3156018782622655,0.3761696368455887,0.5026645958423615,0.49733540415763855,0.49852174520492554,0.49614906311035156,-77.29389096392968,77.09194128307287,76.74223127047719,0.7943443344397978,0.2227034860662794
234,9.36,80.6255215921784,80.53299614882036,161.55938893219408,147.48470824403833,2.7781298904544656,0.173738214012585,0.33347616755647447,0.3749428540468216,0.5044985711574554,0.49550142884254456,0.49748241901397705,0.49352043867111206,-77.25094410442401,80.6255215921784,80.53299614882036,0.7930621373834033,0.060351996977989104
235,9.4,83.42048966028737,81.94039769765834,164.43504108719134,159.53730322543484,5.826462837694493,0.17460377540765115,0.35448474218965975,0.3736065477132797,0.506365567445755,0.493634432554245,0.4965512156486511,0.49071764945983887,-77.67416141270672,83.42048966028737,81.94039769765834,0.7923137951980938,0.0520665157709638
236,9.44,84.69491916664155,77.6758015676412,163.68154124998648,163.372720845925,8.60732442182848,0.17583684931249696,0.3569020098598481,0.3760637044906616,0.507541835308075,0.49245816469192505,0.49537861347198486,0.48953771591186523,-76.0159985863937,84.69491916664155,77.6758015676412,0.7916256220954837,0.06356938326770045
237,9.48,80.22865516004427,75.5125237768182,163.1061184073999,156.75318137601414,9.570928547987478,0.17710712048696092,0.3478657471191189,0.37676070630550385,0.5078504085540771,0.49214959144592285,0.4947504997253418,0.4895486831665039,-75.90880704413534,80.22865516004427,75.5125237768182,0.7911620451645418,0.07615163716818923
238,9.52,73.58137733365353,73.05564614587918,161.78181428122832,152.09451902646336,7.69385166921893,0.17663757405363145,0.3665935834848037,0.38130347430706024,0.5091500580310822,0.49084994196891785,0.49281400442123413,0.48888587951660156,-77.13845231652424,73.58137733365353,73.05564614587918,0.7920728492917437,0.10724284773352397
239,9.56,75.4427149437773,73.84650163815084,161.23872212323946,155.5232446402869,9.832147067545122,0.17751755814467762,0.3623678777361592,0.38559938967227936,0.5111124515533447,0.4888875484466553,0.49005281925201416,0.4877222776412964,-76.65571920201005,75.4427149437773,73.84650163815084,0.7922927394057765,0.1401885608630068
240,9.6,76.9275016018154,74.71884353613518,163.20632717655263,153.46027326113224,9.417091748247515,0.17905904680610782,0.38609471659225875,0.3935862183570862,0.514062374830246,0.48593762516975403,0.4871898293495178,0.48468542098999023,-77.23055950819611,76.9275016018154,74.71884353613518,0.7923077295223871,0.18370750724653157
241,9.64,77.61212070030464,75.81918403099567,161.97807831785482,158.02127798537407,11.81293478343872,0.18078207951728248,0.38056210661167106,0.40288931131362915,0.5144990384578705,0.4855009615421295,0.4864351749420166,0.48456674814224243,-77.04690857799368,77.61212070030464,75.81918403099567,0.7929565147920088,0.20515728858619747
242,9.68,73.62249747086216,73.8274000060593,160.2086936316947,160.46705592938451,9.844756798270964,0.1822523788231548,0.3882866059256412,0.41234007477760315,0.5139614343643188,0.48603856563568115,0.48719125986099243,0.4848858714103699,-77.79144969711761,73.62249747086216,73.8274000060593,0.7922773799209883,0.22440733091050452
243,9.72,74.27889853932331,74.81411109459425,161.12417132305288,159.7073404325381,8.906458509060315,0.18281356804112878,0.4111374235778393,0.42116744816303253,0.5157909989356995,0.48420900106430054,0.48618966341018677,0.4822283387184143,-78.2459091025479,74.27889853932331,74.81411109459425,0.7925986850803549,0.22383524535622012
244,9.76,72.00405427729194,73.71404821939852,158.46847770199372,158.6167535617564,9.680716061251445,0.1843899821929954,0.3924749003640518,0.42963726818561554,0.5171165466308594,0.4828834533691406,0.4840538501739502,0.48171305656433105,-78.18334892156577,72.00405427729194,73.71404821939852,0.7922872180740038,0.21879609975666564
245,9.8,73.49189416598257,71.4523405524347,154.7276370548267,155.84919106560298,9.699674033965891,0.18493373426226364,0.41470806826426043,0.43803592026233673,0.5169791579246521,0.4830208420753479,0.48463547229766846,0.48140621185302734,-77.65706554288677,73.49189416598257,71.4523405524347,0.7918635062647589,0.20055972184268675
246,9.84,72.39448504852268,82.26056294391036,154.15827390581,161.91980374663586,8.046849517479757,0.188898332172965,0.4084679356266705,0.44632939994335175,0.5174259543418884,0.4825740456581116,0.4847322106361389,0.48041588068008423,-76.97081840694804,72.39448504852268,82.26056294391036,0.7902423913280169,0.2189082654846095
247,9.88,73.93186811169326,75.85916623838389,151.2429891010016,156.68671582864042,6.234781264657528,0.18885012640975848,0.4126856741589062,0.452144131064415,0.517642617225647,0.482357382774353,0.4849122166633606,0.47980254888534546,-76.39181844867525,73.93186811169326,75.85916623838389,0.7881536093173604,0.21590795835184676
248,9.92,71.44497848074714,75.50907543279953,151.74637955046157,155.50982311126162,4.971840344108273,0.1999487023659442,0.42925231089673427,0.4646935313940048,0.5194902718067169,0.4805097281932831,0.48190081119537354,0.4791186451911926,-76.80619446684545,71.44497848074714,75.50907543279953,0.7873673206477454,0.27438817045353536
249,9.96,70.61869470270416,68.68304140865489,160.05413675273533,161.1210069110056,1.2984498795695458,0.1895474318274391,0.4364208285090636,0.4726581573486328,0.5198524594306946,0.4801475405693054,0.4819938540458679,0.4783012270927429,-76.07122989371652,70.61869470270416,68.68304140865489,0.7862346386819175,0.29274471637785693
250,10.0,60.046406115850885,78.93902081559573,165.7074716688853,148.8192181891341,5.9077362384535945,0.19019721560990785,0.5883050182973634,0.492753803730011,0.5197693705558777,0.4802306294441223,0.48181915283203125,0.4786421060562134,-75.59546584284887,60.046406115850885,78.93902081559573,0.785375855411544,0.3284627660870762
251,10.04,63.64865839661219,82.64301176386027,169.84798745584192,152.10442163497268,7.786152726895153,0.18553543117628904,0.564473186285159,0.504730612039566,0.5197823345661163,0.48021766543388367,0.4820079207420349,0.4784274101257324,-75.95697310634834,63.64865839661219,82.64301176386027,0.7846915717377807,0.30164987772639046
252,10.08,65.96921490374079,87.67353177360944,172.29967765731743,154.66252608042936,9.905612064599694,0.18752355704708965,0.5666319723612803,0.5175503492355347,0.5217000246047974,0.47829997539520264,0.4805067181587219,0.47609323263168335,-75.7933214213163,65.96921490374079,87.67353177360944,0.7842614659757325,0.2926890441417482
253,10.12,66.10957789063902,89.114564807665,172.9092905237308,149.23857756161385,17.65622568987257,0.18721837568400346,0.6106139520333174,0.5248708724975586,0.5218524038791656,0.47814759612083435,0.4803825616836548,0.4759126305580139,-74.89187434603389,66.10957789063902,89.114564807665,0.7834051459124594,0.2024890861819639
254,10.16,67.61725418412284,98.49075589817795,174.3797322009816,147.00619594256673,19.805963747552283,0.187585415672223,0.6274016174750687,0.5308836400508881,0.5232833325862885,0.47671666741371155,0.48052501678466797,0.4729083180427551,-73.6902399920068,67.61725418412284,98.49075589817795,0.7829875578031396,0.1518200533017148
255,10.2,74.44957979174436,92.11166556979693,175.57766196646108,151.86169727630113,17.837961586695542,0.19154935391919276,0.5958251874427827,0.5324936211109161,0.5220049023628235,0.4779950976371765,0.4837650656700134,0.4722251296043396,-72.05640524988677,74.44957979174436,92.11166556979693,0.7862359673687906,0.12717376670572897
256,10.24,75.61264544212403,90.91417064401264,174.9042054069781,155.87936206417174,12.695232162775625,0.19252583209507684,0.5382904695256768,0.5332784950733185,0.5203373730182648,0.47966262698173523,0.4867279529571533,0.47259730100631714,-71.8966882711131,75.61264544212403,90.91417064401264,0.789322298133012,0.11051729229911628
257,10.28,84.71706543057043,89.44557309141332,175.40661779167064,154.46486207289064,9.041171739422964,0.1934650879028659,0.5433713864279832,0.5413111746311188,0.5202533602714539,0.47974663972854614,0.48663467168807983,0.47285860776901245,-71.3592023929567,84.71706543057043,89.44557309141332,0.7909515689719807,0.08124190515981639
258,10.32,78.14150777046869,91.62941144615775,175.91416162664802,160.56181566296956,13.238370132962814,0.19303500947978697,0.5451821060293158,0.5452975034713745,0.5200642049312592,0.47993579506874084,0.4867817759513855,0.4730898141860962,-70.86705493058435,78.14150777046869,91.62941144615775,0.7925327695680388,0.07653565334926175
259,10.36,91.7366445068794,93.75463435329446,175.69819667494156,153.10751948820035,10.812446661372945,0.19934221584215187,0.5903182033047527,0.5449748635292053,0.5201081037521362,0.47989189624786377,0.4869276285171509,0.47285616397857666,-69.19924413568471,91.7366445068794,93.75463435329446,0.7963549860499122,0.06982900207031222
260,10.4,86.76824948240622,92.04794791250347,174.6215669062964,157.6505243332222,13.710428896504709,0.19908636757192547,0.558976503979296,0.5460858047008514,0.5201980471611023,0.4798019528388977,0.4870012402534485,0.4726026654243469,-69.28926896269415,86.76824948240622,92.04794791250347,0.7992201298475266,0.04269802544214279
261,10.44,91.95460761629401,91.30255377763024,175.3352044861461,158.2657778905816,9.677221149982984,0.20598105216421062,0.5605023367348372,0.5456386804580688,0.5199705362319946,0.48002946376800537,0.4876466989517212,0.47241222858428955,-68.25166340106148,91.95460761629401,91.30255377763024,0.8029081979484269,0.03264827246213796
262,10.48,77.35764050726968,90.86089249294778,176.4435668473306,160.44056658591475,11.473364714343404,0.2051690886173203,0.5582106770947548,0.5482332408428192,0.5202241241931915,0.47977587580680847,0.4875921607017517,0.47195959091186523,-68.08683315809277,77.35764050726968,90.86089249294778,0.8042922895966154,0.04087132277026713
263,10.52,73.57057184344336,90.10493088719001,177.5477098714671,167.27891748507489,12.310482615874605,0.2023008377622464,0.5166769071106063,0.5462594330310822,0.5200570821762085,0.4799429178237915,0.4878864884376526,0.4719993472099304,-68.32102172687063,73.57057184344336,90.10493088719001,0.8045306232842532,0.043761898484129716
264,10.56,68.05555709912674,93.08461907317817,178.07299087260708,165.21934521193924,14.34396897937998,0.19249296844579902,0.5099139114077291,0.5481306910514832,0.5206736624240875,0.4793263375759125,0.48645341396331787,0.4721992611885071,-68.80983557053555,68.05555709912674,93.08461907317817,0.8039234438628862,0.059383660897466314
265,10.6,67.08779814657797,91.91167167773257,177.6385737372983,151.69265730535884,13.590409949465396,0.19012552411625291,0.5619465444393261,0.547602653503418,0.5222818851470947,0.4777181148529053,0.48277437686920166,0.4726618528366089,-69.01732631714573,67.08779814657797,91.91167167773257,0.8032771637945464,0.05194629114499481
266,10.64,67.4420402694655,89.47982272664761,176.57234109364583,166.35630383432348,19.984994889234173,0.19073676058775677,0.511932582899934,0.5510779917240143,0.523316353559494,0.476683646440506,0.4806773066520691,0.47268998622894287,-69.70391994953874,67.4420402694655,89.47982272664761,0.8019895142678058,0.04971671665223935
267,10.68,66.67204883090702,89.28169489412805,177.49580885419746,165.89224742982864,23.6185092150169,0.19061608729150645,0.5428159334460101,0.5520671904087067,0.5238404273986816,0.47615957260131836,0.4791629910469055,0.4731561541557312,-70.03389830576845,66.67204883090702,89.28169489412805,0.8023152857115774,0.043925302792141116
268,10.72,66.66904618649721,86.8234520640797,176.4836399496102,162.53231252969977,29.41608618460728,0.1906490273491853,0.5321722941872736,0.5534131824970245,0.5245782434940338,0.4754217565059662,0.477569043636322,0.47327446937561035,-70.46256743232952,66.66904618649721,86.8234520640797,0.8016049220706477,0.0371191672514497
269,10.76,67.45673443428257,87.27861362349981,176.4738201930978,156.61765571138284,22.54356911815958,0.18862353552567915,0.5539231276953637,0.5526585876941681,0.5248779654502869,0.47512203454971313,0.4768449068069458,0.47339916229248047,-70.63268691466948,67.45673443428257,87.27861362349981,0.8011364494309281,0.022030677695093336
270,10.8,67.67985686782441,88.4342397856734,175.78052088965111,156.802454405653,20.390806913172952,0.18862041948551814,0.5490872123155403,0.5529900193214417,0.5248733162879944,0.4751266837120056,0.476611852645874,0.4736415147781372,-71.01491412822293,67.67985686782441,88.4342397856734,0.8010513082598195,0.021967622685735183
271,10.84,69.06149842105883,90.41402552654003,175.53511117449878,156.21884841559572,17.850956875848823,0.1876982872095485,0.5695132517980488,0.5535613000392914,0.5246642529964447,0.4753357470035553,0.47689324617385864,0.47377824783325195,-71.32152465568113,69.06149842105883,90.41402552654003,0.8016899675130844,0.0206202189295035
272,10.88,69.25084396427326,90.17824644463174,175.20410041759413,161.22701478736838,21.190227812933784,0.1881753000357781,0.5353869899520811,0.5546674728393555,0.5246258676052094,0.47537413239479065,0.47695761919021606,0.47379064559936523,-71.8430819883743,69.25084396427326,90.17824644463174,0.8021098804293256,0.020880488725676164
273,10.92,73.95569354140811,94.10571297621131,175.7617809323072,164.1541801799687,14.650380593011647,0.18707829581386867,0.5544690486636268,0.5555829703807831,0.5237522125244141,0.47624778747558594,0.4786818027496338,0.4738137722015381,-72.18698618387864,73.95569354140811,94.10571297621131,0.8032916897174084,0.0221441383135371
274,10.96,73.46819772547815,94.9007280986439,175.87533480780743,168.21184462416795,13.358607823315566,0.18615277599346902,0.5320083974232751,0.5563824772834778,0.5234246850013733,0.4765753149986267,0.4793244004249573,0.47382622957229614,-72.6944066323921,73.46819772547815,94.9007280986439,0.8031866238875822,0.024719699101743844
275,11.0,71.95957322066745,96.45851067518363,176.2868785591414,166.7049789904501,13.905492700943626,0.18549560682400568,0.5442267201779979,0.5569556951522827,0.523311972618103,0.476688027381897,0.4795594811439514,0.47381657361984253,-73.08134610910757,71.95957322066745,96.45851067518363,0.8029118139635433,0.022194113883676318
276,11.04,71.44475947156806,93.77226185002993,176.62775880067085,166.9750471882348,12.304523326649246,0.1858649717101381,0.5519730417978386,0.5580406486988068,0.5230204164981842,0.4769795835018158,0.480205774307251,0.4737533926963806,-73.29856685409558,71.44475947156806,93.77226185002993,0.8031659505584023,0.02627689845327743
277,11.08,70.51600386132954,94.74903247426651,176.5695225523611,172.54759839617418,14.614895565923007,0.18609891972707307,0.5008172876684898,0.5586415529251099,0.5229890644550323,0.47701093554496765,0.4803912043571472,0.4736306667327881,-73.76327975014863,70.51600386132954,94.74903247426651,0.8017883201440176,0.024593382062263722
278,11.12,72.70557874582371,97.89840725176414,176.98097219304339,171.29372207217344,10.91472194832869,0.18553692998826354,0.4871744413115908,0.5565844178199768,0.5226680934429169,0.47733190655708313,0.48103058338165283,0.4736332297325134,-74.18808239234717,72.70557874582371,97.89840725176414,0.8020844274398052,0.022367824551484505
279,11.16,72.2873254607847,102.99704341395925,177.09339061414593,174.3159763314818,11.386426746450383,0.185001552533256,0.5006247842220547,0.5564380884170532,0.5221615135669708,0.4778384864330292,0.48173099756240845,0.4739459753036499,-74.63205401891952,72.2873254607847,102.99704341395925,0.8001773379968874,0.019117412031881914
280,11.2,72.0729476035848,101.48449449711951,177.09831056578574,172.85088144376127,10.66576396322057,0.18473136474343352,0.49591558462357743,0.5563817620277405,0.5220343470573425,0.47796565294265747,0.48198050260543823,0.4739508032798767,-74.95704121201499,72.0729476035848,101.48449449711951,0.8002461176930051,0.020578695434448284
281,11.24,84.26046158458345,100.20217392697994,177.0833638706547,174.2811781452196,9.245953989150564,0.18554619487698218,0.5013938636492254,0.5560411512851715,0.5217056274414062,0.47829437255859375,0.48263490200042725,0.47395384311676025,-75.90462476464317,84.26046158458345,100.20217392697994,0.7989121752254891,0.021294467375315436
282,11.28,72.97921438481443,101.32210544934692,176.9291518487055,171.54701050040086,8.88586565117049,0.18468266918878073,0.5026462662897693,0.5551475286483765,0.5216804146766663,0.47831958532333374,0.4826451539993286,0.47399401664733887,-75.95939798398993,72.97921438481443,101.32210544934692,0.7971244797562108,0.03519454682505416
283,11.32,71.98165872085524,100.26736780629173,176.9215064372031,170.49155570533654,8.139126890099078,0.18462353882594937,0.5120230436493154,0.552923858165741,0.5215984880924225,0.4784015119075775,0.48262935876846313,0.4741736650466919,-76.04574115821127,71.98165872085524,100.26736780629173,0.7969115764805765,0.05886682531643814
284,11.36,76.45137967501606,99.65414009043602,176.6361305085095,171.56887453665814,6.647608639135484,0.18631762451577039,0.5073383443615311,0.5496831238269806,0.5222587287425995,0.4777412712574005,0.4825267791748047,0.47295576333999634,-76.05918525426225,76.45137967501606,99.65414009043602,0.7965394348809214,0.08115770468130755
285,11.4,82.87089316685349,98.16528094768348,176.2748163025597,170.1323981413113,4.692805350195158,0.188833259620645,0.529008109897714,0.5448386669158936,0.5227903425693512,0.4772096574306488,0.4825093150138855,0.4719099998474121,-75.97806245765751,82.87089316685349,98.16528094768348,0.7963708361441438,0.13668403419040986
286,11.44,80.50035330109536,96.46989000487004,176.0771372697584,169.6713648862863,4.838623898881224,0.18978523231754457,0.5337916229300387,0.5399142503738403,0.5230552852153778,0.4769447147846222,0.4824243187904358,0.4714651107788086,-76.06244619109714,80.50035330109536,96.46989000487004,0.7953390912576155,0.13062439813724602
287,11.48,95.17836095744829,97.99397476741275,175.5479521908983,169.00062997697447,4.07046389093162,0.19521289480643234,0.5565619945414634,0.5279150158166885,0.5230704545974731,0.47692954540252686,0.48297369480133057,0.47088539600372314,-76.37713895816985,95.17836095744829,97.99397476741275,0.7960243505058866,0.11522719851521925
288,11.52,82.16117027451764,94.61700157566769,174.98247246122034,168.77732820398137,3.9301394591760186,0.1932405267409147,0.5357496573158975,0.5269018411636353,0.523082971572876,0.476917028427124,0.4829602837562561,0.47087377309799194,-76.44742284198772,82.16117027451764,94.61700157566769,0.7961429664582917,0.09552798747196406
289,11.56,88.24195100923222,91.88341880098262,175.29825181866076,170.7051893337687,2.6927150128929895,0.19516129473489272,0.5184259118070839,0.5270186960697174,0.5232785940170288,0.4767214059829712,0.4830572009086609,0.4703856110572815,-76.37667105678965,88.24195100923222,91.88341880098262,0.7956725539583148,0.07221838335132973
290,11.6,85.12705174131291,92.72074665074172,175.9609583839314,170.49148211029643,1.8205353190831772,0.1937777892145829,0.5052233967804947,0.5279479920864105,0.5233691334724426,0.4766308665275574,0.48319947719573975,0.470062255859375,-76.3896919782937,85.12705174131291,92.72074665074172,0.794858198725816,0.019901019346935223
291,11.64,84.13981937318087,93.50955851454552,176.7225497188375,170.76428924359686,1.606741570234476,0.19290267857178675,0.4960046980950504,0.5282125174999237,0.5233169794082642,0.47668302059173584,0.4833076000213623,0.4700584411621094,-76.4263356283445,84.13981937318087,93.50955851454552,0.7933112626725977,0.024056442274555348
292,11.68,89.1337347184091,99.23602508517031,176.64373673264274,170.87646230408652,1.4337343666443587,0.19289355932854163,0.5019648734800825,0.5266882479190826,0.5231293737888336,0.4768706262111664,0.48366105556488037,0.4700801968574524,-76.45105781950227,89.1337347184091,99.23602508517031,0.7923558460492076,0.03270506337392296
293,11.72,86.39122602524498,99.80236001603355,176.60765573921495,170.48850223936165,1.2590009748832642,0.1914666028886932,0.5035769203907927,0.5248505473136902,0.5229730606079102,0.47702693939208984,0.48387283086776733,0.47018104791641235,-76.67504485911685,86.39122602524498,99.80236001603355,0.791482995856892,0.038715766201910085
294,11.76,85.0236662709346,100.7776486832583,176.7802621069096,169.72477996761396,0.8746461694354082,0.19051492415850765,0.5047286259387945,0.5228994190692902,0.5228141248226166,0.4771858751773834,0.4840150475502014,0.47035670280456543,-76.81618175175393,85.0236662709346,100.7776486832583,0.790267943658612,0.04236748987775729
295,11.8,91.50361350716156,99.85535780129548,176.4748246497119,170.05330629854288,0.4855151659321848,0.1904937041730377,0.5155685704929778,0.5207713842391968,0.5226317346096039,0.4773682653903961,0.4842306971549988,0.47050583362579346,-77.01243130212124,91.50361350716156,99.85535780129548,0.7903344572493525,0.0624836371679948
296,11.84,77.89784838222062,103.23834490729728,176.85141433071144,168.2186571904659,0.10168283566372338,0.18641272323790828,0.5108276211971786,0.5197714269161224,0.522628515958786,0.477371484041214,0.4842303395271301,0.47051262855529785,-77.15826415707696,77.89784838222062,103.23834490729728,0.7893776792016897,0.06235171979745181
297,11.88,75.82812328934577,99.72459377825166,177.2591752430207,169.75884799596966,0.3674006419019804,0.18633532103580094,0.5198754151021442,0.5149597823619843,0.5198445320129395,0.48015546798706055,0.4897567629814148,0.4705541729927063,-77.20401332916511,75.82812328934577,99.72459377825166,0.7895541626847151,0.05926412338644927
298,11.92,72.21858460267232,99.76613074941237,177.27276259019783,170.24449613869825,0.6723927717654874,0.18589657518297084,0.5013378405617314,0.5165504366159439,0.52072474360466,0.47927525639533997,0.4879836440086365,0.47056686878204346,-77.16426080123082,72.21858460267232,99.76613074941237,0.7883984927426685,0.13320614313729431
299,11.96,70.27800542360325,97.59554364633054,177.51119255731248,172.61322018535623,1.1099443389570638,0.18510570334644388,0.48432782587602574,0.5177600234746933,0.5213015377521515,0.4786984622478485,0.4868174195289612,0.47057950496673584,-77.20212321688824,70.27800542360325,97.59554364633054,0.7883497923612595,0.16599136171516654
300,12.0,65.0500759558285,93.17374643034488,177.6642045805062,172.73855240401085,1.1652000120737682,0.185658026437439,0.48535454082245,0.5346375703811646,0.5225578546524048,0.4774421453475952,0.48456263542175293,0.4703216552734375,-77.17433928055209,65.0500759558285,93.17374643034488,0.7868541998393608,0.13965682981416477
301,12.04,65.09070300171153,93.20814900648566,177.9381606755941,174.78320613445172,2.3432028272639798,0.18682669450944678,0.48705260902834197,0.542172372341156,0.5231367349624634,0.4768632650375366,0.48343414068222046,0.4702923893928528,-77.11932550964832,65.09070300171153,93.20814900648566,0.7863561583287788,0.1416853715209982
302,12.08,68.3623401825071,96.7018622639855,178.07597731153817,174.8679212499462,2.4317358532362334,0.18625343831295596,0.5000540924630386,0.542326956987381,0.5233845710754395,0.47661542892456055,0.4829300045967102,0.4703008532524109,-77.1099029588797,68.3623401825071,96.7018622639855,0.7857974923469804,0.14292224821346472
303,12.12,69.00435646365827,94.52994223981024,178.10968157719194,175.61846093700973,2.7691714306808137,0.18589002833438834,0.4916223807122967,0.5445494055747986,0.5234580039978027,0.47654199600219727,0.4828258156776428,0.4702581763267517,-76.90025705966137,69.00435646365827,94.52994223981024,0.7855476454803438,0.059598095466682995
304,12.16,79.43744979739874,95.06775599641936,177.53126842205214,174.96891318274245,2.0334170552568764,0.18662540560227542,0.4629986060612193,0.5429621040821075,0.5234365165233612,0.4765634834766388,0.48286598920822144,0.47026097774505615,-76.59807122322601,79.43744979739874,95.06775599641936,0.7852489370288271,0.026771103000342408
305,12.2,76.16082772236038,94.68475328161108,177.65010514405648,176.02066091841783,2.131460591867267,0.1875383973858374,0.4844018443794631,0.5431790947914124,0.5232943594455719,0.4767056405544281,0.4828800559043884,0.4705312252044678,-76.51990712565437,76.16082772236038,94.68475328161108,0.7857952718481873,0.030215606733174163
306,12.24,77.0781983706303,93.56060241969975,177.65859950100847,176.1986354495468,1.921972409866214,0.18849720897971664,0.4745978473462281,0.5441604554653168,0.5234365463256836,0.4765634536743164,0.4826495051383972,0.4704774022102356,-76.44079411249432,77.0781983706303,93.56060241969975,0.7857677733356302,0.021623036197042537
307,12.28,78.20801406572386,90.43255387536854,177.96158545998517,176.18086910154727,2.2654789992979545,0.18792022808012435,0.48313039027667676,0.5451308190822601,0.5235805809497833,0.4764194190502167,0.4825151562690735,0.47032368183135986,-76.4350405921002,78.20801406572386,90.43255387536854,0.7852743606675755,0.018487862502592736
308,12.32,77.76164894622988,92.03173038899457,177.9722504643188,176.26770786086067,1.815385213320667,0.18775922010037932,0.4788716104641663,0.5446355640888214,0.5236800611019135,0.47631993889808655,0.48234254121780396,0.47029733657836914,-76.4606635990785,77.76164894622988,92.03173038899457,0.7854059419848702,0.030365988030407538
309,12.36,68.24744255630006,89.6371355773234,178.31283490027994,176.33839281914533,1.8375477289706055,0.1859776368483348,0.4760286503264696,0.5455942451953888,0.5236224234104156,0.47637757658958435,0.4823245406150818,0.4704306125640869,-76.56822967696988,68.24744255630006,89.6371355773234,0.7850057557225227,0.026974426239592522
310,12.4,70.43958342324629,90.0889391918752,178.26868012636518,173.8658103680114,3.641027159770232,0.18591453850904963,0.49729812746335217,0.5482231676578522,0.5238018035888672,0.4761981964111328,0.48174941539764404,0.4706469774246216,-76.63280868673999,70.43958342324629,90.0889391918752,0.7843257310715589,0.026867323185526915
311,12.44,70.55809306015728,96.88597107988747,178.2169090592326,175.3480413686472,2.9786453056458413,0.1859216701755941,0.47510489307100473,0.5479719638824463,0.5236145853996277,0.4763854146003723,0.48184651136398315,0.4709243178367615,-76.79399092637367,70.55809306015728,96.88597107988747,0.7837648425589908,0.025380626387286307
312,12.48,68.1481951318159,88.9430773418164,177.8277661561049,174.5841376780032,4.981919718605241,0.18691679744049305,0.4783180453409656,0.5489314496517181,0.5236015319824219,0.4763984680175781,0.481412410736084,0.47138452529907227,-77.08062436010113,68.1481951318159,88.9430773418164,0.7830287540952364,0.02689658679795694
313,12.52,69.6283295396079,91.19836697165724,177.5380113326815,174.79697539803252,5.1977411142932795,0.1865938021435311,0.47954263619657894,0.5489463210105896,0.5233942568302155,0.47660574316978455,0.48175573348999023,0.47145575284957886,-77.20782915192996,69.6283295396079,91.19836697165724,0.7833710075779394,0.016626790815005597
314,12.56,69.39251976941648,92.23006226300043,177.52566085327854,171.38455536395156,8.94018655121343,0.18774839766916177,0.5104239811188143,0.5487706959247589,0.5221429169178009,0.4778570830821991,0.48207008838653564,0.47364407777786255,-77.53181396321857,69.39251976941648,92.23006226300043,0.7833328660238873,0.017758658980689002
315,12.6,69.30009080276623,92.1567007109345,177.27111915826592,171.6819023708584,9.025837241731864,0.18746314212464968,0.5453687374493661,0.5487803220748901,0.5215619206428528,0.4784380793571472,0.4821147918701172,0.47476136684417725,-77.60346169382251,69.30009080276623,92.1567007109345,0.7839119881391525,0.04629792161241053
316,12.64,69.92345925258842,92.40073455938338,177.45770256922123,173.1659267708145,7.911072641462141,0.18586396637465433,0.5209267061542279,0.5492399632930756,0.5212791264057159,0.47872087359428406,0.4823002219200134,0.4751415252685547,-77.57026253957957,69.92345925258842,92.40073455938338,0.7845224478479588,0.0602000254490445
317,12.68,74.29459642086111,91.38364361195168,177.16346403518776,174.9028039414318,7.517247177805331,0.18595325951765493,0.465588681170216,0.5558980703353882,0.5216315388679504,0.47836846113204956,0.4832618832588196,0.47347503900527954,-77.60561830305633,74.29459642086111,91.38364361195168,0.7849746217781847,0.0637752875644075
318,12.72,80.6617345369931,92.83765721172762,176.95539872909896,174.94361166879355,5.5809738873047365,0.18749450407199506,0.4375392597659496,0.558872401714325,0.5219193994998932,0.4780806005001068,0.48352134227752686,0.47263985872268677,-77.35883197131416,80.6617345369931,92.83765721172762,0.7849330319599672,0.06754282776668295
319,12.76,95.37204559214035,96.0785109998909,176.99600213528973,174.97837291760845,5.14760420334585,0.18961053941766168,0.4722025023870424,0.5570146441459656,0.5212383568286896,0.4787616431713104,0.4854482412338257,0.47207504510879517,-77.28188620570334,95.37204559214035,96.0785109998909,0.786011642127326,0.07022236366088877
320,12.8,83.70989701827924,96.34406243379068,176.76308238949144,175.12164717513917,5.140072718753714,0.1879785690243125,0.4694895028894102,0.5583477318286896,0.5213015377521515,0.4786984622478485,0.4856753349304199,0.4717215895652771,-77.05313597895146,83.70989701827924,96.34406243379068,0.7864972540374958,0.045076955149124326
321,12.84,106.42604228158547,93.80423100748851,176.53882963171108,175.06350118985586,3.0262527580607923,0.1939437520671383,0.4707898736977176,0.5580359697341919,0.5202721357345581,0.4797278642654419,0.4877738952636719,0.4716818332672119,-76.89041809099338,106.42604228158547,93.80423100748851,0.7879723782340685,0.030302988555653356
322,12.88,109.32751245326196,94.55318106856794,176.5795741681729,175.05546792945754,2.8324796556937315,0.1922062689702387,0.49921544371477994,0.5563977956771851,0.5202484428882599,0.4797515571117401,0.48798829317092896,0.47151482105255127,-76.75593467221675,109.32751245326196,94.55318106856794,0.7892034898201624,0.02207547479646016
323,12.92,95.66072129974111,94.56610122066223,176.5261871068852,175.4341405697167,2.4695829968364365,0.19172182008410013,0.49954735216606316,0.5563693940639496,0.5202307999134064,0.47976920008659363,0.488078773021698,0.47145962715148926,-76.6838101745368,95.66072129974111,94.56610122066223,0.790241474229278,0.016077282804323054
324,12.96,106.2459990083921,93.07168087694613,176.11125822979633,175.4142215402838,1.9237000313773365,0.19441563973542783,0.5020189671806371,0.5560362637042999,0.5202347636222839,0.47976523637771606,0.48811590671539307,0.47141456604003906,-76.6345113947996,106.2459990083921,93.07168087694613,0.7917147014628757,0.014441423643273065
325,13.0,98.20094403009094,93.84820422256031,175.48008166838807,175.37349740754368,1.95584663059293,0.19405156664044187,0.5040294372332715,0.5559021532535553,0.520249754190445,0.47975024580955505,0.48798614740371704,0.47151434421539307,-76.59774514872623,98.20094403009094,93.84820422256031,0.7927963785601385,0.008328064760967889
326,13.04,91.11774700815157,92.67495226647391,175.77640748014468,175.34127638200056,1.854678802988417,0.19292306784816526,0.5009897696542229,0.556645393371582,0.5203375220298767,0.4796624779701233,0.48781299591064453,0.47151196002960205,-76.50076537817529,91.11774700815157,92.67495226647391,0.7935109294273637,0.00934690599624061
327,13.08,108.36925128275573,92.7466429301324,176.01609443176002,175.37223440129367,1.6419479342743557,0.1945125261285974,0.5105966892393534,0.5562299191951752,0.5203246474266052,0.4796753525733948,0.4878489375114441,0.47150176763534546,-76.47233896964535,108.36925128275573,92.7466429301324,0.7944675539479111,0.02317437861294951
328,13.12,103.55021172690937,92.6720076759312,176.07151019052122,175.59051357096834,1.6287548333646384,0.19442322798235281,0.5179940997365201,0.556006133556366,0.5204032957553864,0.47959670424461365,0.48771530389785767,0.47147810459136963,-76.23917266383334,103.55021172690937,92.6720076759312,0.7954536753170418,0.03607151054769909
329,13.16,124.25740291003373,92.7887603759133,175.68647159498138,175.27162233658004,1.4221318173245834,0.20021756110674763,0.5344227270377201,0.552962452173233,0.5198222398757935,0.48017776012420654,0.48898452520370483,0.47137099504470825,-76.13352410760552,124.25740291003373,92.7887603759133,0.7971407935926409,0.033528762380574846
330,13.2,135.96477274908094,92.98820923969309,173.09684472009332,173.61351199896632,1.3671052253315281,0.21696651512686788,0.5092115418003422,0.5502837598323822,0.519383579492569,0.48061642050743103,0.48986566066741943,0.4713671803474426,-75.83706596474359,135.96477274908094,92.98820923969309,0.7982658281019239,0.03404540812787064
331,13.24,120.28657308965317,90.90406538504591,174.79700041501565,173.3640011762012,1.460311944429236,0.21114492434406687,0.5404048703196236,0.5505059063434601,0.5194740295410156,0.4805259704589844,0.48976320028305054,0.4712887406349182,-75.78655144337132,120.28657308965317,90.90406538504591,0.799786788270329,0.03444237754163301
332,13.28,108.14850470646606,91.49209125295046,175.0639285226615,173.97633847249196,1.5680310177791341,0.20431574689744236,0.5337511281126475,0.5510215163230896,0.5195332765579224,0.48046672344207764,0.4896569848060608,0.4712764620780945,-75.7249893950499,108.14850470646606,91.49209125295046,0.800656365625786,0.021430116543594852
333,13.32,122.14789316540444,92.05441601918912,174.97545964331076,173.74970531964334,1.0805279584719756,0.20386952630921262,0.5333454806632881,0.550814688205719,0.5192935764789581,0.48070642352104187,0.4902157187461853,0.47119712829589844,-75.7018085845368,122.14789316540444,92.05441601918912,0.8022320552757292,0.054135019205224136
334,13.36,118.19059087888208,93.18986983695657,173.69297125518537,174.32923230364472,1.5078927386054772,0.20805012822247332,0.5200878521528065,0.5503197312355042,0.5193286240100861,0.48067137598991394,0.4901639223098755,0.4711788296699524,-75.63616718603093,118.19059087888208,93.18986983695657,0.8041118654337797,0.06224170136861987
335,13.4,123.69825303991539,93.33919707008774,174.44061317905374,174.76120750694318,1.0629885896497626,0.20630591458264222,0.5355258973737923,0.5417623817920685,0.5158025324344635,0.4841974675655365,0.49679261445999146,0.47160232067108154,-75.59940922238435,123.69825303991539,93.33919707008774,0.8057753786896215,0.09809013637126729
336,13.44,127.8521448907694,91.76992781234368,173.46125387065624,174.44451561288986,1.539374457049803,0.20963516718914213,0.5205030172425665,0.5436215996742249,0.5158882141113281,0.4841117858886719,0.49668532609939575,0.471538245677948,-75.55186216031349,127.8521448907694,91.76992781234368,0.8072274632074616,0.10695093782145013
337,13.48,138.6365340260321,92.96470659122004,173.70841180181316,172.75654530742423,0.7433456854212181,0.21347387540820448,0.5145345463112543,0.5360087603330612,0.5148108899593353,0.4851891100406647,0.4986876845359802,0.4716905355453491,-75.26001587390704,138.6365340260321,92.96470659122004,0.8084714710712433,0.10591983955757625
338,13.52,138.2907015067624,92.27305030245358,174.62059524847066,174.29492378289913,0.2734185039683439,0.21297425078116378,0.516602622483258,0.5339592397212982,0.5144079327583313,0.4855920672416687,0.4996851682662964,0.471498966217041,-75.25000492544332,138.2907015067624,92.27305030245358,0.8097351164077268,0.06136248607639799
339,13.56,138.0192213891431,91.0271560936929,173.39651025275614,173.93495612167516,0.006264292827438567,0.21264945645501945,0.49899374900470306,0.5338764488697052,0.514130026102066,0.48586997389793396,0.5003562569618225,0.4713836908340454,-75.21222694514717,138.0192213891431,91.0271560936929,0.811082482789502,0.054585086756980594
340,13.6,136.61856855504178,92.36474297866432,173.94395137781356,174.39086556480032,0.24912870026076916,0.2112697725046482,0.504102822994777,0.5335624068975449,0.5142701417207718,0.4857298582792282,0.5001440346240997,0.4713156819343567,-75.19188532362084,136.61856855504178,92.36474297866432,0.8121425416885,0.024075498890415586
341,13.64,137.0707038186555,92.59511224510524,174.13990476326532,174.7042283778976,0.12651334623339494,0.2104132745116301,0.5004087434741952,0.5330636203289032,0.5141867399215698,0.4858132600784302,0.499988853931427,0.47163766622543335,-75.19298405361492,137.0707038186555,92.59511224510524,0.8130590689904762,0.016742382305770142
342,13.68,131.30015125932667,94.15610635465616,174.49897669566928,175.83829519084293,0.4245668144700687,0.2031642414875878,0.49923884099029386,0.5337729603052139,0.5156061351299286,0.4843938648700714,0.4972408413887024,0.47154688835144043,-75.24617153550666,131.30015125932667,94.15610635465616,0.8131357607516375,0.0821086792886711
343,13.72,116.67355788126238,96.76058999912509,175.02450840833436,176.87365375364993,0.44337434192388514,0.1975124766071869,0.4823870634742164,0.5339185148477554,0.5162110030651093,0.48378899693489075,0.49564576148986816,0.47193223237991333,-75.36590000135065,116.67355788126238,96.76058999912509,0.813332363737352,0.10743978670406386
344,13.76,94.59036938468188,94.42040671650395,175.89950360800148,177.27434316965414,1.0412068141169186,0.19499260162168514,0.5004104516167627,0.5470377802848816,0.5187528431415558,0.4812471568584442,0.4901145100593567,0.47237980365753174,-75.78317577523384,94.59036938468188,94.42040671650395,0.8127417020273932,0.1116119712971366
345,13.8,70.35058890781491,95.91367206394324,177.365669953494,172.5552705502296,4.6498627951428375,0.1856406876056021,0.49158284420755133,0.5515936017036438,0.5216706693172455,0.4783293306827545,0.48386603593826294,0.4727926254272461,-75.62308789506729,70.35058890781491,95.91367206394324,0.8120212083061537,0.11564052666890662
346,13.84,70.36344069616744,96.58190623848954,178.8867423394657,167.29601614769206,7.911119921693597,0.18220356927337567,0.5073344066453105,0.5504278838634491,0.5223318040370941,0.4776681959629059,0.48173922300338745,0.4735971689224243,-76.650553368673,70.36344069616744,96.58190623848954,0.8105517808686603,0.134147477037651
347,13.88,67.05324055138601,89.9864889450109,178.85254750598946,156.79600936440502,22.63392832789637,0.18637565778766763,0.5328311494079089,0.5480393469333649,0.5221944451332092,0.47780555486679077,0.47666579484939575,0.4789453148841858,-77.00463401299884,67.05324055138601,89.9864889450109,0.8088288113023295,0.10755911444199048
348,13.92,69.2781498219922,90.82628322344429,177.65173912144465,162.75361639893308,28.691819462050205,0.18620190933416936,0.5307835532812948,0.5437186360359192,0.522350400686264,0.47764959931373596,0.4766653776168823,0.4786338210105896,-78.20641913874017,69.2781498219922,90.82628322344429,0.8072665101199439,0.1569991929828871
349,13.96,68.44546079584087,89.82597508178817,175.0751125688891,156.79604233627688,61.73096175391345,0.19297993048597897,0.5567505499858578,0.53570157289505,0.5230270028114319,0.4769729971885681,0.4756971597671509,0.47824883460998535,-79.3926409878395,68.44546079584087,89.82597508178817,0.8063654581254179,0.2341097668444042
350,14.0,69.57463598712295,82.93594685597287,172.25716547576624,157.59351898765925,46.83238754506641,0.19285366446544763,0.465223438736429,0.5204076617956161,0.5226682126522064,0.4773317873477936,0.4766561985015869,0.47800737619400024,-80.14111597687867,69.57463598712295,82.93594685597287,0.8051593247236628,0.23734012210766064
351,14.04,65.92959086632128,82.08890071450043,170.61951432056702,162.0880324251222,38.28989354872414,0.1973402684646388,0.41382449658203996,0.5038923174142838,0.5198017060756683,0.48019829392433167,0.48246490955352783,0.4779316782951355,-81.23503902849853,65.92959086632128,82.08890071450043,0.8036207353526895,0.2752165203626933
352,14.08,66.13838348237113,79.63377123252906,167.65199412536452,161.01353997586415,55.34080931194035,0.20908623832339526,0.3907671589588368,0.5012627393007278,0.5213242471218109,0.4786757528781891,0.4794985055923462,0.477853000164032,-82.83562317905715,66.13838348237113,79.63377123252906,0.8023077454982381,0.26858073151778766
353,14.12,68.18323595472326,76.87175980015387,166.11159017959827,159.01135648890022,70.93291691915464,0.2002255658446389,0.33945921958452974,0.48943397402763367,0.5200351178646088,0.47996488213539124,0.47866421937942505,0.4812655448913574,-83.39947980773607,68.18323595472326,76.87175980015387,0.799101221742052,0.2150250885295045
354,14.16,69.48683314753352,74.23317423607237,163.6870065989513,155.52439475674512,67.95112191554789,0.21058002602538492,0.3589581389579218,0.48282983899116516,0.5212689638137817,0.47873103618621826,0.4773860573768616,0.48007601499557495,-82.97232298349927,69.48683314753352,74.23317423607237,0.7963762321706974,0.1753299402052061
355,14.2,71.0393078538985,78.93813666281925,159.53830238031313,149.49730639726954,165.48106447474555,0.20678704783455223,0.34723711855359507,0.47827525436878204,0.5218132436275482,0.4781867563724518,0.4758181571960449,0.48055535554885864,-82.84841362467387,71.0393078538985,78.93813666281925,0.7947762524991324,0.1847599484876122
356,14.24,68.72069057106981,78.01725240416286,154.95307281086562,143.03679583890445,5.585715079378446,0.20322439481141535,0.3500246953021793,0.4698757380247116,0.519111841917038,0.48088815808296204,0.4792821407318115,0.48249417543411255,-80.91912860059475,68.72069057106981,78.01725240416286,0.7940760207447138,0.15630455173323543
357,14.28,72.12289131619261,77.42613214548003,156.90320782800217,115.31130121919767,4.367342196231334,0.1980798487995814,0.4183599968366439,0.46538493037223816,0.5170909762382507,0.48290902376174927,0.4814607501029968,0.4843572974205017,-79.59355022507495,72.12289131619261,77.42613214548003,0.7941330725496466,0.14327317682823687
358,14.32,69.14026809079479,95.22474913559233,150.2969936966208,104.96701407800286,4.84142831928699,0.19114098772712307,0.40136023559495904,0.4594213515520096,0.5153671503067017,0.48463284969329834,0.4824426770210266,0.48682302236557007,-79.62933522455644,69.14026809079479,95.22474913559233,0.796681008104122,0.12548780433857354
359,14.36,68.6811979030661,105.53705253639447,157.71024117308585,93.39486210093757,8.565625884649364,0.19115109858530308,0.5137068137991178,0.4553976505994797,0.5145189464092255,0.48548105359077454,0.4830400347709656,0.4879220724105835,-79.30051363923002,68.6811979030661,105.53705253639447,0.8000291958451271,0.10171454724522415
360,14.4,67.6962642210457,110.30778554285119,153.54957683052356,94.17413056413665,10.320499199828731,0.1902948724845297,0.5615530890042915,0.45642173290252686,0.5146284103393555,0.48537158966064453,0.48265743255615234,0.4880857467651367,-79.61195134507777,67.6962642210457,110.30778554285119,0.8034418751344536,0.09458142994282916
