frame_index,time_s,lead_arm_angle_deg,trail_elbow_angle_deg,lead_knee_angle_deg,trail_knee_angle_deg,shoulder_hip_separation_deg,head_to_hip_midpoint_dist,stance_width_dist,wrist_mid_x,wrist_mid_y,hand_height_norm,left_wrist_height_norm,right_wrist_height_norm,torso_line_angle_deg,left_elbow_angle_deg,right_elbow_angle_deg,mean_visibility,wrist_speed_norm_per_s
0,0.0,88.69200230504899,71.21352687679986,58.81210886575163,60.522417339692495,5.919052373933482,0.8843951646820731,0.22185941451089494,0.5202954709529877,0.6077562570571899,0.39224374294281006,0.39588481187820435,0.38860267400741577,-89.8881472898684,88.69200230504899,71.21352687679986,0.9436788486711907,0.028737333437295048
1,0.03333333333333333,84.51506416399839,76.7542279451104,57.045225474094295,61.19375615603991,6.004463706680099,0.9591825477395513,0.2217669252698277,0.5201892256736755,0.6065264642238617,0.3934735357761383,0.39692169427871704,0.39002537727355957,-91.06615566538265,84.51506416399839,76.7542279451104,0.9427377744154497,0.023786186761783158
2,0.06666666666666667,101.10077748730855,95.02798443792196,60.63216752707394,67.11102494450178,7.121678536413469,0.8620228911374356,0.22344787835344868,0.5186187326908112,0.6060563027858734,0.3939436972141266,0.3978802561759949,0.3900071382522583,-91.3480841465438,101.10077748730855,95.02798443792196,0.9405767574454799,0.022997755038557693
3,0.1,95.41405605687893,81.29904238238787,67.1285413402113,65.58740180314005,6.422267192519371,0.8946239266788075,0.2280183540173273,0.5183466672897339,0.6061773002147675,0.39382269978523254,0.3976542353630066,0.3899911642074585,-90.0172016341466,95.41405605687893,81.29904238238787,0.9387816931262161,0.029956299217043382
4,0.13333333333333333,91.37712584361016,76.51325110867243,71.41928321341531,78.3919976655063,5.981330002523691,0.9148248177308467,0.22189339194288882,0.5177381336688995,0.6059180200099945,0.3940819799900055,0.3976350426673889,0.39052891731262207,-90.29404948347093,91.37712584361016,76.51325110867243,0.9388036059610771,0.02569548667565271
5,0.16666666666666666,98.44710693774222,83.57905207089058,72.47452461204394,82.43795175200236,5.548951816850604,0.8534998304222423,0.22436659562871372,0.5166138112545013,0.6056335270404816,0.39436647295951843,0.39798957109451294,0.3907433748245239,-90.19864153081203,98.44710693774222,83.57905207089058,0.9390880483569521,0.02228661168020766
6,0.2,93.98578295418496,79.6064833014228,72.8402776693417,74.29716354357328,5.41042804355061,0.8787783909673572,0.22141992471542107,0.5171325206756592,0.6057094633579254,0.3942905366420746,0.3979712128639221,0.39060986042022705,-90.493632967065,93.98578295418496,79.6064833014228,0.9391286806626753,0.0315737254220765
7,0.23333333333333334,87.07857644739292,78.70006295263859,70.88549591364384,70.83220893628744,4.931696035563164,0.8720853013778369,0.22123620744295994,0.5160676538944244,0.6055930256843567,0.3944069743156433,0.3979482650756836,0.390865683555603,-90.09732383126624,87.07857644739292,78.70006295263859,0.9406339887416724,0.03570833749504857
8,0.26666666666666666,75.06344127493875,76.75914926139443,72.85765691839488,70.1698940741858,4.865054541259724,0.8541267784836951,0.22037007621620416,0.5177172422409058,0.6047652959823608,0.39523470401763916,0.3994196653366089,0.39104974269866943,-87.9423824249031,75.06344127493875,76.75914926139443,0.9417916138966879,0.07006129365940357
9,0.3,76.74652549630626,80.72596321368842,76.59292344552661,72.10098708888009,4.9204671776636815,0.8622646720954347,0.2202653530108173,0.5163724273443222,0.604889839887619,0.395110160112381,0.39917904138565063,0.39104127883911133,-86.71299839005141,76.74652549630626,80.72596321368842,0.9423598051071167,0.10937128160273003
10,0.3333333333333333,73.62599540261861,81.2262780206215,74.27978103308729,74.86304643670285,4.848011960267172,0.7819913197045412,0.21919941675586213,0.520952045917511,0.5997484624385834,0.4002515375614166,0.4089428782463074,0.3915601968765259,-85.17855157354684,73.62599540261861,81.2262780206215,0.9411004890095104,0.10654640483310071
11,0.36666666666666664,77.23429716417887,82.83664613230745,82.28033677845458,79.74048679370259,5.826723038755063,0.7735183089453833,0.21636471295316875,0.5139030814170837,0.6003653109073639,0.3996346890926361,0.4070820212364197,0.39218735694885254,-85.91736170446337,77.23429716417887,82.83664613230745,0.9409792820612589,0.15835836800134204
12,0.4,75.14926537692835,79.69600616407524,78.64254189578409,78.90259990576519,5.9236312169265375,0.79609047550674,0.21638770313084468,0.5133040845394135,0.6004063487052917,0.39959365129470825,0.4065626859664917,0.3926246166229248,-85.94695778243258,75.14926537692835,79.69600616407524,0.9400631044850205,0.1718123766710639
13,0.43333333333333335,90.30284074871616,87.5498356946219,83.85053939687916,81.02255601596516,5.689117119639604,0.8130698841327908,0.21533797696711518,0.5028426200151443,0.6010449528694153,0.3989550471305847,0.4049761891365051,0.3929339051246643,-86.24668589773944,90.30284074871616,87.5498356946219,0.940249213666627,0.13785373052948194
14,0.4666666666666667,100.01684207745899,85.93033127530882,85.51478445570392,82.36345472947474,5.4265019570628965,0.8125121923331025,0.21430011902104354,0.4992699921131134,0.6006637811660767,0.39933621883392334,0.40400516986846924,0.39466726779937744,-86.19232273051703,100.01684207745899,85.93033127530882,0.9416720126614426,0.10182521152990678
15,0.5,91.13798875677016,84.27509177498575,85.26967893133713,80.71387922137608,5.0671359335343595,0.8489220771378311,0.21467004400150724,0.4988991320133209,0.6018317937850952,0.3981682062149048,0.401719868183136,0.3946165442466736,-86.46371487453679,91.13798875677016,84.27509177498575,0.9423246943589413,0.1023114685367972
16,0.5333333333333333,84.63888114159988,82.66057104352458,86.19969726737592,80.25951657860159,4.885873137368776,0.8651932391572493,0.21426802861345723,0.4998203366994858,0.6023783683776855,0.39762163162231445,0.40072160959243774,0.39452165365219116,-85.87434771221395,84.63888114159988,82.66057104352458,0.943025473392371,0.04071313717153686
17,0.5666666666666667,84.03883078917984,84.25748712590267,92.68265099763853,82.41407959222896,4.640692439368763,0.863436614795818,0.21396799405225808,0.49998700618743896,0.601717621088028,0.39828237891197205,0.4021056294441223,0.3944591283798218,-86.09106932525344,84.03883078917984,84.25748712590267,0.942754535964041,0.049947697431304186
18,0.6,86.6848081094566,85.40500563634411,88.44423044235221,80.25503961242444,4.4620254072382295,0.8729718390599089,0.2139930491482721,0.499774768948555,0.6016862094402313,0.3983137905597687,0.402213990688324,0.3944135904312134,-86.39650092453132,86.6848081094566,85.40500563634411,0.9420007756262114,0.05522933955449598
19,0.6333333333333333,83.38072276583488,85.97781054172145,86.72705750570168,78.99469447059202,4.3027134322004486,0.8409799617235859,0.21411347921618906,0.5048473030328751,0.6009072363376617,0.39909276366233826,0.4037100672721863,0.39447546005249023,-86.38058447808413,83.38072276583488,85.97781054172145,0.9431907859715548,0.05241657633927449
20,0.6666666666666666,86.94285121584993,83.79006244206734,83.54643237266802,77.41271605069362,4.22354278268574,0.8540592813683036,0.2135886053053277,0.5027415752410889,0.6008976995944977,0.3991023004055023,0.40358495712280273,0.3946196436882019,-86.3503913462992,86.94285121584993,83.79006244206734,0.9441003293702097,0.05021727967816777
21,0.7,86.46269588638272,87.27617909605154,81.9865454416614,73.30313145285432,4.064431195861289,0.892994157665238,0.2135547578513794,0.5021419376134872,0.6009548604488373,0.3990451395511627,0.40352827310562134,0.3945620059967041,-86.37766224764883,86.46269588638272,87.27617909605154,0.9437548247250643,0.06079191505025405
22,0.7333333333333333,83.80296614318276,91.59618980568678,81.74541137386893,73.92909613243941,3.4875314838100167,0.8953549160782679,0.2141597590368938,0.5024558305740356,0.6009799540042877,0.3990200459957123,0.4034997224807739,0.39454036951065063,-86.63806870076645,83.80296614318276,91.59618980568678,0.9429110740170334,0.03725459403986728
23,0.7666666666666667,86.50402539162043,89.0523559788307,80.19281324177112,73.49596942061011,3.263510813248672,0.9003731139411162,0.21461396056050674,0.5004901438951492,0.6011910438537598,0.39880895614624023,0.40308868885040283,0.39452922344207764,-87.02851766774324,86.50402539162043,89.0523559788307,0.9439003955234181,0.025202533218454126
24,0.8,86.1282074757413,81.96920762311828,76.10899992870192,73.01001587968285,3.2877075701294416,0.8969556857565588,0.21579084597237308,0.4997222274541855,0.6002570986747742,0.39974290132522583,0.4032471776008606,0.39623862504959106,-87.37155333331086,86.1282074757413,81.96920762311828,0.9429653449492021,0.02305102054993975
25,0.8333333333333334,83.61241619807701,79.278624028317,78.7246238495344,77.98548276201332,3.3295197947581983,0.8920345818579274,0.2154921783484091,0.49967193603515625,0.600174069404602,0.39982593059539795,0.40298497676849365,0.39666688442230225,-87.42416593365402,83.61241619807701,79.278624028317,0.9425522161252571,0.025241091684698035
26,0.8666666666666667,85.64928056587752,79.59349559562594,79.03020300805254,77.32292336635,4.122677636889307,0.862533762671213,0.2150713529028771,0.4996955841779709,0.5999314486980438,0.4000685513019562,0.40309953689575195,0.3970375657081604,-87.9309274280883,85.64928056587752,79.59349559562594,0.9433157949736624,0.01735952112571662
27,0.9,84.18071608031983,78.41853363782826,72.09286143104104,69.96614809658104,4.012778759990169,0.9111815159845913,0.21908821960668187,0.4991072863340378,0.5995905995368958,0.40040940046310425,0.40289103984832764,0.39792776107788086,-88.28086807751382,84.18071608031983,78.41853363782826,0.9443731452479507,0.030247324786631637
28,0.9333333333333333,83.95534363137496,79.33498570035337,65.14451825823055,68.44909310138931,4.382680235671046,0.8945027952227169,0.21898102204633324,0.4988141655921936,0.5989954769611359,0.40100452303886414,0.4031994938850403,0.398809552192688,-88.94634938457132,83.95534363137496,79.33498570035337,0.9447475599520134,0.039437014112137576
29,0.9666666666666667,77.57150246944327,77.92580340322498,68.41423051562728,69.26380592091367,4.625631894458593,0.833372685937415,0.21968056782490059,0.5009188503026962,0.5963800847530365,0.4036199152469635,0.40691572427749634,0.40032410621643066,-89.54031141110048,77.57150246944327,77.92580340322498,0.9449358528310602,0.047851175629943093
30,1.0,76.17932627347408,79.44332320593784,66.48424499655165,68.16880039611738,5.292630783452751,0.8448576307367284,0.22281745357614594,0.5021466463804245,0.5953099727630615,0.4046900272369385,0.40885984897613525,0.4005202054977417,-90.59348502769383,76.17932627347408,79.44332320593784,0.9449735446409746,0.059319437237000984
31,1.0333333333333334,84.94644998708715,77.62158250836713,68.19560290871976,67.85051445568244,5.306850712213304,0.9210434437467133,0.22178342203605028,0.5005346685647964,0.594976395368576,0.40502360463142395,0.4084323048591614,0.4016149044036865,-91.6206004849246,84.94644998708715,77.62158250836713,0.9451687444340099,0.05764451668330324
32,1.0666666666666667,95.35571230484666,82.50851794939042,70.40455063610418,67.36655465026075,5.109116884523019,0.9194729961332275,0.22197034882702985,0.49795426428318024,0.5947391986846924,0.4052608013153076,0.40832769870758057,0.40219390392303467,-91.2291365487945,95.35571230484666,82.50851794939042,0.9453304626724937,0.04541004839477504
33,1.1,87.70341492456458,77.41663176067833,69.7335124220885,61.76258836889235,4.616558363537024,0.9953064095147846,0.23879778279399147,0.49812404811382294,0.5950838923454285,0.40491610765457153,0.4078184962272644,0.40201371908187866,-91.768156785552,87.70341492456458,77.41663176067833,0.9454931670969183,0.036937019585536926
34,1.1333333333333333,92.70883526281932,75.52804781305022,81.38063597704802,60.69897610354236,4.702269327696058,0.9624322925779827,0.26054352348574755,0.49687471985816956,0.5946640074253082,0.4053359925746918,0.40828216075897217,0.4023898243904114,-91.86568624217871,92.70883526281932,75.52804781305022,0.9451072523088166,0.03210776633276747
35,1.1666666666666667,90.22022281008478,78.56089248042797,74.08727316768702,62.26412420476573,3.698020750914452,0.995949244352386,0.23311810183959647,0.4966595470905304,0.5946880877017975,0.4053119122982025,0.40821558237075806,0.402408242225647,-91.9434914814208,90.22022281008478,78.56089248042797,0.9455561168266066,0.0192585092298498
36,1.2,88.66533225675212,77.1998437947777,76.63443671497154,60.31026615396225,3.8800620447574374,0.9850839476337183,0.2417425891781155,0.49749770760536194,0.5947601795196533,0.4052398204803467,0.4081076383590698,0.40237200260162354,-91.56514955558174,88.66533225675212,77.1998437947777,0.9460960138927806,0.03193803815123678
37,1.2333333333333334,85.62557595530022,79.70455031559851,71.87696115743506,58.94902214970166,4.534956988295676,0.9499616413137776,0.242371934638226,0.4977194517850876,0.5951514542102814,0.40484854578971863,0.4080280661582947,0.4016690254211426,-91.7528582018337,85.62557595530022,79.70455031559851,0.9448126717047258,0.02929601164926398
38,1.2666666666666666,91.82057986021552,77.26164481069729,76.31917264069384,65.04269813184793,4.6060423799829096,0.8167817827120814,0.2236014418591721,0.4974888414144516,0.5926646292209625,0.4073353707790375,0.4119887948036194,0.40268194675445557,-92.34366376960006,91.82057986021552,77.26164481069729,0.9445538015076609,0.034308363185183606
39,1.3,93.43398540962471,87.54803556787132,74.91462541509374,64.15027736317779,4.55110201852392,0.8631724472197008,0.21849301676528404,0.4966316670179367,0.5928531587123871,0.4071468412876129,0.41151660680770874,0.4027770757675171,-92.37316580407067,93.43398540962471,87.54803556787132,0.9447893735134241,0.03296949574873969
40,1.3333333333333333,83.3869560753031,82.25845904869834,78.12691311952582,66.19452158651664,4.551541179909577,0.8848209443332373,0.21848117517167867,0.49662837386131287,0.5939050614833832,0.4060949385166168,0.41026681661605835,0.4019230604171753,-93.08896189879857,83.3869560753031,82.25845904869834,0.9442097472422051,0.03754763892815501
41,1.3666666666666667,82.04374523731346,75.59318354176538,72.10424063275835,65.16819604824235,4.992622779002545,0.8909114359482052,0.2169979225654701,0.4970186948776245,0.5934257805347443,0.40657421946525574,0.4112457036972046,0.4019027352333069,-93.20469107287191,82.04374523731346,75.59318354176538,0.94387804739403,0.04866956414579071
42,1.4,76.18864437613934,79.64366803958619,76.33853763762069,70.15349372293265,5.3412684197953695,0.8666851740864979,0.21523111158904557,0.49809132516384125,0.5928598642349243,0.4071401357650757,0.4118193984031677,0.40246087312698364,-93.0326999060764,76.18864437613934,79.64366803958619,0.9447271571014867,0.0662150483700543
43,1.4333333333333333,86.86750634358079,79.0663418275897,76.47327143542091,72.08757049176359,5.109277656656786,0.8889034959767349,0.2134416080241964,0.4938456267118454,0.5938119888305664,0.4061880111694336,0.4097641706466675,0.4026118516921997,-93.03580707642652,86.86750634358079,79.0663418275897,0.9445782321872134,0.07725841828954855
44,1.4666666666666666,84.23059961764493,77.53678515744616,70.58149010780765,71.17466185997188,5.221422902148333,0.9030832528751952,0.21088075195241412,0.49004562199115753,0.5936916470527649,0.4063083529472351,0.4097158908843994,0.4029008150100708,-93.83647770323944,84.23059961764493,77.53678515744616,0.9453128377596537,0.10365442657314945
45,1.5,80.87829942856551,80.94615452171588,69.29420341283581,71.93325825240242,4.675937475154569,0.9313468102187774,0.212606671489836,0.48715320229530334,0.5936746597290039,0.4063253402709961,0.40957725048065186,0.40307343006134033,-93.25804228189983,80.87829942856551,80.94615452171588,0.9453286980137681,0.10875632357494999
46,1.5333333333333334,84.35207039982927,78.73319997540881,71.14079649611784,70.85900557716096,3.8618713340210604,0.9552987141689303,0.21170980396231734,0.4821378290653229,0.5938188433647156,0.4061811566352844,0.40938758850097656,0.4029747247695923,-92.56681312285292,84.35207039982927,78.73319997540881,0.9456207427111539,0.09686833689074027
47,1.5666666666666667,81.77017074475899,83.4265624656103,74.09442878115402,71.27277442741263,3.6112206464015344,0.9457028722753336,0.21115088061837375,0.4800979197025299,0.5935105085372925,0.4064894914627075,0.4101497530937195,0.40282922983169556,-92.10622724640251,81.77017074475899,83.4265624656103,0.9452407811627244,0.07725534043264168
48,1.6,82.7150713569991,85.27649954394026,73.23320634980625,70.07723515465361,2.9386854610491184,0.9384437504554642,0.21015149034972655,0.477748841047287,0.5938233435153961,0.4061766564846039,0.41010963916778564,0.4022436738014221,-92.53387490586644,82.7150713569991,85.27649954394026,0.9455097570563807,0.06353853432384717
49,1.6333333333333333,78.32617506097584,87.27538129730519,85.74772601372021,77.52967558932428,2.7884302457784997,0.9233557250829943,0.20900805474872364,0.4772421419620514,0.5936577320098877,0.4063422679901123,0.41063815355300903,0.4020463824272156,-92.94198465251225,78.32617506097584,87.27538129730519,0.9455079075061914,0.03371184912878391
50,1.6666666666666667,83.71237450321901,86.52421454630088,85.91450856762103,75.73802081087024,2.9214297649535297,0.928392877251027,0.21017668292520875,0.47664158046245575,0.5935742557048798,0.40642574429512024,0.41078853607177734,0.40206295251846313,-92.90987272358038,83.71237450321901,86.52421454630088,0.9454042189048998,0.025739065111380882
51,1.7,77.0789510765628,84.34023845158792,77.40342939751048,70.41284589080566,2.864482757627883,0.9299467751288809,0.21227823672063537,0.4765990674495697,0.5935558378696442,0.40644416213035583,0.41086167097091675,0.4020266532897949,-93.18527411637703,77.0789510765628,84.34023845158792,0.9455142960403905,0.01567375005696499
52,1.7333333333333334,74.96839428789377,81.34685187433611,74.16088776869152,68.12711004557308,3.3199534966102817,0.9487961558231398,0.21699045911617915,0.4763414263725281,0.5942434370517731,0.40575656294822693,0.40976935625076294,0.4017437696456909,-93.2137805010049,74.96839428789377,81.34685187433611,0.9448233571919528,0.01881254280152998
53,1.7666666666666666,76.3937613885161,80.60555724567229,73.294237728778,67.8244092218321,3.431528125394834,0.9545066793756561,0.2169641823160782,0.4757051318883896,0.5945161283016205,0.4054838716983795,0.409249484539032,0.40171825885772705,-93.16324787832973,76.3937613885161,80.60555724567229,0.944773630662398,0.01780627004098639
54,1.8,80.67959895422516,82.22893488867551,71.55476166720912,66.67202267102743,3.741636092418503,0.9543153691294975,0.2165930515620062,0.47464993596076965,0.5944698750972748,0.4055301249027252,0.40917181968688965,0.4018884301185608,-93.04843581318598,80.67959895422516,82.22893488867551,0.9449029926097754,0.02731621410572265
55,1.8333333333333333,79.78988964818858,85.33474389496386,71.85308405186305,66.8508930598223,4.024791066108264,0.933394719860743,0.22511118820782855,0.47422096133232117,0.594561368227005,0.405438631772995,0.409121572971344,0.401755690574646,-93.00822118536296,79.78988964818858,85.33474389496386,0.9446456703272733,0.3405873799685234
56,1.8666666666666667,79.73021565602053,82.11284119591305,73.5788055798235,70.03211341709951,4.285138433691031,0.8935823926593517,0.21675959246567988,0.47567933797836304,0.5938303768634796,0.4061696231365204,0.4100682735443115,0.40227097272872925,-92.88844973182009,79.73021565602053,82.11284119591305,0.9445626537005106,0.3901426044132858
57,1.9,60.6626760627954,81.63568040929682,70.02951290372003,73.10790936354948,4.466618177456212,0.8926484936583243,0.22078678169613275,0.5252078026533127,0.5751160681247711,0.4248839318752289,0.4471316933631897,0.40263617038726807,-92.51769843071006,60.6626760627954,81.63568040929682,0.9444539709524675,0.5834869398963021
58,1.9333333333333333,65.1031774298764,80.13730164235452,67.17044265851253,69.05369121679679,4.816934202221205,0.922299258705848,0.22196032437156002,0.5180785655975342,0.5805292725563049,0.41947072744369507,0.4363206624984741,0.402620792388916,-92.59719515984249,65.1031774298764,80.13730164235452,0.9419944268284421,0.5978377208703266
59,1.9666666666666666,74.4991399101363,78.5444587192014,69.30822199149056,68.96168336213407,5.262719460031121,0.9129150582107788,0.21960629553489408,0.4858899414539337,0.5889831781387329,0.4110168218612671,0.4194989800453186,0.4025346636772156,-92.43468907695873,74.4991399101363,78.5444587192014,0.943035779577313,0.5935319278630619
60,2.0,66.17550510816484,75.89939245387511,65.40186859285917,67.94399593490316,5.2009327677136525,0.8762750592598677,0.21544297535463913,0.4884514808654785,0.5877791047096252,0.41222089529037476,0.4215008020401001,0.4029409885406494,-92.4514427930454,66.17550510816484,75.89939245387511,0.9450817288774432,0.30137746618756156
61,2.033333333333333,66.80196209540634,78.40036523618913,70.62808589227242,72.52651460537088,5.37879353515541,0.8503867391882304,0.21673168693292008,0.4875493347644806,0.5876343250274658,0.4123656749725342,0.42133480310440063,0.4033965468406677,-92.60912938066232,66.80196209540634,78.40036523618913,0.9452793291120818,0.24971613033390322
62,2.066666666666667,69.83074768697503,79.48508034505535,74.92488698267972,74.43115117083326,5.54718254608872,0.8705409095390428,0.2160493434001702,0.48346078395843506,0.5888082087039948,0.41119179129600525,0.42031341791152954,0.40207016468048096,-92.44059243405542,69.83074768697503,79.48508034505535,0.9458789193268978,0.09397844040890865
63,2.1,75.36435281422274,81.71291469742,74.06195758930656,74.81321779541116,5.632135184637718,0.8971411759317048,0.21561209379642005,0.4831340163946152,0.5889065563678741,0.41109344363212585,0.42013341188430786,0.40205347537994385,-92.64808458078248,75.36435281422274,81.71291469742,0.9452762278643522,0.2014384198060822
64,2.1333333333333333,75.92950282048544,79.92247502821064,66.60883545148523,69.51506725985256,5.692674575307365,0.9001569142938808,0.2171197407816286,0.4763585031032562,0.59168741106987,0.40831258893013,0.41505712270736694,0.40156805515289307,-92.75688511134945,75.92950282048544,79.92247502821064,0.9452402013720889,0.30749977417865704
65,2.1666666666666665,65.87424877069087,80.04631769476975,66.97861077704125,69.01148310453377,5.8367654562166535,0.9086567344745972,0.21742564844052342,0.49653099477291107,0.586867094039917,0.413132905960083,0.4262828230857849,0.3999829888343811,-92.92465714844282,65.87424877069087,80.04631769476975,0.9445280143708894,0.2866911920310052
66,2.2,76.47190819918477,81.08062104943271,69.23541224541488,70.58435800044005,5.729374379883325,0.8945516364385694,0.21704341482996078,0.4787917882204056,0.592428594827652,0.407571405172348,0.41506659984588623,0.4000762104988098,-93.0265956015455,76.47190819918477,81.08062104943271,0.9451812433473992,0.37980469495164687
67,2.2333333333333334,70.19365496322156,81.9933469527377,69.17149023483802,72.69402239190987,5.41843509405021,0.8948846302924239,0.21997217535853894,0.4795573651790619,0.5926049947738647,0.40739500522613525,0.41493451595306396,0.39985549449920654,-92.4992358482842,70.19365496322156,81.9933469527377,0.946359224391706,0.3432700505032568
68,2.2666666666666666,63.134295306912804,78.58524923296591,69.74083125230807,73.88418748202365,5.4646353717078,0.8564061429724792,0.21692793341043565,0.4950976222753525,0.5894355773925781,0.4105644226074219,0.4213772416114807,0.39975160360336304,-92.30791143135569,63.134295306912804,78.58524923296591,0.9473109353672374,0.3430158980407377
69,2.3,62.1314255128341,78.70419050168965,68.62574954824521,70.94692917751574,5.565012904390187,0.8603247033138718,0.21786990534689363,0.49389560520648956,0.589152604341507,0.41084739565849304,0.4221131205558777,0.3995816707611084,-92.67777857459984,62.1314255128341,78.70419050168965,0.9483121814149799,0.24485263663065945
70,2.3333333333333335,68.97566185820807,79.34985383298934,69.05394872181301,71.71288760342414,5.4362841054140745,0.8574040503558282,0.213607903780851,0.47374434769153595,0.5938787460327148,0.40612125396728516,0.41264665126800537,0.39959585666656494,-92.8242131341303,68.97566185820807,79.34985383298934,0.9475567106044653,0.24567760721348517
71,2.3666666666666667,75.55134170865867,80.09926765153214,68.29918904184323,70.51697863576997,5.271996784211524,0.8649273903197441,0.21434419877330615,0.47154541313648224,0.5942499041557312,0.4057500958442688,0.41209840774536133,0.39940178394317627,-92.96616611531203,75.55134170865867,80.09926765153214,0.9480617317286405,0.1936325690183398
72,2.4,72.2644180302811,77.09003598458975,66.97409212542907,72.12670400886938,5.114913667067981,0.8203080864501593,0.21490955575753615,0.47236157953739166,0.5938185751438141,0.4061814248561859,0.41234004497528076,0.40002280473709106,-92.85384366141267,72.2644180302811,77.09003598458975,0.9486565499594717,0.20320082641381615
73,2.433333333333333,80.84777670132122,74.41926221031348,66.02806354443811,69.48991113744928,5.231772741699501,0.8309931381836074,0.2138094144933635,0.4654018431901932,0.595607578754425,0.40439242124557495,0.40841376781463623,0.40037107467651367,-92.76207716883421,80.84777670132122,74.41926221031348,0.9498810623631333,0.08724791237520578
74,2.466666666666667,83.35652956602169,77.83264838714689,65.33121763643096,69.61103229151061,5.326259855225771,0.840806211827888,0.2144793587952556,0.4627467095851898,0.596585750579834,0.403414249420166,0.4063810706138611,0.40044742822647095,-92.66534872400418,83.35652956602169,77.83264838714689,0.9496170282363892,0.09046791608146657
75,2.5,82.3028518317575,78.185350983084,65.42285229197178,69.32869939795971,5.481682946805449,0.8433917209964209,0.21470220234042012,0.46156010031700134,0.5958958864212036,0.4041041135787964,0.40642672777175903,0.40178149938583374,-93.07687116145533,82.3028518317575,78.185350983084,0.9486715035005049,0.08961015360782222
76,2.533333333333333,87.85557504915724,77.15453324704559,67.3376997767364,68.6283666050023,5.328376126567036,0.8402523340812785,0.21333034677756857,0.45880062878131866,0.5960958302021027,0.40390416979789734,0.40601783990859985,0.4017904996871948,-93.21313129569754,87.85557504915724,77.15453324704559,0.9495044910546505,0.048165275339139606
77,2.566666666666667,87.86919010782297,78.38746094462259,70.16681030367387,72.95458210062988,5.524010081211145,0.800348631352553,0.21446172531511185,0.45802050828933716,0.5961047410964966,0.4038952589035034,0.40579289197921753,0.4019976258277893,-93.04201740725911,87.86919010782297,78.38746094462259,0.9484903848532474,0.034994692217297625
78,2.6,80.56025351280425,79.38398542463533,69.46607324223491,68.18217734959374,5.631906761327286,0.880493682455266,0.21475095921701298,0.4578014463186264,0.596276730298996,0.40372326970100403,0.40569013357162476,0.4017564058303833,-93.00744634370467,80.56025351280425,79.38398542463533,0.9481220895593817,0.03514953851998978
79,2.6333333333333333,80.78917495202373,78.92760342873011,70.73154750501152,68.86056100006208,5.476453245470452,0.9156838765839276,0.21693266846798973,0.457173153758049,0.5963651835918427,0.40363481640815735,0.40545594692230225,0.40181368589401245,-93.45538508800797,80.78917495202373,78.92760342873011,0.9471224438060414,0.027469373857148673
80,2.6666666666666665,82.01615573085051,77.03033965499561,75.57865643580058,73.91516592603993,5.549622242946384,0.9119395705903115,0.21473368856257935,0.4557752162218094,0.5964003503322601,0.40359964966773987,0.4053923487663269,0.40180695056915283,-93.06878989756596,82.01615573085051,77.03033965499561,0.9469193147890496,0.03945243717898193
81,2.7,82.47804720074637,76.15981156597061,74.92188968957461,73.31196962880077,5.124661477876543,0.8957853674441766,0.21620846675639885,0.4543111324310303,0.5966585576534271,0.4033414423465729,0.40530961751937866,0.4013732671737671,-93.20161520438006,82.47804720074637,76.15981156597061,0.9468488350059047,0.04196673754215568
82,2.7333333333333334,82.52894739050632,77.44531183204812,70.81964612204449,70.5176366612918,5.176173587648236,0.8712058436569936,0.2159318505355083,0.45155350863933563,0.5969889760017395,0.4030110239982605,0.40495413541793823,0.40106791257858276,-93.34889935746538,82.52894739050632,77.44531183204812,0.9468478415951584,0.04116385771461469
83,2.7666666666666666,79.86226583761018,78.587650719873,74.5344010602054,73.54906014031594,5.155692806431944,0.8233407823478234,0.21814976143699402,0.4515923261642456,0.5962924957275391,0.40370750427246094,0.4063776731491089,0.401037335395813,-92.73011326055476,79.86226583761018,78.587650719873,0.9450374624945901,0.05724316713064146
84,2.8,79.39337955620121,77.65464368895807,75.89899787978973,76.2751900111439,5.441089345931005,0.8323386893740053,0.21751932154695747,0.4512205123901367,0.5959571897983551,0.4040428102016449,0.40706413984298706,0.40102148056030273,-93.17709895601371,79.39337955620121,77.65464368895807,0.9434722571661978,0.054118819887386024
85,2.8333333333333335,90.40642300572246,76.4620068763131,72.65287141979283,73.24007035061204,5.454105794339171,0.8337854456440753,0.21585762827211855,0.44717147946357727,0.5964446067810059,0.40355539321899414,0.40607208013534546,0.4010387063026428,-93.39939249563169,90.40642300572246,76.4620068763131,0.9425805789051633,0.041172695418546804
86,2.8666666666666667,89.69051910701468,73.44131481753683,77.32560971444697,76.52632797860647,5.503592131201458,0.8629801317293644,0.21503643993955812,0.44766516983509064,0.5972748696804047,0.40272513031959534,0.405082643032074,0.4003676176071167,-93.57886835599771,89.69051910701468,73.44131481753683,0.9420937426162489,0.04139784916610572
87,2.9,83.78608264208232,80.55076311821601,78.02740702179813,76.33203091880569,5.400520348064333,0.8126703524304646,0.2168696962884106,0.44704610109329224,0.5972477793693542,0.40275222063064575,0.40513378381729126,0.40037065744400024,-92.83114606502815,83.78608264208232,80.55076311821601,0.9404476646221045,0.04158365244865619
88,2.933333333333333,83.73105189522674,78.59421406719855,79.16361635953302,76.88721575905305,5.286298283271577,0.8318436177587831,0.21796014855796295,0.4475548714399338,0.5977783501148224,0.4022216498851776,0.4050987958908081,0.3993445038795471,-93.26996735382502,83.73105189522674,78.59421406719855,0.9386743000059417,0.020159788287331497
89,2.966666666666667,84.77214762608152,75.60269256316128,81.02714468971075,78.62589218698102,5.364383573000225,0.8180070769698691,0.21469312188262332,0.4475354105234146,0.5983096361160278,0.40169036388397217,0.4040323495864868,0.3993483781814575,-93.22517895699647,84.77214762608152,75.60269256316128,0.9393382018262689,0.015361751267995128
90,3.0,84.25881990489036,81.79287221287215,79.73297418909902,74.1122944369636,5.258832080819104,0.8637538734940342,0.21774182662895358,0.4470319300889969,0.5983743369579315,0.4016256630420685,0.403914213180542,0.39933711290359497,-93.1926063969284,84.25881990489036,81.79287221287215,0.9386227564378218,0.012305153926028177
91,3.033333333333333,83.38630349603507,81.58893979910758,81.96767514735117,75.26062645460217,5.268010514610296,0.8605495764451314,0.2201697189319655,0.44719672203063965,0.5983521342277527,0.4016478657722473,0.4039621353149414,0.3993335962295532,-93.23796510187671,83.38630349603507,81.58893979910758,0.9374351880767129,0.011851108096858218
92,3.066666666666667,82.51309843599807,82.91365590839692,80.9242240833872,73.55347090735677,5.2196356092108545,0.8650253592811403,0.21820030762259163,0.4473060220479965,0.598337858915329,0.401662141084671,0.4039856791496277,0.39933860301971436,-93.27185814101908,82.51309843599807,82.91365590839692,0.9371724851203688,0.011626732598552781
93,3.1,83.29495208319348,78.95513174186229,78.96342402751128,72.96488047829725,4.893956596952762,0.9072605413484734,0.2162106183119887,0.44769400358200073,0.5988710522651672,0.40112894773483276,0.4033186435699463,0.39893925189971924,-93.33615145214928,83.29495208319348,78.95513174186229,0.9380055033799374,0.014006497140986191
94,3.1333333333333333,84.61966618062655,77.3965169185943,82.24824043301084,73.63137556809747,4.9065691900511865,0.891231926265217,0.21789213037666424,0.44779616594314575,0.59935462474823,0.40064537525177,0.40263354778289795,0.3986572027206421,-93.30741359540899,84.61966618062655,77.3965169185943,0.9372329422921846,0.014226209375726263
95,3.1666666666666665,81.3214745167263,78.26324363780984,81.39762568389203,73.72539426660558,4.996801678187239,0.8872610257279798,0.2170388876499636,0.44867731630802155,0.5995576977729797,0.40044230222702026,0.40235936641693115,0.3985252380371094,-93.29325291400956,81.3214745167263,78.26324363780984,0.93696769620433,0.01895394424992955
96,3.2,81.34100315412476,79.43525704025173,81.68083594539105,74.44066448478561,5.179198059072178,0.8937823915156256,0.21434241328569786,0.4484810531139374,0.5996091663837433,0.4003908336162567,0.40238791704177856,0.39839375019073486,-93.47647990473642,81.34100315412476,79.43525704025173,0.9381595831928831,0.020082318968159676
97,3.2333333333333334,82.33474826089474,81.75318582648046,80.73109880085875,72.05129446176187,5.3827836542925525,0.8904968908558795,0.21990663572853958,0.4487989693880081,0.6004492044448853,0.39955079555511475,0.40188682079315186,0.39721477031707764,-93.43550980770623,82.33474826089474,81.75318582648046,0.9384807077321139,0.019922031786109906
98,3.2666666666666666,77.71320389593009,82.18785232007335,79.5469399857827,72.91962452948293,5.3018195703772335,0.879628567912778,0.21686901844345413,0.44944140315055847,0.6010019183158875,0.39899808168411255,0.4019209146499634,0.3960752487182617,-93.28747560261533,77.71320389593009,82.18785232007335,0.9379874178857515,0.014832848917211627
99,3.3,87.86228881800466,76.17613252779623,76.48120035900641,72.64198294661279,5.329313632177218,0.8625968318928123,0.212909764885377,0.449287548661232,0.6014434099197388,0.39855659008026123,0.4010195732116699,0.39609360694885254,-93.19243857018263,87.86228881800466,76.17613252779623,0.9389691750208536,0.018330185516719808
100,3.3333333333333335,86.45546464055302,77.2190013012831,78.04537107401262,74.51145106740758,5.3095158494212455,0.8630172028666665,0.2134266191601727,0.44923780858516693,0.6014175713062286,0.39858242869377136,0.4010504484176636,0.39611440896987915,-93.20051756558885,86.45546464055302,77.2190013012831,0.9395319566582189,0.014075628519065787
101,3.3666666666666667,87.2605972178437,78.19287689526794,79.56439550037992,76.4494544936218,5.379306313556526,0.8299126536990621,0.21286775686292939,0.4484545588493347,0.6014806926250458,0.3985193073749542,0.4008837342262268,0.39615488052368164,-93.17537379176841,87.2605972178437,78.19287689526794,0.9390552694147284,0.012141026470253518
102,3.4,82.6436681650368,78.26582245401994,79.69898771276762,76.39592453723978,5.364522315859745,0.8127125263616591,0.21346269710296886,0.4482661485671997,0.6014967262744904,0.39850327372550964,0.400821328163147,0.3961852192878723,-93.12212828237409,82.6436681650368,78.26582245401994,0.9393149578210079,0.015452785041276673
103,3.433333333333333,84.15697588148045,76.76711217579194,78.92786030352183,75.54715847182699,5.135546184171631,0.8456968241842859,0.21419959825950308,0.4485553950071335,0.6019349098205566,0.39806509017944336,0.39991438388824463,0.3962157964706421,-93.21077453493076,84.15697588148045,76.76711217579194,0.9400222536289331,0.016127151530000924
104,3.466666666666667,83.28717714037191,76.72119954023248,74.26578915459483,73.08687447454352,5.181199126292654,0.7945014041990895,0.2131355491577272,0.4494875520467758,0.6023477613925934,0.3976522386074066,0.39985811710357666,0.3954463601112366,-93.25140293688104,83.28717714037191,76.72119954023248,0.9399980685927651,0.013963726430388774
105,3.5,83.25735357889803,78.10193684430274,73.419445141898,72.26746018415346,5.068539666608956,0.8082024356493801,0.21409398462423304,0.4493964910507202,0.6024894714355469,0.3975105285644531,0.399694561958313,0.39532649517059326,-93.27483666725345,83.25735357889803,78.10193684430274,0.9404870380054821,0.0168595243406044
106,3.533333333333333,84.91193378312597,72.52535094556964,74.5240468492141,73.10856791135092,5.099972353189287,0.8572498771812098,0.213068098565035,0.44952450692653656,0.6028949618339539,0.39710503816604614,0.3990437984466553,0.395166277885437,-93.29739689563893,84.91193378312597,72.52535094556964,0.9413203037146366,0.02390797703188139
107,3.566666666666667,84.94857346410421,77.05795901912101,78.32343613002124,76.4510363366699,5.2174398448002535,0.8260726641764659,0.21256165830988674,0.4501868337392807,0.6030069291591644,0.39699307084083557,0.39889973402023315,0.395086407661438,-93.24862952585934,84.94857346410421,77.05795901912101,0.9405446504101609,0.04420600398094796
108,3.6,78.4376655719497,76.44747961728274,76.26997935632598,74.47656959808809,5.384563164243616,0.8256223274146153,0.2126363436492316,0.4518715590238571,0.6032326817512512,0.3967673182487488,0.3987184762954712,0.39481616020202637,-93.34791158540659,78.4376655719497,76.44747961728274,0.9397742188338077,0.04912934063139259
109,3.6333333333333333,76.08697560263194,78.65982713576786,74.65139671975648,66.58399236482029,5.481498499136649,0.8066855536678577,0.23399407804559497,0.4562728703022003,0.6033348143100739,0.39666518568992615,0.39949047565460205,0.39383989572525024,-93.57612486770299,76.08697560263194,78.65982713576786,0.9387338089220452,0.0509038738572627
110,3.6666666666666665,83.75704190511678,75.22172880611993,74.90968867764815,67.0655487570543,5.219948667895153,0.8603425944599626,0.21226510415413713,0.45621323585510254,0.6043220162391663,0.39567798376083374,0.39845728874206543,0.39289867877960205,-93.48810385611662,83.75704190511678,75.22172880611993,0.9396520022189978,0.04756538265216157
111,3.7,81.72512103006876,76.4750752768888,74.08976578486312,67.69056144465846,5.192877250236279,0.8553487564864333,0.2112153121389089,0.4554939717054367,0.6043716371059418,0.3956283628940582,0.39832061529159546,0.392936110496521,-93.50810847458597,81.72512103006876,76.4750752768888,0.9403133428458011,0.04335907468060214
112,3.7333333333333334,84.58724312947598,79.20345692514391,72.50537047302707,69.8695315497526,5.632550648809115,0.7706402406464948,0.2113644224205023,0.45538023114204407,0.6043905913829803,0.39560940861701965,0.3982342481613159,0.3929845690727234,-93.46909950536347,84.58724312947598,79.20345692514391,0.940419816609585,0.020761786755620352
113,3.7666666666666666,81.31265486730402,78.56855398937911,72.55412120071279,70.60521090887543,5.570009691631981,0.7953869389274563,0.21203834361985094,0.4544500559568405,0.604754239320755,0.395245760679245,0.39753735065460205,0.39295417070388794,-93.22800026138052,81.31265486730402,78.56855398937911,0.9401376969886549,0.019450754123992987
114,3.8,79.2063621767578,79.16456461060912,72.56222021384188,70.30496232683241,5.531873432316274,0.7905238339624938,0.21428267569011572,0.4541245102882385,0.6053009331226349,0.3946990668773651,0.39706307649612427,0.39233505725860596,-93.03847977183793,79.2063621767578,79.16456461060912,0.939474262974479,0.047956004556653484
115,3.8333333333333335,78.6170896411417,79.05151315561521,73.74844213869426,72.11440958280154,5.384874704838808,0.7918395938141397,0.21302247531901686,0.45344647765159607,0.604934960603714,0.395065039396286,0.3977632522583008,0.39236682653427124,-92.98290948300733,78.6170896411417,79.05151315561521,0.9387016133828596,0.07139965614091744
116,3.8666666666666667,73.86105524183552,78.22024405748861,71.66884256986557,71.28309080206922,5.467852925166767,0.7917199137543852,0.2154103808867457,0.458862766623497,0.6041571795940399,0.3958428204059601,0.39940500259399414,0.392280638217926,-93.04818792780551,73.86105524183552,78.22024405748861,0.9385720906835614,0.0820423370187325
117,3.9,69.22001782299428,81.74892594610472,70.6608611082682,68.89879676947568,5.476130080999724,0.7407514626682103,0.2148859432423556,0.4619075804948807,0.6015284359455109,0.39847156405448914,0.40483278036117554,0.39211034774780273,-93.17947512023368,69.22001782299428,81.74892594610472,0.9392903392965143,0.08547207735446605
118,3.933333333333333,73.95270135962757,79.49801592511133,72.93215875651244,68.61056170774351,5.422969034993713,0.7670958994882006,0.21512024367483398,0.459758922457695,0.6032806038856506,0.39671939611434937,0.4014701247215271,0.39196866750717163,-93.62567030136093,73.95270135962757,79.49801592511133,0.9369913989847357,0.08369954595711099
119,3.966666666666667,77.84218393935967,79.56176379124298,75.12655832440986,71.09336642718027,5.4337914566363,0.7796207636764839,0.21415432982334726,0.458660364151001,0.6037828028202057,0.3962171971797943,0.4010225534439087,0.39141184091567993,-93.69161365787983,77.84218393935967,79.56176379124298,0.9381311210719022,0.05183632393347774
120,4.0,78.9991717836333,78.67029427697057,74.5573488364447,71.13023871710664,5.576986872313427,0.7892924988188113,0.21363270858257774,0.4581854045391083,0.6037932336330414,0.3962067663669586,0.4009866714477539,0.39142686128616333,-93.78908141639995,78.9991717836333,78.67029427697057,0.9376592888976588,0.04351377835354135
121,4.033333333333333,74.34050816341039,79.7727889109773,75.37850370476502,71.84538807922763,5.602448754246666,0.7895199001013778,0.2144894960511955,0.4583407789468765,0.6038365960121155,0.3961634039878845,0.40108585357666016,0.3912409543991089,-93.84978140154094,74.34050816341039,79.7727889109773,0.9369544711979952,0.052939204033148494
122,4.066666666666666,74.32171004685699,80.40206552656959,75.89761473776856,68.97903262278683,5.812219069741104,0.7783701612589405,0.22347356161188606,0.4609387665987015,0.6033935546875,0.3966064453125,0.4020942449569702,0.3911186456680298,-94.09242945959033,74.32171004685699,80.40206552656959,0.935812877886223,0.060310836056173926
123,4.1,77.22804051978761,80.39907103155396,76.52338608560336,67.69983055642109,5.761350066330124,0.8303960461429069,0.22498761341811402,0.45694030821323395,0.6050899028778076,0.3949100971221924,0.3992467522621155,0.3905734419822693,-94.25714588255885,77.22804051978761,80.39907103155396,0.9351766434582797,0.06497467553692043
124,4.133333333333334,81.18064038237189,79.34565269004301,79.90496293553238,64.01107247624101,6.048526185847322,0.8482954876188572,0.22386965830167446,0.4546811282634735,0.6060024201869965,0.39399757981300354,0.3977324366569519,0.3902627229690552,-94.35027371638232,81.18064038237189,79.34565269004301,0.9351921876271566,0.104316165516151
125,4.166666666666667,78.96608595940668,79.68673976468794,79.75194037836182,63.47490419260985,6.451778476862842,0.8362865141600625,0.22204889575009387,0.45342935621738434,0.6059633791446686,0.3940366208553314,0.39779627323150635,0.3902769684791565,-94.38048491389662,78.96608595940668,79.68673976468794,0.9350041963837363,0.11073971122149467
126,4.2,72.18405012822453,78.18805424845371,80.08684490582903,69.81990889987851,6.502183598043985,0.7556626397903156,0.21577801452627535,0.458892822265625,0.6020537614822388,0.39794623851776123,0.40537190437316895,0.3905205726623535,-94.62199798576789,72.18405012822453,78.18805424845371,0.9345656416632913,0.15001148315038557
127,4.233333333333333,79.02191994738034,75.01735731777904,76.67237821679808,69.32352636519266,6.186374328600323,0.8435521758879121,0.2122824515457087,0.4564117044210434,0.6048067808151245,0.3951932191848755,0.3998696804046631,0.3905167579650879,-94.66476522101132,79.02191994738034,75.01735731777904,0.9352433302185752,0.14582965609708742
128,4.266666666666667,70.82284128303546,79.12417573665675,75.010009725353,72.61558492829248,5.982377683380832,0.8216630567981932,0.2142269089900257,0.466537207365036,0.6008020043373108,0.3991979956626892,0.40886443853378296,0.38953155279159546,-94.6545932244533,70.82284128303546,79.12417573665675,0.9340005228013704,0.17958871690161282
129,4.3,73.82697333955062,76.96634735438207,76.24906096974227,74.71725725326714,5.584352148970851,0.7937977359496906,0.21292579681097287,0.4660007208585739,0.6024567484855652,0.3975432515144348,0.4055749177932739,0.3895115852355957,-94.975473442778,73.82697333955062,76.96634735438207,0.9343524015311039,0.21812059291588295
130,4.333333333333333,74.45691266907941,77.49461285808694,72.42596774763805,65.68776912954017,5.589957004174096,0.8562327185527789,0.21432952500689684,0.45943258702754974,0.604500949382782,0.395499050617218,0.4024161100387573,0.3885819911956787,-95.51337099018386,74.45691266907941,77.49461285808694,0.9350118348092744,0.27591837182604256
131,4.366666666666666,88.24590188574756,75.16542937257749,79.94687851481201,58.91461291182502,4.240540653010157,0.8842754169146266,0.22642555944230416,0.44652317464351654,0.6069529056549072,0.3930470943450928,0.39790046215057373,0.3881937265396118,-96.92201628906521,88.24590188574756,75.16542937257749,0.9354196967500629,0.2795423299435414
132,4.4,100.07691915844767,70.1376781121537,79.10998184475126,54.74826436064559,3.692322182317838,0.8986640895067758,0.2250877226315914,0.43322476744651794,0.6079933643341064,0.39200663566589355,0.396140456199646,0.3878728151321411,-98.21507449304472,100.07691915844767,70.1376781121537,0.9372896461775808,0.3469107590281695
133,4.433333333333334,94.31056611176174,69.81990458217992,79.36574087773442,55.31744385715168,3.538094736185002,0.8867768355999085,0.22079923062613496,0.42184507846832275,0.6096011400222778,0.39039885997772217,0.39375030994415283,0.3870474100112915,-99.978439958712,94.31056611176174,69.81990458217992,0.9375700499072219,0.40537388131625435
134,4.466666666666667,100.7504584967174,69.95079735113963,87.15722001662971,51.05463390577753,3.1170834611977796,0.8390542562623536,0.25279944118294284,0.4088812917470932,0.6092862486839294,0.39071375131607056,0.3941683769226074,0.3872591257095337,-102.88422988505705,100.7504584967174,69.95079735113963,0.9386183294382963,0.444872690662612
135,4.5,142.19375803227123,64.38064788615775,93.78204480627116,63.59563158734318,1.5370178973925874,0.7148959188102412,0.2214935695815338,0.3933684229850769,0.6033141016960144,0.3966858983039856,0.3997027277946472,0.393669068813324,-104.34977148996559,142.19375803227123,64.38064788615775,0.9400342449997411,0.5113590266709863
136,4.533333333333333,123.9816524688262,58.40618061087471,88.88046373861823,51.355678258315535,1.0233079900512791,0.6947451286938744,0.22172772117806935,0.374337762594223,0.5981329679489136,0.4018670320510864,0.4048360586166382,0.39889800548553467,-105.23817013955353,123.9816524688262,58.40618061087471,0.9408963647755709,0.5701363017518988
137,4.566666666666666,134.16226716810073,57.824675842638754,104.36786222945578,49.65538316020669,0.6441608016402824,0.6213265803956547,0.23301501881656064,0.350354865193367,0.5935327410697937,0.4064672589302063,0.4094855785369873,0.4034489393234253,-107.11444539693915,134.16226716810073,57.824675842638754,0.9406724554119688,0.6353020480154273
138,4.6,126.88671756185711,53.74366334517476,106.67116546217062,42.55834694312956,0.3966003600398835,0.6847703749228267,0.2934137923302893,0.3318079859018326,0.5830813646316528,0.41691863536834717,0.417954683303833,0.41588258743286133,-107.42937611696138,126.88671756185711,53.74366334517476,0.9400039026231477,0.671136603090034
139,4.633333333333334,149.9105178931027,96.59409447743154,105.94659290810323,55.786894051050425,0.37106251054825634,0.4862282743025813,0.27914438907298944,0.311472088098526,0.5706615447998047,0.4293384552001953,0.4309157729148865,0.42776113748550415,-107.83829468233857,149.9105178931027,96.59409447743154,0.936459355282061,0.7134789304381847
140,4.666666666666667,157.84324590190081,144.424671407509,118.7925174928818,99.37302056364499,0.27009993175403224,0.4723950528814852,0.21570889615444308,0.2948921024799347,0.5553107857704163,0.44468921422958374,0.44292306900024414,0.44645535945892334,-109.09436164415575,157.84324590190081,144.424671407509,0.93128527655746,0.6493076777634482
141,4.7,157.29867577333044,106.21523446514632,126.39007353759222,100.72537813190128,0.39989234956834707,0.426170795569034,0.22534274283018263,0.2751287817955017,0.5372386872768402,0.4627613127231598,0.46564918756484985,0.4598734378814697,-109.8912007229829,157.29867577333044,106.21523446514632,0.929245159481511,0.7084083141750439
142,4.733333333333333,165.71519204556756,127.06993005948745,125.47151055881295,70.37044970734952,0.8013980685389583,0.49794146500588715,0.21667965353864557,0.2762072831392288,0.5235562324523926,0.4764437675476074,0.4811047315597534,0.4717828035354614,-110.12214095624151,165.71519204556756,127.06993005948745,0.9286847277121111,0.6211868901296645
143,4.766666666666667,165.6885733293869,156.3937628933406,132.28338709002577,88.85482219679997,0.3578312812756508,0.4240195944021553,0.22602532953339374,0.2667042538523674,0.49390271306037903,0.506097286939621,0.5038713812828064,0.5083231925964355,-109.10568869438006,165.6885733293869,156.3937628933406,0.9296208872939601,0.5545603993060854
144,4.8,160.62685594626558,164.290359663835,129.6870642942761,84.29746619470089,0.5667199916962886,0.3833674864025423,0.2303635193758824,0.266707181930542,0.48461104929447174,0.5153889507055283,0.513860285282135,0.5169176161289215,-107.1710775347657,160.62685594626558,164.290359663835,0.9302527832262444,0.5409365270008378
145,4.833333333333333,159.76462811398244,151.09222297216408,119.14286505412996,73.46909236795635,0.12905575419466686,0.40363049211210866,0.22691534774938488,0.26842646300792694,0.4732496440410614,0.5267503559589386,0.5298118591308594,0.5236888527870178,-105.90000048983696,159.76462811398244,151.09222297216408,0.9311432621695779,0.6166941413424439
146,4.866666666666666,164.02230830081385,155.0984064524554,119.25790213725563,82.70098487196756,2.470682425329329,0.3986801125668524,0.23419239655045246,0.27537664771080017,0.4497459679841995,0.5502540320158005,0.5556392669677734,0.5448687970638275,-106.35456241367315,164.02230830081385,155.0984064524554,0.9273682561787692,0.5348188815625192
147,4.9,163.58957030791882,161.13848721946982,109.41994730329255,97.99018983928207,6.0008856436021745,0.37210579784219955,0.2696556614813554,0.2810239791870117,0.4240070581436157,0.5759929418563843,0.5792998671531677,0.5726860165596008,-106.68747088327856,163.58957030791882,161.13848721946982,0.9269470048673225,0.699783600691596
148,4.933333333333334,163.00531042924214,158.57838732235098,105.14809174231895,100.10323596419097,3.9169014434872054,0.36342902658687465,0.2618136950827039,0.29680828750133514,0.43154799938201904,0.568452000617981,0.5691505074501038,0.5677534937858582,-105.65321599732098,163.00531042924214,158.57838732235098,0.924465562358047,0.8695823936701366
149,4.966666666666667,54.92204822277305,57.53903930464952,125.20432773695343,103.46977168013349,3.839904416378488,0.28314043658297194,0.2665596799629187,0.33321094512939453,0.4368433207273483,0.5631566792726517,0.560539722442627,0.5657736361026764,-104.8610919754845,54.92204822277305,57.53903930464952,0.9073820096073728,0.7618147227537748
150,5.0,147.88638398277374,107.36272365792537,115.69447351352336,105.19978663992138,2.2432299349075038,0.31604908534910464,0.254723291780172,0.3677862733602524,0.4171497970819473,0.5828502029180527,0.5790027678012848,0.5866976380348206,-103.15020568130818,147.88638398277374,107.36272365792537,0.8982615380576162,0.6242103505804513
151,5.033333333333333,50.123865218682,85.82094231694875,115.94094006684243,105.04129580632228,2.9268462569649785,0.23943779065061246,0.29222880678637364,0.3623569905757904,0.4134884625673294,0.5865115374326706,0.584036111831665,0.5889869630336761,-103.14887111021902,50.123865218682,85.82094231694875,0.8879868948098385,0.6209091410696544
152,5.066666666666666,68.51319542320705,137.92101445278354,118.09151437275645,104.04711564225117,3.4118496944697085,0.2416976821972001,0.2880303807209091,0.36138515174388885,0.4102124720811844,0.5897875279188156,0.5870540142059326,0.5925210416316986,-103.07999362860382,68.51319542320705,137.92101445278354,0.877047390648813,0.42834908882735817
153,5.1,53.42845861696234,154.14373732356177,118.92203714170977,103.87981582939376,5.013202178398956,0.2664981875739488,0.26465097947995,0.3677966296672821,0.42589546740055084,0.5741045325994492,0.570843517780304,0.5773655474185944,-103.59598816965378,53.42845861696234,154.14373732356177,0.8637581621155594,0.26028980677679475
154,5.133333333333334,37.475875237681926,139.10755920071665,131.10861317630167,112.80455319412255,4.948704231859381,0.21629189886969805,0.28910699210865476,0.3696250170469284,0.43021704256534576,0.5697829574346542,0.569965660572052,0.5696002542972565,-103.38290351196916,37.475875237681926,139.10755920071665,0.8549914305860346,0.3251385593298956
155,5.166666666666667,40.5022937412202,88.8885204672398,125.33092110655005,105.94981672353723,3.034165099514496,0.2502293792280333,0.27054837291139094,0.38134585320949554,0.43140290677547455,0.5685970932245255,0.5695973336696625,0.5675968527793884,-103.41202480224553,40.5022937412202,88.8885204672398,0.8465837953668652,0.35913660254026947
156,5.2,60.047749147273485,156.79492583914913,132.0072466529914,107.99460357786552,4.407391741833436,0.24285061217617485,0.28418408495487274,0.36887402832508087,0.4434737414121628,0.5565262585878372,0.5657199025154114,0.5473326146602631,-104.19824979765488,60.047749147273485,156.79492583914913,0.8382266931461565,0.46505699675438084
157,5.233333333333333,69.31099977553842,127.7633818010708,123.71369927271454,102.29765744669618,8.580190133849413,0.24581755165225783,0.3017320256185425,0.36492227017879486,0.4352949559688568,0.5647050440311432,0.5650483667850494,0.5643617212772369,-107.12870731973588,69.31099977553842,127.7633818010708,0.8329080216812365,0.5215710103681804
158,5.266666666666667,61.363928627745665,144.88811983189044,124.52393416251853,103.43734845679651,10.576053043674221,0.2477856125295053,0.3029187445376821,0.33187389373779297,0.4455278366804123,0.5544721633195877,0.5634482800960541,0.5454960465431213,-110.69095562054311,61.363928627745665,144.88811983189044,0.8278177046414578,0.5821911575457756
159,5.3,159.89496375659,147.45099678389715,113.15362949824845,102.29164724313546,7.441783762016172,0.4004312398186159,0.319935592206371,0.31858842074871063,0.44077083468437195,0.559229165315628,0.5625331401824951,0.555925190448761,-113.12056084409463,159.89496375659,147.45099678389715,0.8314694708043878,0.6785579434367954
160,5.333333333333333,165.01601025336703,158.32031172009025,100.38748815769966,90.68503882688721,10.522377205787109,0.4282485608811114,0.259439405012758,0.3120469003915787,0.46165430545806885,0.5383456945419312,0.5367526113986969,0.5399387776851654,-115.0964198252665,165.01601025336703,158.32031172009025,0.8398929437001547,0.9012745049082604
161,5.366666666666666,165.3442063917347,164.76808984293146,75.83568293953418,66.56323038199062,6.119569193453287,0.5439159048522435,0.252385720763352,0.2929360866546631,0.4890681952238083,0.5109318047761917,0.5146788656711578,0.5071847438812256,-116.9086663695774,165.3442063917347,164.76808984293146,0.8512588242689768,0.9988560901369443
162,5.4,156.59478706818342,160.4951126450855,59.71615585647091,41.53730271978266,3.955262681069712,0.7419494923888135,0.21284459943163056,0.2920370399951935,0.5352623164653778,0.4647376835346222,0.4662656784057617,0.46320968866348267,-116.19536445334249,156.59478706818342,160.4951126450855,0.8578774739395488,1.3873941282150957
163,5.433333333333334,141.05612028805274,151.6188837123086,81.82873807174948,50.915451943784284,3.0316636236992167,0.7922988259769923,0.2570744307468819,0.2969975620508194,0.585879772901535,0.41412022709846497,0.41067278385162354,0.4175676703453064,-111.09084397675527,141.05612028805274,151.6188837123086,0.8659601112206777,1.711493089810972
164,5.466666666666667,124.17735400323491,78.89853175232474,81.93422094765971,37.68533137972558,3.0190688551632547,0.9011503388716132,0.3323644694237743,0.3708484321832657,0.6135596632957458,0.38644033670425415,0.38500308990478516,0.38787758350372314,-104.3693557397847,124.17735400323491,78.89853175232474,0.8768870324799509,1.8985550656578651
165,5.5,85.89476124781451,68.624791857438,101.89491111868294,60.421965608939054,4.8022898820346995,0.9462381183105972,0.21755247264936128,0.44651710987091064,0.6194876432418823,0.3805123567581177,0.384097695350647,0.3769270181655884,-102.88051415684296,85.89476124781451,68.624791857438,0.8848223306915977,1.9536122772010907
166,5.533333333333333,50.05267741921586,101.71671009914377,95.27212295488954,90.36363859149347,5.639455104093912,0.7689260659256411,0.23482283005346236,0.5086128860712051,0.6016945838928223,0.39830541610717773,0.4041277766227722,0.39248305559158325,-98.92978595433202,50.05267741921586,101.71671009914377,0.8892718679977186,2.2542616691276667
167,5.566666666666666,136.74748516057764,137.99569385335087,98.61529994629757,100.81282964098554,8.335074321685426,0.6988438187171091,0.24441292119460317,0.5535901784896851,0.5693853795528412,0.4306146204471588,0.43544042110443115,0.4257888197898865,-97.48775577183314,136.74748516057764,137.99569385335087,0.8935065576524446,2.1423633421516044
168,5.6,71.1422495216165,125.86001606114563,67.08088616578493,108.55487846443772,5.213901280919117,0.4489954452975711,0.3121792898970302,0.6377595961093903,0.5136172771453857,0.48638272285461426,0.49205076694488525,0.48071467876434326,-96.73044173580348,71.1422495216165,125.86001606114563,0.8950516346729163,2.201500994294277
169,5.633333333333334,65.12124179995867,99.34721945089154,90.9082633843998,109.65322413310423,3.7014505232351382,0.3661772727418726,0.39064925285676566,0.602908581495285,0.4645090103149414,0.5354909896850586,0.5167044103145599,0.5542775690555573,-99.76518232958362,65.12124179995867,99.34721945089154,0.8934229666536505,2.015864491954326
170,5.666666666666667,154.78518930609715,105.04571121889953,81.7368660936986,92.16618086820014,1.7144358486781925,0.28721659448374487,0.3906278801807718,0.5527891218662262,0.394922599196434,0.605077400803566,0.5988549292087555,0.6112998723983765,-107.17093757938241,154.78518930609715,105.04571121889953,0.8975135214401014,1.8987830587543915
171,5.7,155.8599876341098,158.87032124508235,98.36640496327045,94.32859261921557,3.766851659641077,0.3739270699528894,0.4156386300822273,0.5205169022083282,0.385373592376709,0.614626407623291,0.6220373511314392,0.6072154641151428,-108.80184026317872,155.8599876341098,158.87032124508235,0.9001888578588312,1.4302992384015856
172,5.733333333333333,165.42805773717706,165.23404760740723,70.0547801670429,131.15394795945818,6.656675474905626,0.34320553094184775,0.26158360944865067,0.4898785352706909,0.4040182828903198,0.5959817171096802,0.6226700842380524,0.569293349981308,-107.11145732077861,165.42805773717706,165.23404760740723,0.9012757015950752,1.3116860326188828
173,5.766666666666667,150.9940104116316,159.0597358489341,118.01070552415435,96.45996029558576,7.952739693369352,0.3570677664881987,0.38093733959465126,0.4676815867424011,0.398438423871994,0.601561576128006,0.60404372215271,0.599079430103302,-109.58800778961013,150.9940104116316,159.0597358489341,0.897283597425981,0.8640848027870687
174,5.8,144.7108088499022,157.31329756831548,104.8886746663834,96.20022095329159,7.420734774963364,0.2937254875077872,0.3774780119162653,0.4276055246591568,0.40391990542411804,0.596080094575882,0.5959799885749817,0.5961802005767822,-112.2862615809652,144.7108088499022,157.31329756831548,0.8933597441875574,0.7115036232162236
175,5.833333333333333,162.75419567347092,167.55979535787145,100.97318582914374,101.84491190321903,6.285185872191363,0.3216970803090594,0.30705344663406403,0.41847729682922363,0.41033434867858887,0.5896656513214111,0.5919283926486969,0.5874029099941254,-114.13355261244588,162.75419567347092,167.55979535787145,0.8937105933825175,0.6238742898493294
176,5.866666666666666,157.6104871594534,169.90587393590948,101.2709014794462,123.29700940691927,4.792980455158073,0.3505569518774511,0.21641464593203086,0.42186644673347473,0.4178287535905838,0.5821712464094162,0.585493266582489,0.5788492262363434,-114.44911008116627,157.6104871594534,169.90587393590948,0.8926316662268206,0.4891985269835404
177,5.9,160.98552319363554,172.0144768731183,88.78987153553634,123.43053740838029,5.587696570182686,0.3397484117142239,0.20644769731476173,0.4354775547981262,0.4341612756252289,0.5658387243747711,0.5587835311889648,0.5728939175605774,-114.83499727572567,160.98552319363554,172.0144768731183,0.8949259049964674,0.25728889097747487
178,5.933333333333334,161.45668199384278,170.96532608975158,94.12062089894785,119.38707523486467,5.14034366395137,0.27201432192252867,0.19412951481036098,0.43507130444049835,0.43398821353912354,0.5660117864608765,0.5605238080024719,0.571499764919281,-114.77161147358612,161.45668199384278,170.96532608975158,0.8986893404613842,0.20092944730021806
179,5.966666666666667,164.91833229248195,171.05078461152922,90.81240310352486,118.78830948811782,4.739951283770438,0.3212999559026841,0.20200063966584975,0.4361925423145294,0.4353932589292526,0.5646067410707474,0.5597740113735199,0.5694394707679749,-113.95573155792177,164.91833229248195,171.05078461152922,0.9029647599567067,0.17262278230634054
180,6.0,163.65053913420365,168.20834109703335,76.14257084527578,113.09207145831142,4.059272943322952,0.34353947730405904,0.208678894410198,0.43655626475811005,0.43711869418621063,0.5628813058137894,0.5589357018470764,0.5668269097805023,-113.12931161382568,163.65053913420365,168.20834109703335,0.9073736902439233,0.10536142887523721
181,6.033333333333333,164.45816823176014,167.50998730323278,82.68009001421271,114.39324404623784,4.77434312710804,0.3497383408918923,0.21347260340856422,0.4395190328359604,0.43899576365947723,0.5610042363405228,0.5546524524688721,0.5673560202121735,-113.03138333621243,164.45816823176014,167.50998730323278,0.9117965553746079,0.21401677244656148
182,6.066666666666666,168.3719691255488,169.4533163139335,105.74432506425856,83.03812238138188,4.510796172704971,0.35960308760564974,0.26568178529835434,0.44852250814437866,0.4434620440006256,0.5565379559993744,0.5493583679199219,0.5637175440788269,-111.34731518584157,168.3719691255488,169.4533163139335,0.9148884867176865,0.2306406978676503
183,6.1,168.88728727808703,166.35344908775548,113.12903631784687,81.00432572763572,4.196869047036984,0.3715344227523494,0.3019058878401273,0.4670573025941849,0.4426915943622589,0.5573084056377411,0.5536894202232361,0.5609273910522461,-109.83703029441959,168.88728727808703,166.35344908775548,0.9162717208717809,0.28712107453129454
184,6.133333333333334,167.3406471992036,165.17887385741875,123.11597427054208,86.20924545789295,4.559344785309435,0.3819085761979104,0.3119767420462631,0.46946680545806885,0.43881046772003174,0.5611895322799683,0.5591338574886322,0.5632452070713043,-107.68206927482707,167.3406471992036,165.17887385741875,0.9152829394196019,0.3614859691954063
185,6.166666666666667,166.88757111202932,162.84264735310143,126.62750799707791,88.5051090248538,4.423224496265419,0.38096937016354115,0.3202478257948067,0.46949878334999084,0.44998717308044434,0.5500128269195557,0.5470137000083923,0.553011953830719,-106.15180849910566,166.88757111202932,162.84264735310143,0.9132424665219856,0.31880311901477154
186,6.2,162.58885133133018,163.0661493141187,137.95780930608223,90.19558235300374,4.166996765689561,0.339495704641585,0.34263719841112916,0.46574945747852325,0.4654403179883957,0.5345596820116043,0.5352957248687744,0.5338236391544342,-103.83182349069635,162.58885133133018,163.0661493141187,0.9081685940424601,0.25914649381830707
187,6.233333333333333,165.7057529994351,165.10918756970574,132.76260444818982,83.86969928731556,3.4436766287412297,0.32966828271732174,0.3423029557724883,0.46461181342601776,0.4681475758552551,0.5318524241447449,0.5344391465187073,0.5292657017707825,-102.67929801927681,165.7057529994351,165.10918756970574,0.9063352924404722,0.2618655700851216
188,6.266666666666667,167.18720649445797,163.92562829734086,124.79515189667194,91.41212552520726,1.7971425733596789,0.2801808355064363,0.3474372723218597,0.4730573743581772,0.4664830416440964,0.5335169583559036,0.5345941185951233,0.532439798116684,-101.63019929258996,167.18720649445797,163.92562829734086,0.9066891814723159,0.20347748885720318
189,6.3,167.08113568764733,165.54886461689682,132.25539969479183,91.68011123569148,0.4933630211397144,0.2851428628946651,0.36188865222030037,0.4698124974966049,0.47031520307064056,0.5296847969293594,0.5370438992977142,0.5223256945610046,-99.76275968982026,167.08113568764733,165.54886461689682,0.9077602931947419,0.12090730987877274
190,6.333333333333333,162.74143264613903,164.11462275584427,137.10382233811274,91.93026071710484,1.3658831753608354,0.2959736657796023,0.3371154673027523,0.4700097441673279,0.4717470854520798,0.5282529145479202,0.537827730178833,0.5186780989170074,-98.96284521966687,162.74143264613903,164.11462275584427,0.9080498688148729,0.19143839103650828
191,6.366666666666666,160.7230789712401,164.51420251334667,117.80358420572037,105.5070797143962,2.0825708473646785,0.2707196246820395,0.3045421701296785,0.46876418590545654,0.47000718116760254,0.5299928188323975,0.534958690404892,0.525026947259903,-96.70319678626291,160.7230789712401,164.51420251334667,0.9077354543136827,0.3129171947467028
192,6.4,139.25410762447618,130.22830836650658,134.24521312409615,112.39817569696682,3.070789010794499,0.2558523567465314,0.5308156332185988,0.4795144349336624,0.4800211638212204,0.5199788361787796,0.5150338709354401,0.5249238014221191,-95.94635493786512,139.25410762447618,130.22830836650658,0.9057351964892764,0.37271979736284616
193,6.433333333333334,144.3095515545617,34.6219890263372,136.70449447958023,101.09239183656648,3.41428721634918,0.23464821639772232,0.6593785934403602,0.4912896156311035,0.5063636600971222,0.4936363399028778,0.49439525604248047,0.49287742376327515,-92.14868702156225,144.3095515545617,34.6219890263372,0.9030224536404465,0.44449962278501237
194,6.466666666666667,160.54517837123117,127.44250050177916,160.03655894679238,80.7545207035794,178.1456267422058,0.22652308036103808,0.516465491700931,0.5055619180202484,0.5109415650367737,0.4890584349632263,0.47660696506500244,0.5015099048614502,-82.24693895486631,160.54517837123117,127.44250050177916,0.8873461177854827,0.47326486835899023
195,6.5,157.61462864680897,128.65864157930247,159.96880075187093,127.65219621540732,177.75861375966744,0.213836759003877,0.5166859832155566,0.510331928730011,0.5234731435775757,0.4765268564224243,0.46158307790756226,0.4914706349372864,-81.535845649254,157.61462864680897,128.65864157930247,0.874224066734314,0.49888748981615877
196,6.533333333333333,59.904366659388856,108.67127448085873,153.5225725387196,131.6505018005768,172.46624121615244,0.185735183287152,0.5524072884604723,0.5046932250261307,0.5275086462497711,0.4724913537502289,0.45568203926086426,0.4893006682395935,-83.4052839990642,59.904366659388856,108.67127448085873,0.8643562035127119,0.4157078666537537
197,6.566666666666666,161.52832321948202,122.42310492617534,159.1690132162342,137.75859063156568,177.16497877701153,0.2181416187053847,0.537829876177673,0.5084832459688187,0.5460882186889648,0.45391178131103516,0.44450628757476807,0.46331727504730225,-78.99645729247439,161.52832321948202,122.42310492617534,0.8527525582096793,0.35166662881963334
198,6.6,148.15931352983588,135.90174564519236,167.85546171622275,141.1882434460854,163.3928484445192,0.19625561751064902,0.6150195086032044,0.523460254073143,0.5454354584217072,0.45456454157829285,0.4445626139640808,0.4645664691925049,-79.79523531103528,148.15931352983588,135.90174564519236,0.843644504294251,0.3242355986880427
199,6.633333333333334,152.31473573325533,136.81730252584066,166.54109217307246,137.61163638148213,167.71975424676745,0.19623847019533347,0.6575327617271971,0.5196357369422913,0.5474334955215454,0.4525665044784546,0.4428166151046753,0.4623163938522339,-79.95208553401437,152.31473573325533,136.81730252584066,0.8363420529799028,0.3332008640578087
200,6.666666666666667,153.21436272759829,136.345070563818,168.85348700202115,139.28074375676033,166.1235336667642,0.19909370017018035,0.7402634680782798,0.5284667760133743,0.5471125245094299,0.45288747549057007,0.4437881112098694,0.46198683977127075,-79.58341414467205,153.21436272759829,136.345070563818,0.8307281732559204,0.27466167908675354
201,6.7,154.26200237942643,131.11018827723157,166.26978644693597,140.69677655794607,162.01091469422926,0.20041279963161274,0.7108624721137479,0.5271774679422379,0.5554415285587311,0.4445584714412689,0.4358435869216919,0.45327335596084595,-78.25731824883464,154.26200237942643,131.11018827723157,0.8267911049452695,0.22637796935754728
202,6.733333333333333,144.86524188421865,124.43646505490044,165.49033200580638,140.2515522732812,151.40411051977424,0.208968706010757,0.6508553719626952,0.5336727797985077,0.5619649589061737,0.4380350410938263,0.4285888671875,0.4474812150001526,-77.35838550110364,144.86524188421865,124.43646505490044,0.8234788703195977,0.25690788531879827
203,6.766666666666667,117.90349573989259,129.87993096124765,164.94549027422062,138.75413825242845,136.7931423607382,0.207651167806794,0.6334311438281882,0.5358865559101105,0.5685465633869171,0.4314534366130829,0.4223567247390747,0.44055014848709106,-77.23524842064126,117.90349573989259,129.87993096124765,0.8225996638789321,0.23393519114479772
204,6.8,58.9950206712191,133.70442101828218,166.21590715449173,139.05703436625527,139.46547568195507,0.20280744554752103,0.5996765009010763,0.5354242920875549,0.5779384970664978,0.4220615029335022,0.4149619936943054,0.429161012172699,-76.96692085794034,58.9950206712191,133.70442101828218,0.8227952235575878,0.221887690632979
205,6.833333333333333,69.48439124285997,120.63328498885222,169.24619176880998,127.51560227091201,153.71982284665356,0.2041189913553127,0.609618345227282,0.5306312143802643,0.5793901681900024,0.42060983180999756,0.41369593143463135,0.42752373218536377,-77.7865240025198,69.48439124285997,120.63328498885222,0.8219744183800437,0.1782586135634557
206,6.866666666666666,69.04990834831591,112.94177304895902,170.57395662627388,125.96229995110201,154.06186856666142,0.22712762924205274,0.6147789156514469,0.5258900821208954,0.5837193429470062,0.4162806570529938,0.409426748752594,0.42313456535339355,-79.38906964811962,69.04990834831591,112.94177304895902,0.8217813946080931,0.17391909745894713
207,6.9,59.52162166111222,106.54085531541615,171.80063568345759,135.03376618166723,150.88646273646006,0.2431227631927864,0.6000122256121094,0.5245584100484848,0.5851220488548279,0.4148779511451721,0.40938788652420044,0.4203680157661438,-80.18977875416374,59.52162166111222,106.54085531541615,0.8209804246822993,0.12978567880668695
208,6.933333333333334,57.15327824633765,87.67875333289345,173.50650024738576,148.1867402965086,82.46051900520118,0.26519541850727163,0.5295519020268743,0.5263088047504425,0.5791527032852173,0.4208472967147827,0.4197584390640259,0.42193615436553955,-81.19176580397135,57.15327824633765,87.67875333289345,0.8197769003384041,0.13539121031218196
209,6.966666666666667,56.2782325605045,103.42671285283251,174.25331779133273,144.2068033790193,30.633906726474606,0.28680975063219677,0.5588576932581532,0.528194010257721,0.5783531963825226,0.4216468036174774,0.4213756322860718,0.42191797494888306,-83.04963408947121,56.2782325605045,103.42671285283251,0.8175772618163716,0.10755333425564065
210,7.0,70.70549967679976,93.04898686158644,159.27508686970967,134.97097152689773,10.220244680227808,0.2829970952533114,0.47689589813516026,0.5256310701370239,0.5729919672012329,0.4270080327987671,0.43191808462142944,0.42209798097610474,-83.97779504430733,70.70549967679976,93.04898686158644,0.8163558371139296,0.12752740115372382
211,7.033333333333333,108.08297330845627,75.01766552562073,136.22181560440535,120.69692796242094,3.843206120622483,0.3043864895506122,0.40309030770055704,0.5242798030376434,0.5718323290348053,0.4281676709651947,0.43462681770324707,0.42170852422714233,-80.89636799558419,108.08297330845627,75.01766552562073,0.8207901246619947,0.13129596988609685
212,7.066666666666666,76.71405694386522,118.66320162002187,143.07883005178803,116.93227142307056,2.214653802771295,0.3660998226704194,0.42747114212546494,0.520471453666687,0.5754651427268982,0.4245348572731018,0.43379080295562744,0.41527891159057617,-79.60916811371291,76.71405694386522,118.66320162002187,0.8290598717602816,0.1256159784585479
213,7.1,89.12659775426232,129.27198208501179,139.10134818657212,109.48780961672492,1.2950971757579737,0.3870356502208556,0.4609911137293389,0.5140836089849472,0.5779352188110352,0.42206478118896484,0.43006378412246704,0.41406577825546265,-80.45963836688594,89.12659775426232,129.27198208501179,0.8411136287631411,0.1441690884580233
214,7.133333333333334,83.58238509087576,128.51449943976976,120.57832481455613,129.45264389155892,0.3939876539384386,0.5236461163184136,0.34119278599176567,0.5142489075660706,0.5790238082408905,0.4209761917591095,0.42691296339035034,0.41503942012786865,-80.7731022318484,83.58238509087576,128.51449943976976,0.8520931773113481,0.18518539075615087
215,7.166666666666667,75.47580504572664,124.41216498708052,121.00905094233337,131.90555285555317,0.0777269998747272,0.5243583650932366,0.29148731873131417,0.505297377705574,0.5802456140518188,0.41975438594818115,0.42350566387176514,0.41600310802459717,-81.9409310108989,75.47580504572664,124.41216498708052,0.8618248710126588,0.24119352751023332
216,7.2,94.11944188736047,132.4917247691913,112.386298962473,125.0385224484505,0.7564144913118866,0.5359554421163274,0.2708251173329109,0.4967111200094223,0.5809691846370697,0.4190308153629303,0.42094892263412476,0.41711270809173584,-82.40331805410992,94.11944188736047,132.4917247691913,0.8714417562340245,0.26177502455831725
217,7.233333333333333,60.73218172597026,114.64471313822625,119.79403393201852,121.59971340307027,0.17234649840889915,0.49511875790619253,0.2585761713745181,0.48211659491062164,0.5806576311588287,0.41934236884117126,0.42048126459121704,0.4182034730911255,-81.96120718720915,60.73218172597026,114.64471313822625,0.8800893308538379,0.3239795717039472
218,7.266666666666667,58.08066335987967,76.63699687556364,105.708623625774,116.42894932947465,0.3998897652535902,0.46390334313970527,0.2337078525190863,0.4718588590621948,0.5799962878227234,0.4200037121772766,0.4211874008178711,0.41882002353668213,-82.77979201449335,58.08066335987967,76.63699687556364,0.8885038675683917,0.32578018578312773
219,7.3,77.84556349852211,93.24176875764195,120.16881657942373,119.90225942346437,0.3969019193843053,0.44758714324960824,0.22856773369509847,0.4603917896747589,0.5801769495010376,0.4198230504989624,0.4205585718154907,0.4190875291824341,-83.80604943867799,77.84556349852211,93.24176875764195,0.8965467033964215,0.35727140511707894
220,7.333333333333333,67.3652470854739,92.25482347186149,113.88078174478542,111.10726444955287,0.4976859318728941,0.5691665115754276,0.21730947731590933,0.45108260214328766,0.5808656811714172,0.41913431882858276,0.42050206661224365,0.4177665710449219,-84.77168248319808,67.3652470854739,92.25482347186149,0.9034618500507239,0.3584356240388799
221,7.366666666666666,67.47115513676081,78.30312700571623,121.31647486329356,112.64597033892701,0.3106099702962979,0.5535311876610537,0.2149931884530898,0.43729168176651,0.5822992324829102,0.41770076751708984,0.4199379086494446,0.4154636263847351,-85.44520506613577,67.47115513676081,78.30312700571623,0.9096179857398524,0.3871816505120484
222,7.4,76.69357377279572,81.16254869095243,121.3579928599826,109.69153606525715,0.7080197004871991,0.5227989751837022,0.20686554470431442,0.4225448817014694,0.5834532678127289,0.4165467321872711,0.41838109493255615,0.4147123694419861,-87.90744117474205,76.69357377279572,81.16254869095243,0.9144533926790411,0.39038595212715854
223,7.433333333333334,87.49298932137563,83.85927055893143,132.73275220076604,108.28082663383535,1.0069583148776928,0.5207479673563941,0.21640623945881007,0.4075263738632202,0.5846984386444092,0.4153015613555908,0.4160808324813843,0.41452229022979736,-88.92319497172826,87.49298932137563,83.85927055893143,0.918988565603892,0.4137397247721975
224,7.466666666666667,82.69664289454457,82.66319929920682,132.53016126374106,115.36831177198826,0.8254420672075184,0.507018135745677,0.20546722568015605,0.39555826783180237,0.5856069922447205,0.41439300775527954,0.41500675678253174,0.41377925872802734,-90.59923995241022,82.69664289454457,82.66319929920682,0.9230876691413649,0.395277630812771
225,7.5,97.56724071937667,87.94326777782123,129.35330072602167,113.86920409424641,0.11126888964869863,0.4697166850095154,0.20833261370366776,0.38247475028038025,0.5875494480133057,0.41245055198669434,0.4136000871658325,0.41130101680755615,-90.98719285589294,97.56724071937667,87.94326777782123,0.9266859889030457,0.3785677789770855
226,7.533333333333333,101.4517846134089,87.59087167804954,130.41346718019557,110.02772295741168,0.5696074046638273,0.48695207193241596,0.21523201087714303,0.37214474380016327,0.5906601548194885,0.4093398451805115,0.4101954698562622,0.40848422050476074,-91.36438889272958,101.4517846134089,87.59087167804954,0.9294099952235366,0.32048629512774074
227,7.566666666666666,110.9785721891223,84.14086834073366,132.15996097315957,93.91191494225744,1.0958746311733591,0.4682807461576463,0.2255559838697509,0.3612164258956909,0.595633864402771,0.404366135597229,0.40503835678100586,0.40369391441345215,-91.20037010879899,110.9785721891223,84.14086834073366,0.9321053985393408,0.27432607226682815
228,7.6,90.42931858448479,73.29500199598664,130.03930319185565,93.427350606252,0.6277163412728726,0.5012606464380474,0.21299726540147113,0.35772620141506195,0.5997409522533417,0.4002590477466583,0.4023849368095398,0.39813315868377686,-92.94471055942066,90.42931858448479,73.29500199598664,0.9343891505039099,0.2039077607617102
229,7.633333333333334,74.54234967380424,66.78576298174238,131.51796989367452,77.12778797434487,0.5269047258215664,0.5510129097213989,0.22960484575325874,0.3541504293680191,0.6021457016468048,0.3978542983531952,0.40054851770401,0.39516007900238037,-93.35217814199574,74.54234967380424,66.78576298174238,0.9372664708079714,0.16562621130009345
230,7.666666666666667,70.09306021792223,66.86489952204118,129.84113796813628,77.48125486860394,0.5209359550764816,0.5684453187418126,0.24024191334854628,0.3533950001001358,0.6034306287765503,0.3965693712234497,0.39939868450164795,0.39374005794525146,-94.70336526305786,70.09306021792223,66.86489952204118,0.9389522689761538,0.11547764601996824
231,7.7,71.26277479506376,68.52946634747646,135.2257196818412,114.34899940055485,0.09143989316899592,0.4731833361285367,0.18751366380352394,0.3490060567855835,0.6030216813087463,0.39697831869125366,0.40108758211135864,0.3928690552711487,-96.21603532228502,71.26277479506376,68.52946634747646,0.9395664352359194,0.10712297808170977
232,7.733333333333333,76.55739381654196,85.0935609478005,138.73688707380856,132.63505143967586,0.6405813072904891,0.48043809856115455,0.17939473261057245,0.34596697986125946,0.6050410568714142,0.3949589431285858,0.3991241455078125,0.39079374074935913,-94.91006432367702,76.55739381654196,85.0935609478005,0.9406356540593234,0.0873574092481282
233,7.766666666666667,102.6324854425953,86.10765527998588,142.5709005683309,129.59598529066503,1.6136864455783666,0.44028085853743815,0.16736728327026665,0.34438903629779816,0.6087137758731842,0.3912862241268158,0.3918955326080322,0.39067691564559937,-94.97902292802866,102.6324854425953,86.10765527998588,0.9407356002114036,0.10613909077199213
234,7.8,98.609462553049,80.05404673859174,146.10818556452912,134.39714430287523,3.08089607725492,0.4555742835175274,0.1497486121746408,0.34338073432445526,0.60859814286232,0.39140185713768005,0.3912678360939026,0.3915358781814575,-96.08861144483308,98.609462553049,80.05404673859174,0.9404684919299502,0.11246288103565195
235,7.833333333333333,90.43598116224845,83.4077843945649,136.41895438092874,123.55220098822576,3.33840795640387,0.520131011604512,0.13439939751407107,0.3479823023080826,0.6081767678260803,0.3918232321739197,0.3922972083091736,0.39134925603866577,-97.00204868432273,90.43598116224845,83.4077843945649,0.9389875531196594,0.11576001335180458
236,7.866666666666666,91.48802954980489,81.52239645328409,136.05995490551996,118.74984544837375,3.4696211978275073,0.5163237450407977,0.1229004363536928,0.35342173278331757,0.6076816320419312,0.39231836795806885,0.39331454038619995,0.39132219552993774,-96.4582942509378,91.48802954980489,81.52239645328409,0.9395578593918772,0.10105219731078555
237,7.9,80.30649349288282,112.18513124642655,134.36529111260413,117.41104283333827,3.6510509084962735,0.5122067110165002,0.09653624935071708,0.3576183021068573,0.6078035235404968,0.3921964764595032,0.39381712675094604,0.3905758261680603,-96.7349666214668,80.30649349288282,112.18513124642655,0.9391204642527031,0.11913113241305122
238,7.933333333333334,81.78161656021257,120.54242447757423,141.62608481229503,127.6445215365613,3.9061307281074846,0.5321963880350128,0.08816385052853401,0.35911725461483,0.6074248552322388,0.39257514476776123,0.39532703161239624,0.3898232579231262,-96.77266812818748,81.78161656021257,120.54242447757423,0.9396346500425627,0.1073464530842507
239,7.966666666666667,77.5201867369115,103.13910167389173,150.21745349445914,142.35935357744955,4.602531541900106,0.5638024689718164,0.07463387446301971,0.363144114613533,0.6073262691497803,0.3926737308502197,0.3953947424888611,0.38995271921157837,-95.53549716063662,77.5201867369115,103.13910167389173,0.9394462397604277,0.09929835505394932
240,8.0,84.55852011283055,92.0195580995735,155.78354232781214,145.5283869209344,4.63307144524768,0.561614580768788,0.0693973491609181,0.36576004326343536,0.6077899634838104,0.3922100365161896,0.39557695388793945,0.3888431191444397,-95.27737728578913,84.55852011283055,92.0195580995735,0.9383884939280424,0.09152034269929521
241,8.033333333333333,114.58003519234194,94.12505379621008,162.57345662473236,160.39970897789615,4.305695031735212,0.5518531932737359,0.07467984187418186,0.36916904896497726,0.6054752767086029,0.3945247232913971,0.4000595808029175,0.3889898657798767,-95.01397862859328,114.58003519234194,94.12505379621008,0.9401964328505776,0.0969155815720461
242,8.066666666666666,118.18529437659419,110.46657022621663,164.50907639232284,166.1155975197817,4.626565648933791,0.5270357030187907,0.06852256690271583,0.3719959408044815,0.6061312556266785,0.39386874437332153,0.4011165499687195,0.3866209387779236,-94.382537921676,118.18529437659419,110.46657022621663,0.940349873268243,0.07722124896360873
243,8.1,99.40065190653065,102.15302976655573,165.76534570264593,163.7327951511887,4.375465737870769,0.5105112753883689,0.05672203168326557,0.3736618310213089,0.6079212427139282,0.3920787572860718,0.40070390701293945,0.3834536075592041,-93.46077329610839,99.40065190653065,102.15302976655573,0.9401903911070391,0.06970327062231976
244,8.133333333333333,79.92038668237014,99.56498707331002,165.09657134395232,160.6061587429553,5.065490654337168,0.5092998733929005,0.05920264186661207,0.37426014244556427,0.6074762046337128,0.39252379536628723,0.4009500741958618,0.38409751653671265,-92.56557673048714,79.92038668237014,99.56498707331002,0.9388998042453419,0.05840718690836838
245,8.166666666666666,84.15787596298966,82.0842620427867,162.90488566045534,156.46811847210003,6.243318773568717,0.5098950530699534,0.06086182532424937,0.3756054937839508,0.6070756614208221,0.39292433857917786,0.4022372364997864,0.38361144065856934,-90.38978805296532,84.15787596298966,82.0842620427867,0.935890586087198,0.05539255706441399
246,8.2,88.45549983035094,84.55805881126263,158.13185497487336,151.00243912442957,5.867904048506489,0.510862408695459,0.06508177771920097,0.3772786110639572,0.6085618734359741,0.3914381265640259,0.40085673332214355,0.3820195198059082,-88.40193054403721,88.45549983035094,84.55805881126263,0.9344426863121263,0.0555133920618311
247,8.233333333333333,94.80154040392985,84.64050169538999,159.54218047898675,152.31931238195597,5.49110833812415,0.5409975602634942,0.068401153492703,0.37967726588249207,0.6084957718849182,0.3915042281150818,0.4006608724594116,0.38234758377075195,-87.5609212292429,94.80154040392985,84.64050169538999,0.9341760512554285,0.06448825544606683
248,8.266666666666667,92.7693671407229,85.64115871458506,158.21535680523252,151.37468454257848,4.691975758485,0.49897258076338874,0.07412276445320586,0.3815481960773468,0.6101013123989105,0.3898986876010895,0.39743268489837646,0.3823646903038025,-86.80014572719199,92.7693671407229,85.64115871458506,0.9340573513146603,0.07194795128060771
249,8.3,86.98112971169064,90.76654317087703,158.52388762592958,149.58882230156667,4.268374757524953,0.4791740959825352,0.0872348527317436,0.38374295830726624,0.6105566024780273,0.38944339752197266,0.39652740955352783,0.3823593854904175,-86.78879454389731,86.98112971169064,90.76654317087703,0.9327812230948246,0.06808471105580662
250,8.333333333333334,78.045362224417,88.83291090310146,156.840340431909,148.9889173045567,4.975064023559071,0.5311495039407302,0.10594363729717615,0.38638585805892944,0.6107037663459778,0.3892962336540222,0.3961753845214844,0.38241708278656006,-87.06305886398607,78.045362224417,88.83291090310146,0.9307607213656107,0.06196995541184313
251,8.366666666666667,75.92281244127061,88.63290163401588,152.47883708272,146.16171455558205,5.490344342214939,0.5042051884117101,0.12187501111557807,0.38791710138320923,0.6111466884613037,0.3888533115386963,0.3953849673271179,0.38232165575027466,-87.3086677516084,75.92281244127061,88.63290163401588,0.9272691083676887,0.054661960887103976
252,8.4,71.56089269491511,82.73779448798692,151.61682176823788,147.33439783176644,6.018927541035396,0.5537270979477771,0.12542854876516368,0.38831450045108795,0.6124686896800995,0.3875313103199005,0.3930506110191345,0.3820120096206665,-87.46600933741372,71.56089269491511,82.73779448798692,0.9233062411799575,0.047080038892815104
253,8.433333333333334,71.07362866767744,84.96214714994484,156.1583507488248,166.39461231662264,6.047372373827557,0.5511805645244029,0.13327635783525232,0.3895418792963028,0.6126912236213684,0.3873087763786316,0.39324337244033813,0.38137418031692505,-88.04172484869088,71.07362866767744,84.96214714994484,0.9194354631684043,0.03583577967190014
254,8.466666666666667,73.34166112822373,76.05886310149258,160.81478314950044,167.4442439093744,6.853730766538661,0.6221044536935283,0.1412406345800334,0.39036159217357635,0.6132243573665619,0.3867756426334381,0.3927440643310547,0.38080722093582153,-87.67485442594335,73.34166112822373,76.05886310149258,0.9171158310138818,0.03206058612910923
255,8.5,72.55354410754079,77.81538376374219,163.70453804902263,164.06280602573509,6.664375375609325,0.5785328915329722,0.1251918415464823,0.3911254107952118,0.613342821598053,0.386657178401947,0.3927738070487976,0.38054054975509644,-88.09800104923205,72.55354410754079,77.81538376374219,0.914712156310226,0.031908960565666764
256,8.533333333333333,74.09722083640509,82.03654532996596,166.41800543149458,168.5367516009952,6.6898352039628435,0.568209982226072,0.12471696984819337,0.39171522855758667,0.6125792860984802,0.3874207139015198,0.3946230411529541,0.38021838665008545,-88.37156302462778,74.09722083640509,82.03654532996596,0.9127042582540801,0.03804985729924146
257,8.566666666666666,85.92855746778861,81.38312339358235,164.4802192389435,171.42283025180538,6.813563980310619,0.6610154824106833,0.13650677921979232,0.39306415617465973,0.6127091944217682,0.3872908055782318,0.3948900103569031,0.37969160079956055,-88.64915251486528,85.92855746778861,81.38312339358235,0.9090348157015714,0.03338813038966435
258,8.6,81.98128737725796,82.87029804807973,165.49367634527036,172.021683940759,6.6381917143521605,0.689849113817593,0.1424821069594532,0.39320117235183716,0.6149759292602539,0.3850240707397461,0.3914753198623657,0.37857282161712646,-88.46754937561244,81.98128737725796,82.87029804807973,0.9057198148785215,0.03359955176538678
259,8.633333333333333,71.9994578170087,80.48763672352,160.55529391685684,165.63381057244865,7.190234151957952,0.6640899796342327,0.15072239783645214,0.3930028825998306,0.6149437725543976,0.3850562274456024,0.3914295434951782,0.3786829113960266,-88.40546813195536,71.9994578170087,80.48763672352,0.9002173326232217,0.03285142579157931
260,8.666666666666666,75.10618740497655,81.44331298537712,157.0034899951492,167.4206358301022,7.097498743986307,0.646796400802601,0.13486180434122377,0.39281533658504486,0.6157298982143402,0.3842701017856598,0.3898325562477112,0.3787076473236084,-88.4689208956189,75.10618740497655,81.44331298537712,0.8971040284994877,0.034036250213694094
261,8.7,78.44374186693673,84.90637301802039,156.94616568632867,168.6318459524989,6.420922563845238,0.6395653143095158,0.13862150745971577,0.39224545657634735,0.6163471937179565,0.38365280628204346,0.3884120583534241,0.37889355421066284,-88.23960628521114,78.44374186693673,84.90637301802039,0.8966347791931846,0.030347946665309624
262,8.733333333333333,75.77351889629409,83.24804347119408,164.26111330374633,169.9133091934198,6.01247549026732,0.6325027216640243,0.13867401572444918,0.39075176417827606,0.6159234344959259,0.3840765655040741,0.38822829723358154,0.37992483377456665,-87.97484863871763,75.77351889629409,83.24804347119408,0.8957297747785394,0.03916080172658612
263,8.766666666666667,77.98043104122979,80.72624539217573,164.3225306331398,168.40115538954487,5.734808146985188,0.590954841866229,0.14784378065840628,0.38944099843502045,0.6169357299804688,0.38306427001953125,0.38614070415496826,0.37998783588409424,-87.5672670597697,77.98043104122979,80.72624539217573,0.893773458220742,0.039631047693187774
264,8.8,81.96299427042162,88.36862472613512,166.39454172536384,168.4782176496955,5.525973367924735,0.5859139290361547,0.16275554345801826,0.3877791464328766,0.6167741417884827,0.38322585821151733,0.3865336775779724,0.37991803884506226,-87.88111920179344,81.96299427042162,88.36862472613512,0.894348913973028,0.04238319812745716
265,8.833333333333334,80.2969339122754,86.43702668094271,165.42122432006974,165.0467328827319,5.371278608894272,0.6498537266714804,0.14491387096325992,0.3869040608406067,0.6169163286685944,0.38308367133140564,0.3863128423690796,0.3798545002937317,-88.20581932393102,80.2969339122754,86.43702668094271,0.8931944704417026,0.04605620759230918
266,8.866666666666667,72.09463026276731,80.43783469380755,166.5722837639427,165.18611528492744,4.875860448439653,0.5884681940617189,0.16004586944105473,0.38587716221809387,0.6177115738391876,0.3822884261608124,0.3864062428474426,0.37817060947418213,-87.78089694390931,72.09463026276731,80.43783469380755,0.8926499567248605,0.050260208049319334
267,8.9,64.80426428250617,89.2002155114571,167.5579651996233,166.4582359092319,4.690337279182813,0.4668768346466263,0.1698938615638418,0.383731871843338,0.6180016100406647,0.3819983899593353,0.3857957124710083,0.37820106744766235,-87.61965460966559,64.80426428250617,89.2002155114571,0.8914919766512784,0.05004392794300028
268,8.933333333333334,84.55487557730837,129.13361395537868,165.86321815227632,165.06535483618163,4.560879660228011,0.5241844050412271,0.17108347183889266,0.38138045370578766,0.6178421080112457,0.3821578919887543,0.3858213424682617,0.3784944415092468,-87.83039902522938,84.55487557730837,129.13361395537868,0.8915029141035947,0.047072249072290774
269,8.966666666666667,74.23651528688649,112.07043387257299,166.57398760893554,163.63583831309248,4.656378993414023,0.6182880161031669,0.17449524308973044,0.3798045367002487,0.6174116730690002,0.38258832693099976,0.3859187364578247,0.3792579174041748,-88.19372270559782,74.23651528688649,112.07043387257299,0.8915581025860526,0.040602522017936876
270,9.0,70.1773800105129,127.1447537677458,167.59810087128562,158.8153797297985,4.5778800866312395,0.6289837358906798,0.15874843956731033,0.379581481218338,0.6170901954174042,0.3829098045825958,0.38599926233291626,0.3798203468322754,-88.3555876734801,70.1773800105129,127.1447537677458,0.8931044159513531,0.03105638518416629
271,9.033333333333333,77.00233935044375,108.61866280546937,170.14421296310155,168.6164020421667,4.4178468941435085,0.6667769234360733,0.1368810470768246,0.3796596825122833,0.6168839931488037,0.3831160068511963,0.3860437273979187,0.3801882863044739,-88.37839920152554,77.00233935044375,108.61866280546937,0.8955299520131313,0.017389935231866067
272,9.066666666666666,67.87880905989664,130.25943656593034,171.04502062951784,168.92332782262014,4.501087377439944,0.5701522755291799,0.13278331420438091,0.3796714097261429,0.616310328245163,0.38368967175483704,0.3864228129386902,0.3809565305709839,-88.43732741837947,67.87880905989664,130.25943656593034,0.8957243579806704,0.009649118213430185
273,9.1,72.68043595974918,123.29968972976907,169.71206520586023,168.6651054703812,4.534778914189246,0.5742126830500418,0.13260640507474697,0.37959545850753784,0.6162883043289185,0.38371169567108154,0.3864496946334839,0.3809736967086792,-88.55369212998609,72.68043595974918,123.29968972976907,0.897439235087597,0.014350145135845122
274,9.133333333333333,73.26741200972248,126.66652401375356,170.19109292659746,166.6148174837203,4.509729647441304,0.545731974548391,0.147449536852604,0.37967805564403534,0.616621732711792,0.383378267288208,0.3858131170272827,0.3809434175491333,-88.7412147448743,73.26741200972248,126.66652401375356,0.8981295869205937,0.014600432697799468
275,9.166666666666666,72.12255424334903,123.5473809561715,171.15203886619418,167.47489973269325,4.502964342283917,0.5765273566216901,0.16157852166096712,0.3798440098762512,0.6154587268829346,0.38454127311706543,0.3874463438987732,0.38163620233535767,-89.07204336294505,72.12255424334903,123.5473809561715,0.8997431821895369,0.014413298557179587
276,9.2,80.20303071810302,122.30445121444615,171.28575870402966,166.88993837073986,4.547724401692221,0.5945909146198446,0.12105219354245783,0.38003310561180115,0.6152770221233368,0.3847229778766632,0.38739049434661865,0.38205546140670776,-89.23075033318648,80.20303071810302,122.30445121444615,0.9008306716427659,0.016740962669369353
277,9.233333333333333,81.91013925494106,100.79535215384628,169.56990195056122,167.46494205417756,4.587949895392171,0.6557768522518255,0.125645640785016,0.3804919421672821,0.6155666410923004,0.3844333589076996,0.3873918652534485,0.3814748525619507,-89.30814953819234,81.91013925494106,100.79535215384628,0.9006687745903478,0.020817152917057373
278,9.266666666666667,91.01717527312653,93.3797239463475,169.18454558326448,170.67933764213177,4.296558144759956,0.6351057423928864,0.10584928189917374,0.3809448778629303,0.6154527962207794,0.3845472037792206,0.3878936171531677,0.38120079040527344,-90.33980465208424,91.01717527312653,93.3797239463475,0.8969092323924556,0.02594194651824465
279,9.3,81.67856144681355,85.54329750879243,165.8001753093999,173.90299748755285,4.295806007513306,0.6693633935529708,0.20165664379255707,0.38193920254707336,0.6156927645206451,0.38430723547935486,0.38737761974334717,0.38123685121536255,-91.01500876529309,81.67856144681355,85.54329750879243,0.8981750670707587,0.027468915595631124
280,9.333333333333334,87.01945657530479,94.036907997375,166.7273295169088,172.64897878812496,4.252829307479374,0.6705213603185998,0.1868074891702184,0.383325919508934,0.617173820734024,0.38282617926597595,0.38616394996643066,0.37948840856552124,-91.02107682454687,87.01945657530479,94.036907997375,0.8980290194352468,0.026780490887201924
281,9.366666666666667,75.62954541821867,102.40908744024533,166.63636631790956,165.775008646573,4.532514456529498,0.6729700837767053,0.11834923208344705,0.3835246115922928,0.6166968047618866,0.3833031952381134,0.3862249255180359,0.3803814649581909,-91.20649499925938,75.62954541821867,102.40908744024533,0.8928891844821699,0.02964204498573061
282,9.4,79.1681034184544,112.33838346911124,168.6178579770531,164.91957896415414,4.153651952849941,0.6633408104785897,0.10675038293412199,0.3839518427848816,0.6166736483573914,0.38332635164260864,0.38595855236053467,0.3806941509246826,-90.82827617312472,79.1681034184544,112.33838346911124,0.892273485660553,0.03200917281772165
283,9.433333333333334,82.06165516905281,97.93575426552708,168.4099315843423,167.55041884752458,3.866078240998263,0.641928567460235,0.129879303690281,0.3842383027076721,0.6157742142677307,0.3842257857322693,0.38594239950180054,0.38250917196273804,-90.60169065843806,82.06165516905281,97.93575426552708,0.8935152752832933,0.022299644443524752
284,9.466666666666667,81.83983544412962,90.11256351889485,167.4374301605242,167.3287009488276,3.2925662405240246,0.6131973366281803,0.11944803948947806,0.3845837116241455,0.6143995523452759,0.3856004476547241,0.3866013288497925,0.38459956645965576,-90.33684672169827,81.83983544412962,90.11256351889485,0.8945459795720649,0.02580588402096152
285,9.5,78.2704772782257,93.8550422555072,169.33169847963174,167.3412307094761,3.4537347789429305,0.6724826275552408,0.13771072056648806,0.3845798820257187,0.6148101985454559,0.38518980145454407,0.38577955961227417,0.38460004329681396,-89.82114713787585,78.2704772782257,93.8550422555072,0.8907845851146814,0.03643002386081832
286,9.533333333333333,73.69435311281534,92.7161568755268,169.5350794037296,161.54999429025239,3.435557135756767,0.6674177212765824,0.14245299224093014,0.3844668120145798,0.6159054934978485,0.3840945065021515,0.38362717628479004,0.38456183671951294,-89.43850998914525,73.69435311281534,92.7161568755268,0.8883928503050948,0.03719503355922236
287,9.566666666666666,66.40145546700333,86.86569625674315,167.4610517983012,159.24545314735659,3.4023700356997324,0.662271618145252,0.161413589241919,0.3850029408931732,0.6137733161449432,0.38622668385505676,0.38631099462509155,0.386142373085022,-89.3180072824166,66.40145546700333,86.86569625674315,0.8878970399047389,0.04525238888092251
288,9.6,73.56513657611747,88.17711813948956,164.32023610597352,162.32463580226258,3.3846177139590736,0.6361362978721044,0.16594915802622812,0.38430939614772797,0.6129566133022308,0.38704338669776917,0.386358380317688,0.38772839307785034,-89.0757320805281,73.56513657611747,88.17711813948956,0.8875107024655198,0.04881618175318258
289,9.633333333333333,74.50432246384065,85.43250541946092,166.0920149308354,162.53955915603316,3.4372872373221526,0.6604881894635521,0.1578603759702296,0.38501110672950745,0.6102870106697083,0.38971298933029175,0.3918588161468506,0.3875671625137329,-88.56794132604797,74.50432246384065,85.43250541946092,0.8863680805220748,0.04439627672721501
290,9.666666666666666,77.87064249615617,83.90361548851412,166.26084156418656,163.7759051026818,3.4521120728799133,0.6601417375612258,0.1635066565363788,0.38402509689331055,0.6104795336723328,0.38952046632766724,0.3916095495223999,0.38743138313293457,-88.54712818527837,77.87064249615617,83.90361548851412,0.8837341196609266,0.03926991042532481
291,9.7,70.85467994486828,84.50739401197501,160.71940529259706,162.99411950637563,3.4871008964522616,0.5909578478608644,0.17774333757377186,0.38370464742183685,0.6106531620025635,0.3893468379974365,0.39134883880615234,0.3873448371887207,-88.1924218873212,70.85467994486828,84.50739401197501,0.8834047443938978,0.03603116555388422
292,9.733333333333333,69.01886703711614,97.00919551564286,161.83688243806932,165.89438528186457,3.546995746242146,0.570268000504235,0.17115608170124352,0.3837539255619049,0.6093099117279053,0.3906900882720947,0.39332354068756104,0.3880566358566284,-87.93296877671519,69.01886703711614,97.00919551564286,0.8818507068084948,0.020973701920767213
293,9.766666666666667,70.11750784038658,87.91013219691938,161.44829283536907,164.01455333257027,3.875256589524497,0.5724078496392238,0.16541115142946655,0.3840412050485611,0.6088625490665436,0.3911374509334564,0.3938584327697754,0.38841646909713745,-87.70548169775059,70.11750784038658,87.91013219691938,0.8818653478766932,0.017438586565247206
294,9.8,69.99673504127662,83.90504196911093,159.12967199580888,161.23617550298198,3.9607836728075654,0.6763382106153225,0.16061442484621266,0.3838331550359726,0.6090024411678314,0.3909975588321686,0.39360517263412476,0.3883899450302124,-87.54113329402013,69.99673504127662,83.90504196911093,0.8831187089284261,0.023762931924484042
295,9.833333333333334,65.97409774322031,82.25113383410515,153.29404065714306,158.0418191571537,3.8133624445785017,0.6630222315876059,0.1682534591328877,0.3838109225034714,0.6085875928401947,0.3914124071598053,0.3945310711860657,0.3882937431335449,-87.22809475495382,65.97409774322031,82.25113383410515,0.8834088851105083,0.01960367080777353
296,9.866666666666667,66.17425169190881,79.57942614129169,155.2374997457092,158.78033638914192,3.816152613577515,0.6634074207351974,0.16244473155454944,0.3838496208190918,0.6071695983409882,0.39283040165901184,0.3973926901817322,0.3882681131362915,-87.14558552528415,66.17425169190881,79.57942614129169,0.8823494658325658,0.01754186477543907
297,9.9,64.41151659503977,77.08384332098541,148.59759784685258,153.34551813324632,3.827087108010801,0.6693062275538376,0.17508365416063013,0.38374757766723633,0.6065267026424408,0.3934732973575592,0.3987363576889038,0.3882102370262146,-86.65164890178983,64.41151659503977,77.08384332098541,0.8816222503329768,0.020451463094162178
298,9.933333333333334,63.3712959169617,76.78691372043436,148.666553875922,154.14886507529366,4.187095863016566,0.6648546254435245,0.16895025868105357,0.38379937410354614,0.6063459515571594,0.3936540484428406,0.39935171604156494,0.3879563808441162,-86.74555521167231,63.3712959169617,76.78691372043436,0.8789032462871436,0.021315001328027005
299,9.966666666666667,72.3701780517648,72.96821721394146,149.55975655190846,153.56312273761154,4.272891520690564,0.7025618491780932,0.16467022683430657,0.3844366818666458,0.6059785187244415,0.39402148127555847,0.39906853437423706,0.3889744281768799,-86.69361818173952,72.3701780517648,72.96821721394146,0.878566894567374,0.020139347010855246
300,10.0,73.59023605801967,78.80235534567963,155.42312906831972,158.42410984951843,4.037766968415099,0.6370715030249372,0.15902473053543903,0.3847538232803345,0.6064392924308777,0.3935607075691223,0.3989483118057251,0.38817310333251953,-86.88277878241075,73.59023605801967,78.80235534567963,0.8773123513568531,0.0196719250203548
301,10.033333333333333,66.14245816970245,79.56113607171667,148.9299974325449,155.63537619447175,3.9126348463370277,0.5090471619406206,0.17985425516759695,0.38529638946056366,0.6075348854064941,0.39246511459350586,0.3966563940048218,0.38827383518218994,-87.07797832229728,66.14245816970245,79.56113607171667,0.8778173778996323,0.02182560176115686
302,10.066666666666666,64.78053780016029,86.2121143751755,149.629144890075,153.21320103454525,4.003056757892637,0.5042417689899147,0.17146129344519512,0.3856239914894104,0.6070647239685059,0.39293527603149414,0.3964880704879761,0.3893824815750122,-87.27110277520718,64.78053780016029,86.2121143751755,0.8777648147308466,0.020933370776658678
303,10.1,83.53491998327537,82.01154915952314,154.31424051927274,149.66348258792152,3.9469563621800035,0.6394528653960766,0.16406220317183334,0.3861488401889801,0.6069107353687286,0.39308926463127136,0.39641761779785156,0.38976091146469116,-87.48983577796896,83.53491998327537,82.01154915952314,0.8769078290823734,0.021461043924184416
304,10.133333333333333,70.2049931371885,96.3938539351928,154.97855902121842,150.79928896962403,4.01966041726314,0.587387708239444,0.16281076330791636,0.3867335021495819,0.6068591177463531,0.39314088225364685,0.39640891551971436,0.38987284898757935,-87.66489820197333,70.2049931371885,96.3938539351928,0.877592039830757,0.01998416756317925
305,10.166666666666666,69.0932578444181,87.0560313178749,158.8318661323906,155.34185716260302,4.103799324850684,0.6574258361845123,0.1441000938078,0.3871748447418213,0.6063855886459351,0.39361441135406494,0.39678728580474854,0.39044153690338135,-87.8139576406225,69.0932578444181,87.0560313178749,0.8764317496256395,0.022210845148465608
306,10.2,67.65232780861507,82.99342346532562,161.0689131470668,157.22786017041008,4.129921289573417,0.6535318639303486,0.13543412792192458,0.3878294676542282,0.6056610941886902,0.3943389058113098,0.3978121280670166,0.390865683555603,-88.12680182162804,67.65232780861507,82.99342346532562,0.8760215486540939,0.025405455283741583
307,10.233333333333333,69.22176841349932,85.46906344159238,163.01033195452507,159.04529585706408,4.059181036188306,0.5829721564512573,0.13736283715880662,0.38861317932605743,0.6051345765590668,0.3948654234409332,0.3985605835914612,0.3911702632904053,-88.25739465994624,69.22176841349932,85.46906344159238,0.8773704821413214,0.02990229779812454
308,10.266666666666667,68.55666128330206,90.41325384361669,162.0026094949385,161.43552242461112,4.063698835994501,0.5696402625886594,0.14778168680268242,0.38968606293201447,0.6050160825252533,0.3949839174747467,0.3986743092536926,0.3912935256958008,-88.23735685706737,68.55666128330206,90.41325384361669,0.877648317452633,0.03467326620209924
309,10.3,68.05093529529485,91.66483751081387,163.3573705537689,161.69843972711246,4.242023880805846,0.5553544385483596,0.1398664268294122,0.3908274173736572,0.6043208837509155,0.3956791162490845,0.39921271800994873,0.3921455144882202,-88.20457262587864,68.05093529529485,91.66483751081387,0.8800332943598429,0.04149470706345083
310,10.333333333333334,69.8334031409526,89.0734074672896,166.33096408290302,162.32062589568804,4.4787535070563536,0.5832790401650582,0.13683821002945326,0.3922041356563568,0.6038903295993805,0.3961096704006195,0.3993961811065674,0.39282315969467163,-88.17540571169992,69.8334031409526,89.0734074672896,0.8793590953855803,0.044726899183839604
311,10.366666666666667,77.37439010840365,95.4673247047003,166.59127943695108,166.68383367171066,4.373417613419406,0.6074005002445936,0.12420409610043058,0.3938749134540558,0.6025962233543396,0.3974037766456604,0.4003434181213379,0.3944641351699829,-88.37554046230116,77.37439010840365,95.4673247047003,0.8811142056277304,0.048783528880398816
312,10.4,74.63557741698526,89.85739272819605,166.7199499187823,168.12393529871377,4.292593119573667,0.6026730955477684,0.14021613974270125,0.3952512890100479,0.6020444631576538,0.3979555368423462,0.40089166164398193,0.39501941204071045,-88.47306805328276,74.63557741698526,89.85739272819605,0.882049532550754,0.04832550624014363
313,10.433333333333334,76.80902150355791,84.84894224573846,170.30109180955333,166.09658118179144,4.092599023810635,0.6005453599400794,0.11180019339794044,0.39681829512119293,0.6012530624866486,0.39874693751335144,0.40203964710235596,0.3954542279243469,-88.87504481379813,76.80902150355791,84.84894224573846,0.8837633430957794,0.043046548858898345
314,10.466666666666667,94.86067183069154,85.87227801046717,169.5649194721062,164.5844185309272,4.114433609693947,0.6340102846317519,0.12283801416118509,0.39794404804706573,0.6006869673728943,0.3993130326271057,0.4030110239982605,0.3956150412559509,-88.90472578753277,94.86067183069154,85.87227801046717,0.8830967861594576,0.043559557734553805
315,10.5,78.14876317319025,82.0066675647439,168.44662484491496,161.34413292471132,3.9057291768699542,0.5853635087365207,0.13463203868783333,0.39842934906482697,0.6004022657871246,0.39959773421287537,0.40360820293426514,0.3955872654914856,-89.01343831300564,78.14876317319025,82.0066675647439,0.8847279638955088,0.04671704036448824
316,10.533333333333333,78.26828970714486,81.3537401013887,167.38440646320444,162.1441356539374,4.056479179733969,0.6045200159718622,0.12651703058476918,0.3986329287290573,0.598212867975235,0.401787132024765,0.4066852927207947,0.39688897132873535,-88.52326221610952,78.26828970714486,81.3537401013887,0.8829810131679882,0.039576988931355
317,10.566666666666666,78.77464149937022,78.45887628928415,165.49384890566594,160.93260300443882,4.142371822168343,0.618549876424228,0.13880118736430472,0.3995288014411926,0.5964145660400391,0.40358543395996094,0.4092555046081543,0.3979153633117676,-88.51850245500741,78.77464149937022,78.45887628928415,0.8807914690537886,0.0333937126069567
318,10.6,75.15511595462614,83.20085220954495,161.4044427632738,157.90564697077025,4.349888942083226,0.6326821746586699,0.1603467425565848,0.4000930190086365,0.5963764488697052,0.4036235511302948,0.40871554613113403,0.39853155612945557,-88.66816116375382,75.15511595462614,83.20085220954495,0.8811746113228075,0.03277658296153794
319,10.633333333333333,83.97337268660269,87.28592863033495,162.96376261588617,170.542172040025,4.092708773137929,0.6401930717179037,0.15319462836919748,0.40032175183296204,0.5963573753833771,0.4036426246166229,0.40844351053237915,0.3988417387008667,-88.94090254902609,83.97337268660269,87.28592863033495,0.8820516710931604,0.025171203465815667
320,10.666666666666666,91.49910941886885,83.15259013384224,156.8241433030189,161.3388274242385,4.083229651323336,0.6793837728003405,0.13652600662619302,0.40076257288455963,0.5964880883693695,0.4035119116306305,0.40809905529022217,0.3989247679710388,-89.06524436099271,91.49910941886885,83.15259013384224,0.8800062139829,0.01778037213852162
321,10.7,92.4912032300938,85.15758090037829,161.29575940452133,164.50048241633687,4.621155469715859,0.6630919035160835,0.12095824301102279,0.40158118307590485,0.5960440635681152,0.40395593643188477,0.4081401824951172,0.39977169036865234,-88.96599395671049,92.4912032300938,85.15758090037829,0.8803499873840448,0.016511941891879336
322,10.733333333333333,96.42112948585272,85.61210655548284,170.2699309875112,165.0564300649179,4.623201508981651,0.65357443676644,0.11795222103129534,0.4022422581911087,0.5956352055072784,0.40436479449272156,0.40865349769592285,0.40007609128952026,-89.1190286684728,96.42112948585272,85.61210655548284,0.8798718867879926,0.023672199848272454
323,10.766666666666667,101.97490353618507,97.01893673528554,167.876829913914,164.9093756595488,4.466806793168871,0.6488050041145332,0.12664187013842798,0.4025857746601105,0.5957211256027222,0.40427887439727783,0.40854203701019287,0.4000157117843628,-88.94870911561966,101.97490353618507,97.01893673528554,0.8786006858854583,0.027943344263173096
324,10.8,80.99703943464922,91.5622985311316,167.82981080979584,165.1117607560748,4.382260334973921,0.6204500894669508,0.15646114746838974,0.4032597541809082,0.594467967748642,0.40553203225135803,0.41060084104537964,0.4004632234573364,-88.85477484076567,80.99703943464922,91.5622985311316,0.878406597809358,0.02373626836658972
325,10.833333333333334,78.31839593970606,89.64379943309017,166.30146654407227,164.44322428772054,4.824544847066818,0.6586001382057453,0.15515834223586972,0.4038665443658829,0.5934656858444214,0.4065343141555786,0.41163843870162964,0.4014301896095276,-88.65592847871196,78.31839593970606,89.64379943309017,0.877866217584321,0.022512507019819734
326,10.866666666666667,83.89020963291568,86.95755055511725,165.01893306493093,166.51656492878732,4.668759086965338,0.6098397629290866,0.1617789126752163,0.4040021747350693,0.5932798087596893,0.40672019124031067,0.4115719199180603,0.40186846256256104,-88.53114577113185,83.89020963291568,86.95755055511725,0.8786111708843347,0.02249796773168729
327,10.9,83.81548082936047,90.83694005756105,164.21551219730262,167.2638588939253,4.7550781936573685,0.6101991939852339,0.17248082798277498,0.4042433500289917,0.5927596688270569,0.4072403311729431,0.41224950551986694,0.4022311568260193,-88.3036903788522,83.81548082936047,90.83694005756105,0.877959716500658,0.018144580365557904
328,10.933333333333334,80.4933499886422,88.79769124740099,164.53693066031062,166.38376885323498,4.726268885336594,0.6192007128466567,0.16266878260987672,0.4045949876308441,0.5927545130252838,0.4072454869747162,0.41215574741363525,0.4023352265357971,-88.03024121693444,80.4933499886422,88.79769124740099,0.8776148602817998,0.012524172360484451
329,10.966666666666667,84.7163652996626,87.91287513983045,166.94476959427416,167.76771388993947,4.6893593763672925,0.6204748494828712,0.16272999001772243,0.4046888202428818,0.5920635163784027,0.4079364836215973,0.4129396080970764,0.40293335914611816,-87.84090154416654,84.7163652996626,87.91287513983045,0.8784990256482904,0.01597870656924466
330,11.0,84.16007022973155,88.3394244736105,167.05085267817745,167.0649535144786,4.713333906156095,0.6217463334255251,0.16262582500275802,0.40492233633995056,0.5920891165733337,0.40791088342666626,0.4128512144088745,0.402970552444458,-87.86427655302133,84.16007022973155,88.3394244736105,0.8800316669724204,0.015628062217890402
331,11.033333333333333,78.04878359892618,84.48494461156145,162.3257109086367,162.67133220602588,4.699592373546238,0.6105438519367841,0.15644909232246956,0.40572719275951385,0.5920490026473999,0.4079509973526001,0.41279733180999756,0.40310466289520264,-87.8977773216616,78.04878359892618,84.48494461156145,0.8817103649630691,0.019332790768221406
332,11.066666666666666,88.3934936880479,81.36399566691549,162.36220715483944,169.4662302066198,4.537986090261711,0.6367252708628215,0.1431960437359279,0.4062325358390808,0.5919502973556519,0.40804970264434814,0.4125100374221802,0.4035893678665161,-87.98940011124938,88.3934936880479,81.36399566691549,0.8819348893382333,0.02244119546381852
333,11.1,82.89859765665754,75.68424900230383,162.0815734694292,167.08792589941385,4.581595672272442,0.6105599085414922,0.13815248686450693,0.40686817467212677,0.5912187397480011,0.4087812602519989,0.41347944736480713,0.4040830731391907,-87.99019710950651,82.89859765665754,75.68424900230383,0.8825520502798485,0.024960657825426936
334,11.133333333333333,79.73996108257568,78.19196943190647,161.85165471527188,165.8974396478974,4.484806967425357,0.623335909227423,0.12710213345466398,0.40807241201400757,0.5910543501377106,0.40894564986228943,0.41360050439834595,0.4042907953262329,-87.984585968392,79.73996108257568,78.19196943190647,0.8813953679619413,0.02236029594996063
335,11.166666666666666,74.80143049425057,80.08253106248229,162.46221883153126,165.5547516913485,4.765450270895599,0.6945090148796462,0.11754343311485788,0.40854236483573914,0.5905983448028564,0.40940165519714355,0.41383981704711914,0.40496349334716797,-88.06499798193991,74.80143049425057,80.08253106248229,0.8811289740331245,0.022302579947179574
336,11.2,76.6725901537105,79.56472881433362,159.6172053770881,164.04893676684435,4.432873839178569,0.6868218281342983,0.12252649667573612,0.40880128741264343,0.5908660888671875,0.4091339111328125,0.4127551317214966,0.4055126905441284,-87.96778907296611,76.6725901537105,79.56472881433362,0.8803833244424878,0.02407960361096489
337,11.233333333333333,72.16992439047,83.59051357386463,165.3083859093681,162.59238246833772,4.29084221863809,0.6734631116456278,0.10824185432680888,0.4089910537004471,0.5903978049755096,0.40960219502449036,0.4130368232727051,0.40616756677627563,-88.03011856821563,72.16992439047,83.59051357386463,0.8791445439512079,0.020073286309197483
338,11.266666666666667,78.36391440833627,84.55637616365303,167.43761309741424,166.44454766696427,4.34663528648116,0.6700689424789178,0.12183710765807859,0.4100276529788971,0.5896722376346588,0.4103277623653412,0.4145048260688782,0.4061506986618042,-88.00690259804746,78.36391440833627,84.55637616365303,0.8813640249497963,0.019300491180693404
339,11.3,79.36404063085416,84.9844273639728,166.84652323920795,167.39855806204858,4.379362751862345,0.669304577206974,0.10999849812390433,0.4105551391839981,0.5895248651504517,0.41047513484954834,0.4145525097846985,0.4063977599143982,-88.20020794785418,79.36404063085416,84.9844273639728,0.8801673406904394,0.019315179248079677
340,11.333333333333334,76.76768154737148,86.4478233593703,166.18410560370887,162.19642946532,4.251901834658838,0.6575870951367262,0.11182939767713829,0.4104054719209671,0.5900291502475739,0.40997084975242615,0.4135725498199463,0.406369149684906,-88.15936318038712,76.76768154737148,86.4478233593703,0.8775137554515492,0.033204645367006666
341,11.366666666666667,75.6887854287889,85.66965315125576,163.58663889170347,160.5549032022766,4.266928315881387,0.6605579208421729,0.1376630031561004,0.410561740398407,0.5896883606910706,0.41031163930892944,0.41375255584716797,0.4068707227706909,-87.79747638594223,75.6887854287889,85.66965315125576,0.8776247582652352,0.03342636627629632
342,11.4,73.88205284894535,80.83308632471733,159.6166018811938,159.37461005726541,4.323185398973806,0.659753944561207,0.16574146556518393,0.4105510413646698,0.5868681967258453,0.41313180327415466,0.4182787537574768,0.4079848527908325,-87.1787045407264,73.88205284894535,80.83308632471733,0.8770120676719781,0.048642966165420666
343,11.433333333333334,68.90886766310972,81.23208134062935,162.59024045999593,163.14995721170155,4.105710160999024,0.6660838779939026,0.15270604013750042,0.4095090180635452,0.5876492559909821,0.41235074400901794,0.4155842065811157,0.40911728143692017,-86.07424059789659,68.90886766310972,81.23208134062935,0.8767276857838486,0.06152587375721505
344,11.466666666666667,78.38159928089634,88.54866562888171,166.56457950364998,168.12971529528997,3.690446871951508,0.6650684341695239,0.16032530868087821,0.40835247933864594,0.5905079543590546,0.40949204564094543,0.4099479913711548,0.4090360999107361,-85.3736961600314,78.38159928089634,88.54866562888171,0.8773023594509471,0.0779514797107078
345,11.5,73.81118956172624,84.07654495170777,167.33291900385836,166.769722195739,3.858127834070956,0.6878041717057376,0.15692596346618276,0.40567974746227264,0.5905567705631256,0.4094432294368744,0.4088507294654846,0.41003572940826416,-84.56113094608804,73.81118956172624,84.07654495170777,0.8761290501464497,0.09690636608841106
346,11.533333333333333,67.8566169442646,74.27490892943581,158.32825717906107,165.42940265390754,3.6759703066639986,0.668529725608949,0.15471334009357393,0.40257731080055237,0.5908069908618927,0.4091930091381073,0.4064398407936096,0.411946177482605,-84.2486913921211,67.8566169442646,74.27490892943581,0.8754776761387334,0.1068978688634011
347,11.566666666666666,68.64717897303156,72.16592895616273,158.714638510719,164.92100665016525,1.9094293106429916,0.6690711068562312,0.16353928777296217,0.40025588870048523,0.5963172912597656,0.4036827087402344,0.3945409059524536,0.41282451152801514,-83.34520335890859,68.64717897303156,72.16592895616273,0.8746888637542725,0.10282890757637246
348,11.6,64.29351817826142,73.71732388989551,148.99190312032366,165.7495532877056,2.165396465118846,0.42472402612766946,0.17528352908487582,0.39741799235343933,0.5954498648643494,0.40455013513565063,0.3956754207611084,0.41342484951019287,-82.67594301327597,64.29351817826142,73.71732388989551,0.8712460588325154,0.10494951055438176
349,11.633333333333333,80.2000784859117,91.0716000572287,143.54629276745646,155.6775496363788,1.8112916745654388,0.5560562451371829,0.16869044941712358,0.39501315355300903,0.5953883230686188,0.4046116769313812,0.39413052797317505,0.4150928258895874,-82.67522442706944,80.2000784859117,91.0716000572287,0.8679398207953481,0.10708468759572501
350,11.666666666666666,78.67122885583504,63.16476365306041,153.9294237753353,163.30562808358547,2.217738832336323,0.6313996744127705,0.1701394022280315,0.39373768866062164,0.5981330573558807,0.40186694264411926,0.38891738653182983,0.4148164987564087,-83.38912336744451,78.67122885583504,63.16476365306041,0.8670333082025702,0.09436209317853779
351,11.7,100.4937292649778,60.761386079927284,158.83157688266746,169.14277871858894,1.258512141615853,0.7294132713278927,0.15274835986753835,0.39299583435058594,0.6015211641788483,0.39847883582115173,0.3821743130683899,0.4147833585739136,-84.21946496086228,100.4937292649778,60.761386079927284,0.8650223522475271,0.10429475154755186
352,11.733333333333333,126.22264485095322,133.13708224492376,162.86650973573933,167.37303110212716,0.3387431236198779,0.7424473065287729,0.13101728849881927,0.3914969265460968,0.6050770580768585,0.3949229419231415,0.3749454617500305,0.41490042209625244,-85.62735647076511,126.22264485095322,133.13708224492376,0.8597009597402631,0.14162089793662969
353,11.766666666666667,137.55823708008344,148.3085211739145,156.8106027195133,169.67149942643078,1.7016003897839198,0.7611371923926952,0.13263298756696829,0.38716913759708405,0.603451669216156,0.396548330783844,0.3747735619544983,0.4183230996131897,-88.09346764233243,137.55823708008344,148.3085211739145,0.8523556906165499,0.17173472617997745
354,11.8,123.44222150031001,137.2610597107667,145.20898057764762,163.60122310587045,2.8595407246629634,0.7934491209032517,0.12226652427123233,0.3785797655582428,0.6042527854442596,0.39574721455574036,0.3715406656265259,0.41995376348495483,-90.26175695928791,123.44222150031001,137.2610597107667,0.8530346417065823,0.21752026906442762
355,11.833333333333334,108.2719152967971,146.16467194425505,137.1985912638256,156.78793256816914,4.235180641941753,0.891701091812807,0.11955507503072413,0.3716464638710022,0.6083345413208008,0.3916654586791992,0.36194121837615967,0.42138969898223877,-92.97940812262276,108.2719152967971,146.16467194425505,0.8560128835114565,0.2403790712644203
356,11.866666666666667,86.57835472126928,156.05174922461848,121.5287680170162,142.22092060387936,4.336557492547911,0.8284080895896291,0.1162827515438062,0.3621614873409271,0.6140990555286407,0.38590094447135925,0.3506735563278198,0.4211283326148987,-97.32155324572739,86.57835472126928,156.05174922461848,0.8562331940188552,0.257146872416571
357,11.9,120.13520957805746,161.5081074418244,124.95709563504909,105.12634612256905,6.201518674228112,0.9413448246485681,0.16302531795688657,0.35493986308574677,0.6166791915893555,0.38332080841064453,0.34559476375579834,0.4210468530654907,-101.39083614814669,120.13520957805746,161.5081074418244,0.8545792789170237,0.2700403994373157
358,11.933333333333334,138.07693480742088,167.7595842158609,134.07393925931243,128.2953764975786,5.917000590948646,0.94797187279654,0.13054948105959874,0.3483358472585678,0.620056688785553,0.379943311214447,0.3397631049156189,0.42012351751327515,-103.37244062270018,138.07693480742088,167.7595842158609,0.8495129121072365,0.2679559708160783
359,11.966666666666667,93.68982864115321,165.06441955919638,72.45286863406987,101.04093789776528,4.870523967087706,0.9653827064346387,0.16218031279698478,0.3413432389497757,0.6282552480697632,0.3717447519302368,0.32672131061553955,0.4167681932449341,-103.87263488052793,93.68982864115321,165.06441955919638,0.8456813647891536,0.2733778864251921
360,12.0,135.0836946345952,173.05094275458674,82.39743563744558,101.76967457890595,3.8995538417849787,1.0036723116709914,0.1494098495673577,0.33505624532699585,0.632697731256485,0.367302268743515,0.3198462128639221,0.4147583246231079,-104.8009014298469,135.0836946345952,173.05094275458674,0.8414130301186533,0.2872778255196869
361,12.033333333333333,138.05935707976883,176.19561800258407,105.01665233834115,103.56944892897259,3.4389899873016816,1.0118546930049757,0.12425239952962062,0.3294546753168106,0.6433134377002716,0.3566865622997284,0.30329447984695435,0.41007864475250244,-108.97690549952105,138.05935707976883,176.19561800258407,0.8338791700926694,0.33087417615633385
362,12.066666666666666,127.43997442831325,172.62522550510135,149.11154984164514,162.32475286967403,5.468349519772573,0.9721702394203701,0.0985581280716496,0.3214907944202423,0.6493370532989502,0.3506629467010498,0.29075777530670166,0.41056811809539795,-115.77122974627416,127.43997442831325,172.62522550510135,0.8250967706694747,0.3474058855200108
363,12.1,86.90611243253645,179.29199876586097,171.57345434405042,175.9905705107999,4.999725475776131,1.0017021899737668,0.09023420655238201,0.31168045848608017,0.6602625548839569,0.3397374451160431,0.2777847647666931,0.40169012546539307,-128.01539317781305,86.90611243253645,179.29199876586097,0.8193318274888125,0.3398782702965725
364,12.133333333333333,83.57521869008957,178.15598291595387,167.84074749459162,127.76994443594474,4.589404753649006,0.9732709721606383,0.08711231811492992,0.3160393163561821,0.673072099685669,0.32692790031433105,0.26915276050567627,0.38470304012298584,-147.16474757810641,83.57521869008957,178.15598291595387,0.8118818853840684,0.2785994815329947
365,12.166666666666666,86.76842874053145,178.48431633517185,162.40072851357274,173.46096115445138,3.3505195945418507,0.9575684299330818,0.09892042369915054,0.313236266374588,0.6788740456104279,0.32112595438957214,0.2607033848762512,0.38154852390289307,154.77285103442162,86.76842874053145,178.48431633517185,0.806354101860162,0.23552692857975815
366,12.2,90.48001995421691,178.93751912465643,165.27888718001145,174.63226784094013,3.6652161476755794,0.9180318437000589,0.12455228924351612,0.3115175738930702,0.6783744990825653,0.3216255009174347,0.2550452947616577,0.38820570707321167,129.5151940326787,90.48001995421691,178.93751912465643,0.7999935023712389,0.1847343605864495
367,12.233333333333333,81.13173717784153,176.5046737375706,164.1967448498326,178.60412805670813,2.5290323611085057,0.7709774299679699,0.14479962723401674,0.31395676732063293,0.6769862174987793,0.3230137825012207,0.2460078001022339,0.4000197649002075,109.53537122360011,81.13173717784153,176.5046737375706,0.796944903604912,0.11411480922808222
368,12.266666666666667,114.09812672189094,177.49281723688898,154.57949981116943,166.09964135744656,5.2505426881186,0.9943294209971218,0.14295570300569332,0.3087482303380966,0.6803828775882721,0.3196171224117279,0.23946887254714966,0.39976537227630615,98.70895851231374,114.09812672189094,177.49281723688898,0.7903302059029088,0.20522100638618876
370,12.333333333333334,108.45467674722252,143.29245649433477,169.08806008210414,170.00685567601184,9.75989516558306,0.9079342091686295,0.36652714251469604,0.31226979941129684,0.6803373992443085,0.31966260075569153,0.23592418432235718,0.4034010171890259,178.55963459632412,108.45467674722252,143.29245649433477,0.797616186467084,0.3371564732190639
371,12.366666666666667,127.8824881280745,156.70046967235,166.75916056573465,161.65922249105964,9.614862236908039,0.9054485621288512,0.29704603586138517,0.3256220519542694,0.6633231341838837,0.33667686581611633,0.27153831720352173,0.40181541442871094,178.95375176748843,127.8824881280745,156.70046967235,0.7990466699455724,0.5775604880516105
372,12.4,170.50227026081527,153.490728222928,154.45043399977698,171.21348202987951,12.072362848315748,0.7885999156166703,0.3213102718007715,0.32794246077537537,0.6396575570106506,0.36034244298934937,0.31870055198669434,0.4019843339920044,178.93841806267693,170.50227026081527,153.490728222928,0.7928771042462551,0.6523790441693623
373,12.433333333333334,170.96994752877427,149.60417098800662,98.67136970381274,127.82012739657958,0.8556691824544771,0.10888764769419287,0.1729190156750041,0.29765544831752777,0.6093116998672485,0.39068830013275146,0.3777276277542114,0.4036489725112915,-179.76236050763123,170.96994752877427,149.60417098800662,0.7774095752022483,0.9406013212225526
374,12.466666666666667,174.6414037448918,165.5605235651128,150.26084327103698,151.91000004313756,4.252732816810294,0.5583183182965509,0.2142956623286776,0.3127177357673645,0.6203736960887909,0.3796263039112091,0.35729748010635376,0.40195512771606445,178.57503449823827,174.6414037448918,165.5605235651128,0.7682783558513179,0.9253121921135077
375,12.5,169.6407355233473,159.3368532904448,141.84363768558416,160.78257034108952,0.40287851371127203,0.6161272535057666,0.20582006449270812,0.35690276324748993,0.6433415412902832,0.3566584587097168,0.32070672512054443,0.39261019229888916,178.5615506232816,169.6407355233473,159.3368532904448,0.759368332046451,0.9230837156265536
376,12.533333333333333,172.48538824625214,151.78847790330286,123.81373710649385,157.75651816845345,8.968156034303234,0.742050148853758,0.209038911098932,0.36215078830718994,0.6616853475570679,0.33831465244293213,0.2826274633407593,0.394001841545105,175.08220318938626,172.48538824625214,151.78847790330286,0.7601540585358938,0.7506184381130703
377,12.566666666666666,175.9257286872591,160.14883445026246,139.97025484452092,147.73559741873697,8.73799723704036,0.6858979057217895,0.18736294427474362,0.3554341048002243,0.6392620503902435,0.36073794960975647,0.32670021057128906,0.3947756886482239,173.22193892865738,175.9257286872591,160.14883445026246,0.7534671236168254,0.8030221022010906
378,12.6,170.02870324280846,153.48644932501102,136.22570414022525,158.86809367561372,8.80137963946791,0.7546898653431554,0.20031518760262293,0.36935923993587494,0.6416577994823456,0.3583422005176544,0.31496661901474,0.40171778202056885,173.5955723212279,170.02870324280846,153.48644932501102,0.7551493554404287,0.5399168269256441
380,12.666666666666666,94.01865811332758,100.7481902124096,68.4936501021342,77.83080970611742,8.13786212515106,0.3857840838808364,0.06728443633061137,0.3223724961280823,0.6133719086647034,0.38662809133529663,0.37025731801986694,0.4029988646507263,179.14838615610893,94.01865811332758,100.7481902124096,0.7457988560199738,0.6974182665504911
382,12.733333333333333,164.26607283312623,162.3628138138306,169.16636923575905,170.78417603329225,2.7268857961782658,0.3470444405513579,0.013122607470665687,0.3341923952102661,0.6146992743015289,0.38530072569847107,0.375743567943573,0.39485788345336914,152.64171598602235,164.26607283312623,162.3628138138306,0.7317137356960413,0.6399185879481133
383,12.766666666666667,146.08801704805606,158.2202254002372,168.25886610678776,170.6157149116177,5.822775454824949,0.388969786983213,0.0314174958493997,0.3633391708135605,0.6494163274765015,0.35058367252349854,0.31229168176651,0.38887566328048706,149.0034210083266,146.08801704805606,158.2202254002372,0.7249062684449282,0.6297920004878532
386,12.866666666666667,167.45284047646058,164.83339486562372,171.70544700438953,172.5389774286415,0.9688793599289625,0.4388629383701844,0.05959786763650816,0.39903853833675385,0.6283077001571655,0.3716922998428345,0.3936922550201416,0.34969234466552734,123.74300257340373,167.45284047646058,164.83339486562372,0.707559630726323,0.577574174473115
387,12.9,156.29980945013514,161.9449193614361,178.26896131178404,177.77008981264478,0.06865119452660906,0.5625155412126519,0.03961176214811885,0.38783568143844604,0.6228949129581451,0.37710508704185486,0.3890395164489746,0.3651706576347351,121.24954905852454,156.29980945013514,161.9449193614361,0.7039237410733195,0.5630825549395195
388,12.933333333333334,144.92656745753007,161.82078107773728,173.7220181765366,174.15447593978072,2.6653771806400357,0.3360530567516232,0.026363360863195805,0.38832829892635345,0.6416073739528656,0.3583926260471344,0.32614582777023315,0.39063942432403564,122.28508649932651,144.92656745753007,161.82078107773728,0.7036327999649625,0.40574374821870673
389,12.966666666666667,144.16730360067277,155.2721110632877,168.87848759162998,175.13938412666758,0.4642284706129658,0.3003366823374036,0.058686457321976124,0.38715457916259766,0.6382762789726257,0.36172372102737427,0.3317068815231323,0.3917405605316162,119.75311714313243,144.16730360067277,155.2721110632877,0.7014752378066381,0.4068162652633598
390,13.0,152.44545320463078,151.91038481570266,171.32918003030747,173.6307915969261,2.1417762567309637,0.35301196630161924,0.03490064477776236,0.3747260719537735,0.6237640678882599,0.3762359321117401,0.3485996723175049,0.40387219190597534,114.58955449899523,152.44545320463078,151.91038481570266,0.6893602898626616,0.42995727958120045
391,13.033333333333333,149.59783661015737,149.70423105518844,172.07317394364705,172.9865761013037,1.9976370769635992,0.36026913320751586,0.07524791165766208,0.3793434649705887,0.6369840204715729,0.3630159795284271,0.3304160237312317,0.39561593532562256,111.43999892709353,149.59783661015737,149.70423105518844,0.6843966552705476,0.4689270292364059
392,13.066666666666666,147.29831942306254,151.7466536106738,172.13776858361194,172.36470883753802,3.586936814612727,0.3761270707764431,0.0723640828081239,0.387651652097702,0.6510063111782074,0.3489936888217926,0.30661284923553467,0.39137452840805054,112.5322113165172,147.29831942306254,151.7466536106738,0.6793616793372415,0.4594032673728691
394,13.133333333333333,148.6011827953322,147.76658153318513,162.30963757301453,169.9359086716745,0.21668341863971818,0.6615435107376849,0.2439149278110193,0.41857582330703735,0.6908392012119293,0.3091607987880707,0.23284876346588135,0.38547283411026,149.57653991527422,148.6011827953322,147.76658153318513,0.6791445025891969,0.3600056759215498
395,13.166666666666666,146.9419828121244,149.96735636381345,165.27248381424025,171.43463592051108,3.078494333937414,0.7003080441983469,0.18823981850648,0.4197096526622772,0.6924189627170563,0.3075810372829437,0.23346471786499023,0.3816973567008972,150.4346817220294,146.9419828121244,149.96735636381345,0.6819528598677028,0.28975751520316934
396,13.2,146.19242220491532,153.81668796511894,164.59104252298872,173.06534479248793,1.1148475516819758,0.6661365151892449,0.2166028825616546,0.41967038810253143,0.6898786723613739,0.3101213276386261,0.23341840505599976,0.38682425022125244,148.50487955333324,146.19242220491532,153.81668796511894,0.683362469980211,0.20760865922044322
397,13.233333333333333,146.48238223480107,154.81532306119348,172.28634496909712,175.2716575173314,1.8748669977557597,0.709982783118934,0.13471462975124493,0.41738952696323395,0.6901338994503021,0.3098661005496979,0.23307037353515625,0.3866618275642395,146.87812668775916,146.48238223480107,154.81532306119348,0.6863771537036607,0.05880767808867021
398,13.266666666666667,145.69620816169802,151.70096105075734,170.64561851714075,173.54917047854602,1.8730017046712248,0.6982796345978928,0.1066196147905993,0.41980910301208496,0.6911053657531738,0.30889463424682617,0.2311471700668335,0.38664209842681885,146.34719035365382,145.69620816169802,151.70096105075734,0.6852095357396386,0.05322555402201525
399,13.3,156.36642611089314,157.27885662909154,170.5075888868309,174.1550550064107,1.2541170623321705,0.6744542204506648,0.1115027250132761,0.4199233502149582,0.6915030181407928,0.30849698185920715,0.23117780685424805,0.38581615686416626,145.90536338030853,156.36642611089314,157.27885662909154,0.6857291916103074,0.04262696226154563
400,13.333333333333334,151.64201729412994,156.0436685955226,171.31240936903626,174.61043785653044,2.010481460002495,0.6979868845275926,0.09636290875199224,0.42089948058128357,0.6917782127857208,0.3082217872142792,0.2306504249572754,0.38579314947128296,144.83120856167866,151.64201729412994,156.0436685955226,0.6870068361361822,0.04061716263560605
401,13.366666666666667,152.68151480911445,157.59471296428356,171.18008815104565,174.3571531241477,2.795064422772498,0.6912000374335596,0.13600603709226314,0.4210412949323654,0.6925392746925354,0.3074607253074646,0.23067986965179443,0.38424158096313477,144.03789536446118,152.68151480911445,157.59471296428356,0.6900099859093175,0.03459558489438447
402,13.4,155.0157530806021,159.07410915700635,170.3536181991987,174.46352305851005,2.7068017906724435,0.6866705157327403,0.14530679854486564,0.4203229397535324,0.6943630278110504,0.3056369721889496,0.23070478439331055,0.3805691599845886,143.59204567525168,155.0157530806021,159.07410915700635,0.6904475833430435,0.04672136005638904
403,13.433333333333334,159.08366795350844,160.75630580790474,169.8914381753412,174.25549968784264,3.1284339755769963,0.6541424836111803,0.11983214742900014,0.4187457859516144,0.6940723359584808,0.30592766404151917,0.23073410987854004,0.3811212182044983,143.5793809827969,159.08366795350844,160.75630580790474,0.691384548942248,0.04208948221365881
404,13.466666666666667,158.73724094058042,160.93135454603902,167.63035935996746,173.65347922010963,3.7866669063078575,0.6535907397714193,0.14410879854537087,0.4168411195278168,0.6925557553768158,0.3074442446231842,0.23127007484436035,0.38361841440200806,145.4300184926068,158.73724094058042,160.93135454603902,0.6940352821891959,0.05596150722290846
405,13.5,157.56836398969207,161.16848517328776,168.72804583915334,174.12349957880974,3.0659553730318976,0.6231844332075391,0.1509070095730378,0.41699016094207764,0.6923648416996002,0.3076351583003998,0.2313118577003479,0.38395845890045166,144.9195127416938,157.56836398969207,161.16848517328776,0.6924120616732221,0.05568512374377591
406,13.533333333333333,158.68741939828678,156.7701828807212,169.2426525222907,175.74575115401822,3.2896649892648497,0.6360683406711737,0.1390332980296773,0.4171854555606842,0.6892848610877991,0.3107151389122009,0.23263871669769287,0.388791561126709,144.64160552124926,158.68741939828678,156.7701828807212,0.6920895350701881,0.06061876262325023
407,13.566666666666666,156.47150765805034,159.73308323300316,169.03722433346772,176.15871860645788,4.18635781986211,0.6419318688874478,0.14242588333406117,0.4168088585138321,0.6911615133285522,0.30883848667144775,0.232690691947937,0.3849862813949585,143.02489568132424,156.47150765805034,159.73308323300316,0.69370854668545,0.0470599296759784
408,13.6,158.5283362081889,161.58580461870142,170.62593149529363,175.67913353430768,2.9380203893565238,0.6440032135794167,0.12555016306782246,0.4153528958559036,0.6892209947109222,0.31077900528907776,0.23594850301742554,0.38560950756073,140.9670915956236,158.5283362081889,161.58580461870142,0.6956918989167069,0.05000424376351333
409,13.633333333333333,157.9399764052225,157.98650018054843,168.81387984210127,179.0193637670642,3.775004273871332,0.6674038472784716,0.10735931676033764,0.41550642251968384,0.689304769039154,0.31069523096084595,0.23578214645385742,0.3856083154678345,142.02093607819208,157.9399764052225,157.98650018054843,0.701433109514641,0.038079010911912306
410,13.666666666666666,153.53374688544793,156.0543350619901,167.24241521101317,178.86502291848046,4.316323144981652,0.6933597108150011,0.1314985648399387,0.416170135140419,0.6896156668663025,0.3103843331336975,0.23559147119522095,0.3851771950721741,141.9428345821491,153.53374688544793,156.0543350619901,0.7043122707894354,0.03328563377647437
411,13.7,145.81328688659178,150.45067347691716,170.89112540354571,174.51884103228087,4.622490903305533,0.6887737960478924,0.09192688883889749,0.4172683507204056,0.6895855963230133,0.3104144036769867,0.23567485809326172,0.38515394926071167,141.5338464677166,145.81328688659178,150.45067347691716,0.7012128635789409,0.0685545249514001
412,13.733333333333333,144.54941719997123,150.3407550680819,167.9255559590018,171.67302947165888,5.998703925953777,0.6861001603227582,0.1008939337187783,0.4183797389268875,0.689677357673645,0.310322642326355,0.23542135953903198,0.385223925113678,141.46622640908762,144.54941719997123,150.3407550680819,0.7030172108700781,0.12908615256559167
413,13.766666666666667,144.16335094676876,143.8657029038511,173.12650868291183,170.3787030990895,4.708350254419315,0.6177023643371305,0.07841317653710851,0.41897331178188324,0.6979602575302124,0.3020397424697876,0.2358616590499878,0.3682178258895874,140.2222347782511,144.16335094676876,143.8657029038511,0.703570183930975,0.2590149169112269
414,13.8,143.01818213895504,145.62334816052592,170.26526530255228,170.38549905482745,4.901523011799895,0.596188675337732,0.07957673732290488,0.42839208245277405,0.6938827335834503,0.3061172664165497,0.2412624955177307,0.37097203731536865,139.7415442094842,143.01818213895504,145.62334816052592,0.7037590186704289,0.3009896699492725
415,13.833333333333334,138.41729322753739,154.41168848694227,161.96677818727562,171.2573443704184,4.608026046874414,0.7529657230117006,0.14452433163348802,0.41225576400756836,0.6783640682697296,0.3216359317302704,0.2717322111129761,0.3715396523475647,141.03690426101628,138.41729322753739,154.41168848694227,0.7095541073517366,0.6028779352970624
416,13.866666666666667,107.94967808581487,131.9523065924169,160.01359522511902,168.4047868946947,5.4380710362443665,0.8482747575393401,0.12795421554358133,0.40582428872585297,0.6734492182731628,0.32655078172683716,0.28089940547943115,0.37220215797424316,142.15420994661415,107.94967808581487,131.9523065924169,0.7188507571364894,0.6679703278077286
417,13.9,174.842669957801,165.84876214996484,161.6199597636968,174.32301384978953,1.7534083305626211,0.8461553087565407,0.09624306475099384,0.43156854808330536,0.6289265751838684,0.3710734248161316,0.35484951734542847,0.3872973322868347,140.87372495372392,174.842669957801,165.84876214996484,0.7240840332074598,0.7828583944688425
418,13.933333333333334,173.7710720994837,170.2426444694039,162.04443754462375,176.54606043967578,1.4706893581294764,0.7791474492355179,0.09102167167144919,0.4395948201417923,0.6115365922451019,0.38846340775489807,0.3790775537490845,0.39784926176071167,152.9128239796003,173.7710720994837,170.2426444694039,0.729643417578755,0.7671772828924935
419,13.966666666666667,175.94350858359599,176.8263317862242,172.1078665643903,176.04447663378164,3.194608070406616,0.8242805853600719,0.07295080035666844,0.4139074832201004,0.5972118675708771,0.4027881324291229,0.4031275510787964,0.40244871377944946,136.2316249768338,175.94350858359599,176.8263317862242,0.7230503870682283,0.7605436955102722
420,14.0,141.62644855058318,152.40424444537103,161.6102555772833,175.41119730176337,2.0329930976712376,0.8143438045966154,0.07554681886161883,0.41686612367630005,0.6167634725570679,0.38323652744293213,0.3610096573829651,0.40546339750289917,144.8084696081825,141.62644855058318,152.40424444537103,0.7345425396254568,0.5393365698949556
421,14.033333333333333,71.85902097189029,71.06289601236604,177.8455200257508,176.21327196591795,2.108293368784473,0.903082460753094,0.0603634220688584,0.418948158621788,0.6234349608421326,0.37656503915786743,0.34789931774139404,0.4052307605743408,142.88455703528012,71.85902097189029,71.06289601236604,0.7337866416483214,0.44547323913909487
423,14.1,82.62383393119805,161.14685142504393,50.12388753982018,65.08241448491196,2.1162669581307227,0.8864302881068367,0.15261388675462748,0.4426240921020508,0.6064743995666504,0.3935256004333496,0.36703670024871826,0.42001450061798096,-86.42403172509752,82.62383393119805,161.14685142504393,0.7437558589559613,0.28745244151675503
424,14.133333333333333,130.22593957126412,169.67370007305388,61.63738915539468,73.55753678378957,3.706359257719754,0.941333330624798,0.19647719011679485,0.44212938845157623,0.6030004620552063,0.3969995379447937,0.3738870620727539,0.4201120138168335,-91.8374628209135,130.22593957126412,169.67370007305388,0.7574566069877509,0.2168061142308249
425,14.166666666666666,96.47374050947602,169.02428854650265,73.0451733262009,76.75091496494778,1.3654180197471248,0.9602799414591626,0.21668478193658863,0.4416448324918747,0.5999641716480255,0.4000358283519745,0.38130050897598267,0.4187711477279663,-94.04823974029266,96.47374050947602,169.02428854650265,0.7730361737988212,0.17707229156369086
426,14.2,113.72106732972938,169.76133556543587,76.1122973674141,99.50064366723491,1.1487404117917208,1.072029564068142,0.22151121229459234,0.44593346118927,0.5932110548019409,0.4067889451980591,0.3947945833206177,0.4187833070755005,-96.05434424464103,113.72106732972938,169.76133556543587,0.7856446269786719,0.10499881939047108
427,14.233333333333333,132.41011430709037,170.3713296746117,96.09100160659183,109.68849982784256,1.2546352134237964,1.1136246834387131,0.23084906138904437,0.4456319212913513,0.5934194028377533,0.4065805971622467,0.39435040950775146,0.41881078481674194,-95.8998612167178,132.41011430709037,170.3713296746117,0.7978486337444999,0.10673556989895884
428,14.266666666666667,82.96529927356298,139.87133616122904,74.76420495534862,65.54009396956523,0.7731333797267439,1.087520511544141,0.2465882329694329,0.4436333626508713,0.5950028002262115,0.40499719977378845,0.39428240060806274,0.41571199893951416,-95.88247186249936,82.96529927356298,139.87133616122904,0.8118643887115248,0.10340879971760657
429,14.3,87.90194557825896,132.52711118477447,73.39566267886894,68.26553885476456,0.06999771582610492,1.0405736815030533,0.22716769784885346,0.43992114067077637,0.594198077917099,0.405801922082901,0.39505261182785034,0.41655123233795166,-94.71235840049359,87.90194557825896,132.52711118477447,0.8243005239602291,0.06784705488001885
430,14.333333333333334,94.76028329469345,81.72179773488486,96.71814387822421,94.93451400817689,0.8480673964130574,0.8438789142879776,0.24224134436978242,0.43759556114673615,0.593226820230484,0.406773179769516,0.39684879779815674,0.41669756174087524,-91.69909122290474,94.76028329469345,81.72179773488486,0.8355905233007489,0.09182537659883017
431,14.366666666666667,96.70818121976241,98.75704698835774,96.30005530702047,73.04955548669432,0.02852273361531843,0.8968872427070138,0.20001207541399552,0.43908123672008514,0.5946723222732544,0.4053276777267456,0.3993021249771118,0.4113532304763794,-90.82225897987061,96.70818121976241,98.75704698835774,0.8463768543619098,0.084224916193457
432,14.4,114.78244550138436,84.90286600101157,97.42492591265615,63.11677414332507,0.5431227497569182,0.8022367021798855,0.1837755965214687,0.4357357919216156,0.5974728465080261,0.4025271534919739,0.3983588218688965,0.40669548511505127,-91.69255081065623,114.78244550138436,84.90286600101157,0.8558200561639034,0.08634019524070878
433,14.433333333333334,125.87350760658127,92.09064463618436,96.37749394650207,63.027962059965,1.9327784170421864,0.7541049688807382,0.18254325770625154,0.43622487783432007,0.5986590087413788,0.4013409912586212,0.39999765157699585,0.4026843309402466,-91.73512456744437,125.87350760658127,92.09064463618436,0.8631886966300734,0.07627486782989779
434,14.466666666666667,121.1826376964347,92.1230309676362,89.98659072976191,64.66618313770024,1.4678056106940858,0.7550094013395305,0.1832317748317612,0.432679682970047,0.6008182466030121,0.3991817533969879,0.3984677195549011,0.3998957872390747,-92.09289007462779,121.1826376964347,92.1230309676362,0.8715757239948619,0.09053743405445414
435,14.5,113.04191547778476,89.99830388396369,93.44922877080074,74.30355623563754,1.161153598012561,0.7626307774778998,0.18231475529560806,0.4319629967212677,0.6012615263462067,0.39873847365379333,0.3975887894630432,0.39988815784454346,-92.17953819256196,113.04191547778476,89.99830388396369,0.8783081643509142,0.07628428448431956
436,14.533333333333333,105.03931214489953,104.92078060160267,89.1381022128916,72.12470023615009,0.6287291423332135,0.8059572131698963,0.18111579838281222,0.4363410621881485,0.6020581126213074,0.3979418873786926,0.39771950244903564,0.3981642723083496,-92.88023488163091,105.03931214489953,104.92078060160267,0.8840756560816909,0.08782728868397865
437,14.566666666666666,114.21316626498681,122.7065912138683,94.46208061591675,81.29899086233057,1.3743479485530088,0.7417624522556182,0.18230371966005882,0.43811769783496857,0.6029487550258636,0.39705124497413635,0.39762037992477417,0.39648211002349854,-92.26895036156336,114.21316626498681,122.7065912138683,0.8911233399853562,0.08606036751178968
438,14.6,119.27550090758103,111.98423957445118,108.90921024642871,79.31305963058438,1.3978809943433532,0.7608884403663697,0.18453720832085083,0.4412819445133209,0.6024276316165924,0.3975723683834076,0.3985934853553772,0.396551251411438,-92.36400711266539,119.27550090758103,111.98423957445118,0.8968530495961508,0.08807990077414743
439,14.633333333333333,103.68535108265698,101.79638205150427,80.55234171685285,79.18281038474495,2.2348621862262235,0.767872746401716,0.18761479883994533,0.44511231780052185,0.6019794642925262,0.39802053570747375,0.39913833141326904,0.39690274000167847,-91.7825521615866,103.68535108265698,101.79638205150427,0.9022223804936265,0.08983232014546871
440,14.666666666666666,107.08103664484617,90.71420871798547,84.74460793459457,82.70118321867531,1.9826062062280698,0.7308305036895462,0.1860312724950032,0.4461013972759247,0.6013372540473938,0.3986627459526062,0.40004801750183105,0.39727747440338135,-90.1167800486372,107.08103664484617,90.71420871798547,0.9073034199801359,0.10297152246601385
441,14.7,93.90527632409943,91.71171249362907,69.30062651052332,76.16167469700687,1.0473544611606371,0.8486152144939048,0.19049378409652873,0.4508068263530731,0.6019251644611359,0.39807483553886414,0.39979809522628784,0.39635157585144043,-88.9135115448575,93.90527632409943,91.71171249362907,0.9115606329657815,0.11014968066440955
442,14.733333333333333,84.8732791541145,86.79654264229174,60.98418029348637,61.524239835798454,0.9603917811419649,0.9171979467750688,0.1958597009649633,0.4548919200897217,0.6027977466583252,0.3972022533416748,0.39887988567352295,0.39552462100982666,-89.31640466329175,84.8732791541145,86.79654264229174,0.9151912819255482,0.11829550409184016
443,14.766666666666667,85.63155667121441,83.44008547840284,75.32190559124943,72.65391829568856,1.2105105955133695,0.9577620942106442,0.19294155939349547,0.45928871631622314,0.6030357182025909,0.39696428179740906,0.3985590934753418,0.3953694701194763,-88.80028430721602,85.63155667121441,83.44008547840284,0.9194528135386381,0.154670492731175
444,14.8,85.36985433710953,82.51817510813139,71.75563183441407,72.57773361440636,1.241989291170512,0.9378222818955156,0.1911010857477752,0.46443305909633636,0.6038860082626343,0.3961139917373657,0.39802026748657227,0.3942077159881592,-87.85645078804467,85.36985433710953,82.51817510813139,0.9230464967814359,0.16452397917364717
445,14.833333333333334,81.72137933072676,87.18040702882756,65.99998028752567,72.66997387015834,1.2499841598120156,0.9163110842208073,0.19442651992424154,0.4716723710298538,0.604075163602829,0.395924836397171,0.39800411462783813,0.3938455581665039,-87.82554933280406,81.72137933072676,87.18040702882756,0.9262952100146901,0.172442583834325
446,14.866666666666667,76.14927616985338,84.13763482453824,69.21150927551838,70.93618434618155,1.75860976934689,0.9024854558114408,0.19796447780430132,0.47805649042129517,0.6040324568748474,0.3959675431251526,0.3980116844177246,0.39392340183258057,-89.14180039988412,76.14927616985338,84.13763482453824,0.9301158514889803,0.16027492569070811
447,14.9,71.55445935181456,83.47828518439742,63.72558423216903,72.38604816859281,2.5704439499065757,0.9054825486380428,0.20547147785600528,0.48348502814769745,0.6048974096775055,0.3951025903224945,0.39798134565353394,0.3922238349914551,-90.47832730639735,71.55445935181456,83.47828518439742,0.9325959248976274,0.14805219024003763
448,14.933333333333334,72.53073512628657,83.96132332753457,58.57585165966122,54.46116783999434,3.0621382041000516,0.9249633209337137,0.26987497279963835,0.48566147685050964,0.6058487594127655,0.3941512405872345,0.39745593070983887,0.3908465504646301,-91.82444316601111,72.53073512628657,83.96132332753457,0.9351573116851576,0.11085925920511877
449,14.966666666666667,75.04362672251489,83.63932449224208,75.56178263137248,53.21512231130951,3.6185360349460325,0.9144645461651472,0.3473229360328085,0.4888383448123932,0.6058795750141144,0.3941204249858856,0.39705121517181396,0.3911896347999573,-91.5776590969214,75.04362672251489,83.63932449224208,0.9381272847002203,0.07732423551801536
450,15.0,79.84579242409448,79.61578465567133,67.46784746175265,51.48355896374594,4.35568990531965,0.9334055208142165,0.26905147052111666,0.48794056475162506,0.6064103841781616,0.3935896158218384,0.39633405208587646,0.3908451795578003,-91.43015655109886,79.84579242409448,79.61578465567133,0.9407467715667955,0.053981462873639384
451,15.033333333333333,77.0251175496408,83.36458341906918,76.83050091797267,60.30034584683521,4.993387589807867,0.9145665543677093,0.2487784587957098,0.4886675029993057,0.6067324578762054,0.39326754212379456,0.39569103717803955,0.39084404706954956,-90.8399004747283,77.0251175496408,83.36458341906918,0.9430991808573405,0.04276384630150269
452,15.066666666666666,75.59154933453952,81.8378974048214,71.31477028724825,57.702071375779376,4.942750303040384,0.9283168092202226,0.24914726762799638,0.4894239157438278,0.6081497967243195,0.39185020327568054,0.39421546459198,0.3894849419593811,-91.24177472128433,75.59154933453952,81.8378974048214,0.9449931437318976,0.03352569432042021
453,15.1,77.5591442101937,83.41811735883563,77.54996286403947,64.04641429597514,5.335251036000045,0.8858483998877632,0.24240382927004625,0.48911914229393005,0.6085533201694489,0.39144667983055115,0.39362454414367676,0.38926881551742554,-90.99634583068384,77.5591442101937,83.41811735883563,0.9466390573617184,0.028466894898994278
454,15.133333333333333,79.4355480014243,78.59253701604771,61.703872803152635,66.1589472403683,5.175789389736337,0.8835121321742834,0.21251178006088223,0.48871004581451416,0.6101387143135071,0.3898612856864929,0.39117300510406494,0.3885495662689209,-91.08589484481527,79.4355480014243,78.59253701604771,0.9484153173186562,0.03420534992493494
455,15.166666666666666,79.21117933952195,77.65163119455678,76.90032597821413,71.82079240643219,4.716509476682631,0.8522139764948145,0.21579247190462136,0.4885599911212921,0.6102706789970398,0.3897293210029602,0.39094215631484985,0.38851648569107056,-91.55251019758421,79.21117933952195,77.65163119455678,0.9489825566609701,0.03712465606952468
456,15.2,74.19943555987324,74.25635981493352,62.03168578000375,66.46070708395204,4.431983028936656,0.9030118437305868,0.20720719039213967,0.4875081181526184,0.6116711497306824,0.3883288502693176,0.3902602195739746,0.38639748096466064,-92.15470697738655,74.19943555987324,74.25635981493352,0.9498569441564155,0.04597106842565721
457,15.233333333333333,72.48202709287192,85.47678329874472,59.177448616866194,63.202121311161704,4.536819133643121,0.8493203504583587,0.21210335274156628,0.4870713800191879,0.613718181848526,0.386281818151474,0.38923752307891846,0.38332611322402954,-92.77428344306301,72.48202709287192,85.47678329874472,0.9496595209295099,0.05419834974891995
458,15.266666666666667,68.75955724723086,88.1912201108727,52.70644167441529,58.161170873810164,5.323156973832738,0.8911581576288483,0.20789092778754756,0.48588740825653076,0.6153053045272827,0.3846946954727173,0.38901519775390625,0.3803741931915283,-92.21097497436433,68.75955724723086,88.1912201108727,0.9498074235338153,0.07812621591424698
459,15.3,70.61488087770866,91.06689011881203,50.77109696026907,58.404122982260674,4.4259659072844215,0.895415759425287,0.2123797836208934,0.4830300360918045,0.6162469685077667,0.3837530314922333,0.38777291774749756,0.379733145236969,-91.65995920231069,70.61488087770866,91.06689011881203,0.9506011785882892,0.07933450844088764
460,15.333333333333334,60.97169600447307,88.94083312879509,52.48154750334924,58.866509437067656,3.9635029066657523,0.9395007854830898,0.2221581481100347,0.4788558632135391,0.6159093379974365,0.3840906620025635,0.38870418071746826,0.3794771432876587,-90.68406111363157,60.97169600447307,88.94083312879509,0.949232406688459,0.08325206006869224
461,15.366666666666667,71.24571040014465,85.22138349188717,53.89790532781785,54.86926966023158,4.088674469004388,0.9284658883006294,0.2151289943687381,0.47745881974697113,0.6145447790622711,0.3854552209377289,0.39188581705093384,0.3790246248245239,-90.82108956612228,71.24571040014465,85.22138349188717,0.9466856862559463,0.08120915369396078
462,15.4,74.60264146003665,86.09689016284449,54.50397485042981,55.421646428991,3.9948000127578496,0.9362772245162554,0.21165206439857742,0.4749585837125778,0.6156803369522095,0.3843196630477905,0.3894975185394287,0.37914180755615234,-90.85136824643125,74.60264146003665,86.09689016284449,0.9475877194693594,0.08172740821419147
463,15.433333333333334,76.10491497672852,85.68224338215988,65.55731385453846,65.94620568882237,3.8064262873866426,0.9516851102528007,0.20821615019978867,0.4733346253633499,0.615906298160553,0.384093701839447,0.38871079683303833,0.3794766068458557,-91.13102172364077,76.10491497672852,85.68224338215988,0.9476651115850969,0.05984901229723577
464,15.466666666666667,76.01718372369979,86.34395067928595,65.45021111117816,63.51210783544696,3.664499015396416,0.9473145441077482,0.21029659219839592,0.4702976197004318,0.616502195596695,0.38349780440330505,0.38759690523147583,0.3793987035751343,-91.12655634952982,76.01718372369979,86.34395067928595,0.947960002855821,0.05380592667903401
465,15.5,74.40112958021612,88.36898585380662,68.92869374543581,64.60242718055243,3.4053947149086525,0.8868737474471747,0.21046654928941716,0.47082068026065826,0.616362452507019,0.38363754749298096,0.38771188259124756,0.37956321239471436,-90.81508455520847,74.40112958021612,88.36898585380662,0.9458877968065666,0.05211551216834438
466,15.533333333333333,75.51414826856893,88.10557323726994,67.8516647348896,65.2680153729077,3.699614044066408,0.9109921930155999,0.21095393254845188,0.47176218032836914,0.6162734031677246,0.3837265968322754,0.38864171504974365,0.37881147861480713,-90.39949384254523,75.51414826856893,88.10557323726994,0.9443102767973235,0.06919572603992225
467,15.566666666666666,72.52113112254052,85.22492868810647,71.03900063736116,71.16022328093143,3.4886696385397613,0.8873930768971106,0.21297609649743915,0.47421538829803467,0.6165068745613098,0.3834931254386902,0.3886762261390686,0.37831002473831177,-89.54725935332179,72.52113112254052,85.22492868810647,0.9440057638919714,0.07147235954771773
468,15.6,70.6191686941084,92.05114474028768,70.0730624693957,69.93434501489175,4.322633423111284,0.8920134734366401,0.2156982357162809,0.47832655906677246,0.6183027625083923,0.38169723749160767,0.38714057207107544,0.3762539029121399,-89.42951885542111,70.6191686941084,92.05114474028768,0.9441162564537742,0.091466324021712
469,15.633333333333333,72.73690143594003,90.52923330950861,66.25133718408219,69.812820077933,4.780467439372046,0.8231102640704996,0.22186594148544514,0.48179830610752106,0.6184373199939728,0.3815626800060272,0.3869639039039612,0.37616145610809326,-88.95206674080339,72.73690143594003,90.52923330950861,0.9437311273632627,0.10295342553811633
470,15.666666666666666,74.60395330561991,85.26051020862191,62.65146311835949,61.36605301752023,5.073568737077039,0.9131848213089743,0.23237570037203836,0.48515816032886505,0.6203653216362,0.37963467836380005,0.38505202531814575,0.37421733140945435,-89.84868243561641,74.60395330561991,85.26051020862191,0.9444147330341917,0.09403142712471603
471,15.7,71.1737866984884,85.87839449571037,61.79652463320662,60.80365713127442,5.659197320678686,0.853189151314626,0.2240820153712901,0.48752813041210175,0.6219666004180908,0.3780333995819092,0.383151650428772,0.3729151487350464,-91.32629807388807,71.1737866984884,85.87839449571037,0.944836827841672,0.07526960268975733
472,15.733333333333333,75.63490530042449,77.38397964315337,62.8223370512339,65.03410015760021,6.065257703923862,0.9235590334068128,0.21349513562717376,0.48763468861579895,0.6229380667209625,0.3770619332790375,0.38084089756011963,0.3732829689979553,-92.24339468226118,75.63490530042449,77.38397964315337,0.9464798659989329,0.05689670398962401
473,15.766666666666667,76.43605778596357,77.80642887313456,76.36115817452404,75.27162936330146,5.538297003056641,1.0115656132511994,0.20896946853372986,0.4872853755950928,0.6242517530918121,0.37574824690818787,0.37797898054122925,0.3735175132751465,-92.94932424227054,76.43605778596357,77.80642887313456,0.9478460496122186,0.15412520897304588
474,15.8,77.5428283452366,80.16219131335465,83.91304369650517,72.80235992856855,5.732680176204099,0.9682792985633928,0.2130581045198224,0.48687776923179626,0.6243131458759308,0.3756868541240692,0.3780917525291443,0.37328195571899414,-92.98760669370827,77.5428283452366,80.16219131335465,0.9484165708223978,0.2672959409039101
475,15.833333333333334,59.08270199603607,80.78039838086265,77.64007050857987,76.57644212691227,5.217427901858088,0.9535072301872899,0.2095586339145357,0.5059671849012375,0.6180890202522278,0.3819109797477722,0.3915160894393921,0.37230587005615234,-94.20380701914596,59.08270199603607,80.78039838086265,0.9477193156878153,0.34041776012718017
476,15.866666666666667,63.782915051551335,78.17652947008091,76.52941348867697,63.23988923917517,5.206183942824737,0.9860842195743278,0.2146041923112799,0.4850258380174637,0.6238601207733154,0.37613987922668457,0.38162171840667725,0.3706580400466919,-96.1031663324589,63.782915051551335,78.17652947008091,0.947459385250554,0.35973261954212776
477,15.9,67.69560294583312,81.30421472442492,69.82389032745247,50.718372599648234,4.7187854840458385,0.9643874941613544,0.2948521162687617,0.472099706530571,0.6263526976108551,0.3736473023891449,0.3776291608810425,0.3696654438972473,-96.65099993130384,67.69560294583312,81.30421472442492,0.9468379851543542,0.3845676703393029
478,15.933333333333334,75.57505058366118,78.56011631733377,61.670625149536015,51.00338736705486,5.233844858804332,0.9842406943245966,0.22644030201245668,0.4683205783367157,0.6289373934268951,0.37106260657310486,0.3750365376472473,0.3670886754989624,-96.05760749129347,75.57505058366118,78.56011631733377,0.9477869488976218,0.2703226373545709
479,15.966666666666667,73.08425099156781,82.10850918319957,60.79667151197814,53.871594419462134,4.936289768735605,0.9858921002100322,0.21771251862451335,0.46381744742393494,0.6282764375209808,0.37172356247901917,0.37574928998947144,0.3676978349685669,-94.88643048780638,73.08425099156781,82.10850918319957,0.9463208173260544,0.16754446161127895
480,16.0,74.14906184958302,84.54755741184748,60.70013332932128,55.96711276198568,4.416759202224625,0.9935224854075887,0.20230540218884033,0.46341562271118164,0.6292331218719482,0.37076687812805176,0.37501686811447144,0.3665168881416321,-94.12624335682456,74.14906184958302,84.54755741184748,0.9434380928675333,0.1016480710337164
481,16.033333333333335,74.52915117941268,85.04061963807105,64.57736896327839,57.226684030036864,4.095503758064211,0.9909553578971719,0.20649406022565925,0.459163561463356,0.6309678554534912,0.3690321445465088,0.37287890911102295,0.36518537998199463,-94.69369036576599,74.52915117941268,85.04061963807105,0.9422888033317797,0.08972075656564445
482,16.066666666666666,79.6559326099233,79.78332242824239,72.74658322817757,69.8855317189385,4.0031087244555295,0.9872359565230613,0.20356525953146154,0.45744504034519196,0.6323116421699524,0.3676883578300476,0.3699607849121094,0.36541593074798584,-94.3933198949423,79.6559326099233,79.78332242824239,0.9427106272090565,0.07777926954111103
483,16.1,77.38404138209859,81.70202203908588,73.4237045498024,66.219637599285,4.150391828620968,0.9838874224337895,0.2027836275842991,0.4551292657852173,0.6334728300571442,0.36652716994285583,0.3697461485862732,0.3633081912994385,-93.60396263385836,77.38404138209859,81.70202203908588,0.9429330590999487,0.07713293005118604
484,16.133333333333333,81.06971502311588,84.10140887722017,71.93408357640664,64.35418967446492,3.5398312589802856,0.9414094490270952,0.2026970374664094,0.45626671612262726,0.6357675194740295,0.36423248052597046,0.3665440082550049,0.36192095279693604,-93.67852642748055,81.06971502311588,84.10140887722017,0.9423633831920046,0.06554269010964563
485,16.166666666666668,83.58248640098759,84.26022380584583,73.58333295914181,63.80092972410216,3.222760554670458,0.9105279058717296,0.20218130685664057,0.45696164667606354,0.636385440826416,0.363614559173584,0.3660534620285034,0.36117565631866455,-93.80927218501378,83.58248640098759,84.26022380584583,0.9425053217194297,0.08765925817685108
486,16.2,75.97841290316975,85.27917344267165,71.18133923444917,62.360205471273076,3.4662241847346706,0.901584537800909,0.20220846548887023,0.4595789611339569,0.6368634402751923,0.36313655972480774,0.3666685223579407,0.3596045970916748,-93.63786846623856,75.97841290316975,85.27917344267165,0.9399014440449801,0.1914427177925895
487,16.233333333333334,70.16890274041612,85.90676207099659,72.30615464616142,72.75860411146131,4.120932612228216,0.9138007518554353,0.2031484992243796,0.4650445282459259,0.6347288191318512,0.3652711808681488,0.371557354927063,0.3589850068092346,-92.3896682424629,70.16890274041612,85.90676207099659,0.9372651288003633,0.22206324957550289
488,16.266666666666666,92.55752256619247,90.66066552083682,66.80022939944583,71.70403417622424,3.8853643330926104,0.9048280661478462,0.20189094111010494,0.48475511372089386,0.6320795118808746,0.36792048811912537,0.37981516122817993,0.3560258150100708,-92.01202658917954,92.55752256619247,90.66066552083682,0.9333486177704551,0.22391738417147397
489,16.3,65.9661825334453,80.30399957477992,64.29333765632754,60.87597075574334,4.618978557587383,0.9546444847148283,0.20212606178598744,0.47901788353919983,0.6371617913246155,0.3628382086753845,0.3694213032722473,0.35625511407852173,-92.69244563566863,65.9661825334453,80.30399957477992,0.9348609013990923,0.2156469269545089
490,16.333333333333332,67.9402573489487,81.5927532369699,65.44188371524882,64.74978633627487,4.8637664608192495,0.9512299523142955,0.20842512120267082,0.4796208292245865,0.6382441222667694,0.3617558777332306,0.36688458919525146,0.3566271662712097,-93.5858840393974,67.9402573489487,81.5927532369699,0.9351172067902305,0.18525948449061252
491,16.366666666666667,68.89752495334518,83.01016350175168,56.36272115454458,58.98995074917463,4.830173253633575,0.9441468069957386,0.21281925617668265,0.47914768755435944,0.6394358277320862,0.3605641722679138,0.3653336763381958,0.35579466819763184,-93.62405984653523,68.89752495334518,83.01016350175168,0.9340737371733694,0.07279284304585658
492,16.4,70.52632234276015,81.63959310990218,67.09538386553312,69.81174807115454,5.174191034694843,0.8967319170727203,0.21111981619119288,0.4799446761608124,0.6395343244075775,0.3604656755924225,0.36483538150787354,0.35609596967697144,-93.2682206957076,70.52632234276015,81.63959310990218,0.9339071692842426,0.030989958658336942
493,16.433333333333334,69.60929254968376,83.27465243569348,66.86001293237875,66.42309633620991,5.590874882028629,0.9168978188144876,0.2020835052177353,0.4789719134569168,0.6401352286338806,0.3598647713661194,0.3635849356651306,0.35614460706710815,-93.08490980335144,69.60929254968376,83.27465243569348,0.9345346996278474,0.04613483208047148
494,16.466666666666665,72.27711665949947,81.21856302841316,69.3549718205691,68.26629147722318,5.564315305691821,0.9327520646829627,0.1915262773795208,0.4782789498567581,0.6400566399097443,0.35994336009025574,0.3640459179878235,0.355840802192688,-93.19028417903341,72.27711665949947,81.21856302841316,0.9345055005767129,0.05746835819415866
495,16.5,74.58821014073038,79.42325786571153,69.60937863740997,68.13192355337054,5.272078859795386,0.9463106518871807,0.19153371667911806,0.47468291223049164,0.6411654055118561,0.3588345944881439,0.36207765340805054,0.3555915355682373,-93.31568827883945,74.58821014073038,79.42325786571153,0.9356015162034468,0.06756768110348473
496,16.533333333333335,74.92976356877067,78.39521163694862,72.48824322828858,70.24631713102457,4.5371204658829924,0.9477258928686032,0.1918305396546196,0.4725395292043686,0.6435024738311768,0.35649752616882324,0.35839003324508667,0.3546050190925598,-94.47272665394028,74.92976356877067,78.39521163694862,0.9369156487060316,0.07763260726630143
497,16.566666666666666,74.62320855160591,81.92507572757297,75.20022106983893,70.47457561343829,4.383284757527491,0.936211234703344,0.19304409302030406,0.4702471047639847,0.6444649398326874,0.3555350601673126,0.357200562953949,0.35386955738067627,-95.06086907109088,74.62320855160591,81.92507572757297,0.9358770395770217,0.10394845655485999
498,16.6,76.06040412592361,79.84288299914445,77.80483801105389,74.25562821317565,4.289326810699549,0.979367736087049,0.1918397446871389,0.4679480046033859,0.6460994184017181,0.35390058159828186,0.35513365268707275,0.35266751050949097,-94.90756174698663,76.06040412592361,79.84288299914445,0.9364755749702454,0.11042267380875928
499,16.633333333333333,74.78534717048288,77.57994459450418,71.71251710742801,72.19787725395923,3.8914880370789717,0.9675127074421995,0.19345701281711794,0.46292419731616974,0.6468753814697266,0.35312461853027344,0.3553391695022583,0.3509100675582886,-93.67016670384366,74.78534717048288,77.57994459450418,0.9354096199526931,0.11133583868155399
500,16.666666666666668,84.98580947764836,78.8126081093752,66.57869994588198,63.4968821223335,3.4854119485532635,0.9218902228432351,0.19195811620652756,0.45830075442790985,0.6483141183853149,0.35168588161468506,0.353315532207489,0.3500562310218811,-93.22867174041623,84.98580947764836,78.8126081093752,0.9349460132194288,0.10927051159170938
501,16.7,83.94024545235104,78.58814719861282,65.0144052449856,62.06315084988021,3.5605199459882897,0.9231054786852849,0.1932615593561586,0.455766886472702,0.6504644453525543,0.3495355546474457,0.3510708808898926,0.3480002284049988,-91.96349130732273,83.94024545235104,78.58814719861282,0.9361835465286718,0.09841094666268893
502,16.733333333333334,84.716745068855,80.47267265719343,66.23843046921964,57.720860020966406,3.28815423582472,0.9060038804061147,0.19429796167468683,0.4547342509031296,0.6523411571979523,0.34765884280204773,0.35063183307647705,0.3446858525276184,-91.58314634288405,84.716745068855,80.47267265719343,0.9357879414702907,0.07507457254160192
503,16.766666666666666,84.20295868514417,91.44254986257901,65.90647822977373,56.6702779810323,3.383408006888345,0.9236215588637554,0.19675079432044631,0.4545461982488632,0.6533344686031342,0.34666553139686584,0.35120922327041626,0.34212183952331543,-90.95759382349236,84.20295868514417,91.44254986257901,0.9347574241233595,0.05033106987063849
504,16.8,81.9553812151331,86.94879584219602,62.27550730306489,61.92672067584716,2.9325658947645366,0.9255432500182854,0.21111729488226028,0.4545283317565918,0.6545283198356628,0.34547168016433716,0.349021315574646,0.3419220447540283,-90.66465046811985,81.9553812151331,86.94879584219602,0.9357665939764543,0.037880870777103844
505,16.833333333333332,79.37108870813037,90.81393022193002,64.6671227433213,60.78711048538741,3.666232888146567,0.9229321101988125,0.19957173520999513,0.4548124670982361,0.6551879346370697,0.3448120653629303,0.34841811656951904,0.34120601415634155,-90.67482831630561,79.37108870813037,90.81393022193002,0.9356764247923186,0.03596110132830993
506,16.866666666666667,80.2667098137503,90.32616277325609,59.9390240418914,63.22476663696885,3.1709959728575825,0.8646516832031623,0.21382644168288137,0.45560966432094574,0.6561484932899475,0.3438515067100525,0.3469281792640686,0.3407748341560364,-90.77327375505324,80.2667098137503,90.32616277325609,0.9366449894327106,0.04802323509781891
507,16.9,79.70423903869168,92.16380404578838,67.70167961009241,70.41719503466436,3.4377575764377184,0.8667032727819052,0.20508915738026468,0.45633114874362946,0.6578216552734375,0.3421783447265625,0.3462795615196228,0.3380771279335022,-90.255354000755,79.70423903869168,92.16380404578838,0.9381173054377238,0.0535481991407162
508,16.933333333333334,76.90669515524972,85.76736701184849,75.954963987103,69.11981248511992,3.0354351824053936,0.9360611505954554,0.19745038715176141,0.4579512029886246,0.6603718996047974,0.33962810039520264,0.343880295753479,0.33537590503692627,-89.66414119407314,76.90669515524972,85.76736701184849,0.9397713541984558,0.060899237633313376
509,16.966666666666665,74.97383191017417,87.65663456073455,72.20254062244462,68.02822661519642,2.2374557320377164,0.9599783152930864,0.19909144709316437,0.46002666652202606,0.6607779562473297,0.3392220437526703,0.3444981575012207,0.3339459300041199,-89.67359801468909,74.97383191017417,87.65663456073455,0.9400913209626169,0.06359200408899376
510,17.0,74.36169166317785,90.3142459346844,74.580053263625,72.36337070107813,2.4627060368160585,0.952352120396516,0.19971612254499643,0.4614466726779938,0.6621047258377075,0.3378952741622925,0.3426319360733032,0.33315861225128174,-89.78412395055572,74.36169166317785,90.3142459346844,0.9404408787236069,0.06331651738804792
511,17.033333333333335,74.98558637379018,91.24821724334454,67.87373374690435,70.94617792495956,2.0470413618967314,0.9485388384269043,0.20137037833574364,0.4630205035209656,0.662739634513855,0.337260365486145,0.34259235858917236,0.3319283723831177,-90.17950803973598,74.98558637379018,91.24821724334454,0.9391237677949847,0.18719738422868543
512,17.066666666666666,76.52982987667687,89.86215981581951,67.89578253241064,72.73499956796577,2.7995628908981303,0.9629206658371379,0.2039892059147343,0.4645773023366928,0.6635947227478027,0.33640527725219727,0.34254175424575806,0.3302688002586365,-90.93432072173253,76.52982987667687,89.86215981581951,0.9395510138887347,0.19958995350257366
513,17.1,75.65613759085257,90.32799716250106,64.08789530885451,74.06847085792363,3.4739587938184684,0.9568906799950467,0.20189871524017758,0.4877329170703888,0.6586959958076477,0.3413040041923523,0.3525303602218628,0.3300776481628418,-91.32524243782224,75.65613759085257,90.32799716250106,0.9384908296845176,0.2306152513148236
514,17.133333333333333,68.92119545091414,93.60743248653014,63.52938012318718,75.2202291493459,2.8200934949423413,0.9240094808075044,0.20377160557704233,0.4917275607585907,0.6574642360210419,0.34253576397895813,0.3549436926841736,0.3301278352737427,-91.83232129856219,68.92119545091414,93.60743248653014,0.9367115046038772,0.2751605931384355
515,17.166666666666668,95.55617403887314,91.03027177859187,63.484224940377494,74.78167706165337,3.0540051488444533,0.9266447430684955,0.20266137591580333,0.485726073384285,0.6612845659255981,0.33871543407440186,0.3475383520126343,0.32989251613616943,-92.88741692697847,95.55617403887314,91.03027177859187,0.9360630602547617,0.26731274886899054
516,17.2,74.70058865913047,87.50569233531186,73.83570008958114,75.04413206909614,3.494936599337734,0.9404526013100645,0.2035537744034768,0.47681255638599396,0.6632203459739685,0.3367796540260315,0.3434629440307617,0.33009636402130127,-93.46813481545941,74.70058865913047,87.50569233531186,0.9371941179940195,0.13145092593309715
517,17.233333333333334,71.8153729629716,86.62514618255503,75.97522152821168,74.00280211335772,3.9830264586234705,0.9377687348313622,0.20609823003611294,0.4771684259176254,0.6629160940647125,0.3370839059352875,0.34379875659942627,0.3303690552711487,-93.58463770775917,71.8153729629716,86.62514618255503,0.9374826713041826,0.12477659913691339
518,17.266666666666666,68.30697400711368,83.6533832951061,75.0654347809417,73.68604784278706,3.74544287489843,0.9371527722305463,0.21015265630777105,0.476547434926033,0.6637309193611145,0.3362690806388855,0.34216415882110596,0.33037400245666504,-93.45267653353697,68.30697400711368,83.6533832951061,0.937278100938508,0.1338873651342536
519,17.3,72.49150218058924,85.50920168679636,70.27828760401859,66.52783277510514,3.1903264150093946,0.923403328146006,0.2080749464511442,0.4755759984254837,0.6666409075260162,0.33335909247398376,0.3368598222732544,0.32985836267471313,-93.41859179144673,72.49150218058924,85.50920168679636,0.9378426869710287,0.11053920290237282
520,17.333333333333332,70.32950638658133,86.6533591752649,63.76279310519799,64.64083628125293,3.287698894813161,0.9243265697048083,0.20517072421258387,0.4842026084661484,0.6663160026073456,0.3336839973926544,0.33858025074005127,0.32878774404525757,-93.34353023303915,70.32950638658133,86.6533591752649,0.9382820996371183,0.16810437351410057
521,17.366666666666667,65.76162266572645,93.45866657797494,59.28561979901475,74.32147903858409,3.1182346845107247,0.8622000610624186,0.23102775214909518,0.48919205367565155,0.6647483110427856,0.33525168895721436,0.3428760766983032,0.3276273012161255,-93.34612412285226,65.76162266572645,93.45866657797494,0.9386539061864217,0.19034902342079832
522,17.4,63.94315696049468,87.82121807448948,66.11158614830461,73.62462291687866,2.9541150947665074,0.8990775998017305,0.20628792553008773,0.4791333079338074,0.6650193333625793,0.33498066663742065,0.34263551235198975,0.32732582092285156,-93.3488928966293,63.94315696049468,87.82121807448948,0.9371662916559161,0.18098207207367875
523,17.433333333333334,73.60825317361555,87.8907468533728,87.40284028773557,82.18835915215182,3.3662763261691566,0.9051232836594013,0.2068616875275631,0.47513240575790405,0.6675459742546082,0.33245402574539185,0.33820557594299316,0.3267024755477905,-93.23318796256513,73.60825317361555,87.8907468533728,0.9382151274970083,0.16393370249289818
524,17.466666666666665,71.66673158846274,86.2845040126544,79.9483999565303,85.53828463229402,3.7210530117943392,0.9142925792536037,0.21111459255482037,0.47661302983760834,0.6678250432014465,0.33217495679855347,0.3387436866760254,0.32560622692108154,-93.07512194280869,71.66673158846274,86.2845040126544,0.9374222628998033,0.1387875022457324
525,17.5,77.94091930668196,86.51304738867968,81.79963392824811,80.67436790388932,3.545390125572567,0.9322537724653837,0.20843642864298337,0.4714711457490921,0.6704897284507751,0.32951027154922485,0.3335888981819153,0.3254316449165344,-93.07499513905958,77.94091930668196,86.51304738867968,0.938834674430616,0.08128095671893244
526,17.533333333333335,78.68961158861318,84.03071565736077,80.47398483550107,71.5494652307496,3.547089871943882,0.9420914454976274,0.21222043451666156,0.4707014411687851,0.6711874902248383,0.32881250977516174,0.3324384093284607,0.3251866102218628,-92.86251087119624,78.68961158861318,84.03071565736077,0.9400379531311266,0.05579197466970443
527,17.566666666666666,75.74195839050286,80.87197054376773,73.71192151647597,66.10962658047683,3.6737415740248878,0.9809630653808894,0.21316666475994273,0.47066332399845123,0.6716639399528503,0.32833606004714966,0.3313612937927246,0.3253108263015747,-93.21381275797886,75.74195839050286,80.87197054376773,0.940707696206642,0.10032879707936258
528,17.6,75.49194792693689,80.40854002540036,73.78290643199611,67.77989252493039,3.8790878580703634,0.9874729508111562,0.21380596668346397,0.47096505761146545,0.6712858080863953,0.32871419191360474,0.3320198655128479,0.3254085183143616,-93.220011137921,75.49194792693689,80.40854002540036,0.9409939737030955,0.09463176755142531
529,17.633333333333333,65.8300318513036,77.05560075909318,72.29046596633614,70.58374571590177,4.441972119343262,0.971681181878943,0.21624913117292976,0.47916507720947266,0.667750895023346,0.33224910497665405,0.3390740156173706,0.3254241943359375,-94.45434989271803,65.8300318513036,77.05560075909318,0.941358764966329,0.10034214337458232
530,17.666666666666668,79.45940307308301,75.17460708707436,65.06767470062326,65.83994520715807,4.49752499149875,0.9840983578357606,0.21268079718589547,0.4755243957042694,0.67094287276268,0.32905712723731995,0.3330780267715454,0.3250362277030945,-96.00182631053707,79.45940307308301,75.17460708707436,0.9426962552648602,0.10496348596855289
531,17.7,79.68444438864591,73.19902261553177,66.54418595541792,64.17613436937687,3.89604575393912,1.0270973909589156,0.21188585828419598,0.4742053598165512,0.6724337637424469,0.3275662362575531,0.3301836848258972,0.324948787689209,-96.7619039440719,79.68444438864591,73.19902261553177,0.9435846751386469,0.1069473034778829
532,17.733333333333334,81.22376824627828,77.63247572290668,67.27960068596296,63.80919998481653,3.6350268653299054,1.0133517552345643,0.21093003865587298,0.47295716404914856,0.6724340319633484,0.3275659680366516,0.33022499084472656,0.32490694522857666,-96.90201820022637,81.22376824627828,77.63247572290668,0.9432342395637975,0.05572076517325181
533,17.766666666666666,79.71443950389705,77.31728279007885,65.26547495710335,62.283185415885356,3.829887313222571,1.023301394707375,0.2113887416013557,0.4728527069091797,0.6732417047023773,0.3267582952976227,0.32969993352890015,0.3238166570663452,-96.57975290788609,79.71443950389705,77.31728279007885,0.9440067302096974,0.029639339859425684
534,17.8,78.1130537843883,78.2989289925236,63.79587947887312,61.11684527994902,3.5940154053530193,1.0373753958619554,0.21424901294418078,0.47272512316703796,0.6736120879650116,0.3263879120349884,0.32962721586227417,0.32314860820770264,-96.60379302796068,78.1130537843883,78.2989289925236,0.9450860601482969,0.019613059442765354
535,17.833333333333332,81.80612598373612,80.6170446858767,62.87012366708461,62.586705081892816,3.441907896285585,1.024413170033404,0.21215870309990634,0.47293466329574585,0.6740604639053345,0.3259395360946655,0.32890450954437256,0.3229745626449585,-96.57154255065286,81.80612598373612,80.6170446858767,0.9458523320429253,0.012892485474152029
536,17.866666666666667,81.24116041137677,78.60399390453998,63.47684881511571,63.16520001953861,3.4584168254964993,1.0162217782387866,0.2122731957576232,0.4726404845714569,0.6741853356361389,0.3258146643638611,0.3285967707633972,0.32303255796432495,-96.43417175263455,81.24116041137677,78.60399390453998,0.9466643568241235,0.008412823195575668
537,17.9,80.12711841019566,77.48832712030355,65.74202802432653,64.67889097190579,3.468827162663615,1.0136627563447633,0.21583315912675805,0.47271628677845,0.6742886006832123,0.3257113993167877,0.32834523916244507,0.32307755947113037,-96.45980907527202,80.12711841019566,77.48832712030355,0.9478558157429551,0.010029666154456851
538,17.933333333333334,77.63284558882026,76.78585009511019,64.74819410413077,62.905907357865296,3.2807384453327018,0.9913897903599307,0.2162388185913471,0.47268541157245636,0.6743489503860474,0.32565104961395264,0.32819104194641113,0.32311105728149414,-96.30825738115963,77.63284558882026,76.78585009511019,0.948228510943326,0.007547595512405129
539,17.966666666666665,81.23725274928366,82.25248607764661,67.1529174257778,66.32432539181414,3.023193442426276,0.9603304901398748,0.21555203767300218,0.47334012389183044,0.6744414567947388,0.32555854320526123,0.3279834985733032,0.32313358783721924,-96.39080198063112,81.23725274928366,82.25248607764661,0.948815334926952,0.006072132874931399
540,18.0,82.59179280209818,79.62788182416803,66.70780063150181,66.71623809241277,3.0495614380408824,0.989791942125663,0.2148933984184078,0.4732600450515747,0.6744551658630371,0.3255448341369629,0.3276612162590027,0.3234284520149231,-96.57165597259487,82.59179280209818,79.62788182416803,0.9496924678484598,0.0074281315285829545
541,18.033333333333335,83.9822240147168,79.49726507974214,65.68070101310768,66.77902158125598,3.3288808356238633,0.9935662885114113,0.21826317677241724,0.4732019901275635,0.674409806728363,0.32559019327163696,0.3277394771575928,0.32344090938568115,-96.81436773642172,83.9822240147168,79.49726507974214,0.9502319494883219,0.00816941356809812
542,18.066666666666666,88.30333553597434,79.33731525580676,65.0747595064275,64.8893873815312,3.207580592189686,1.009349222564461,0.21431179586853757,0.47286851704120636,0.6742907166481018,0.3257092833518982,0.32779765129089355,0.32362091541290283,-96.9092053112019,88.30333553597434,79.33731525580676,0.9503218495484554,0.009428627950217686
543,18.1,82.0249350651871,81.43605188027264,66.27560692683117,63.01827133480379,3.303142603989869,1.0072406466693884,0.2149423098069361,0.47268936038017273,0.6743578910827637,0.32564210891723633,0.3277856111526489,0.32349860668182373,-96.38441438487396,82.0249350651871,81.43605188027264,0.9503761945348798,0.01236041886952573
544,18.133333333333333,83.93465328755316,79.11137290655824,67.50132805993843,63.95494162883507,3.5202573207422745,1.0038614262762606,0.21368928424950667,0.472180500626564,0.6736508905887604,0.3263491094112396,0.3280210494995117,0.32467716932296753,-97.0117532539732,83.93465328755316,79.11137290655824,0.9501666553092726,0.017339470023238955
545,18.166666666666668,83.03777901913563,81.17639003005395,67.66970126019108,64.29522058570981,3.8140165182134638,0.9742179258224726,0.21363409866764363,0.4723169058561325,0.6730975806713104,0.3269024193286896,0.3291322588920593,0.3246725797653198,-96.99490963758618,83.03777901913563,81.17639003005395,0.9498119896108453,0.01598208203496952
546,18.2,82.70587682933427,81.05839951509105,67.97639974501027,63.426984743575815,4.03746114100565,0.9780673867975896,0.21237698623058227,0.47230973839759827,0.672194093465805,0.32780590653419495,0.33044731616973877,0.3251644968986511,-97.16870140361628,82.70587682933427,81.05839951509105,0.9498117114558364,0.016516300916813588
547,18.233333333333334,83.57448959369856,80.60322064009974,67.4593326993983,64.97930963913888,4.008442489159705,0.9853787513454055,0.21396362916306658,0.47237828373908997,0.6723020374774933,0.3276979625225067,0.33028173446655273,0.3251141905784607,-97.19614917241616,83.57448959369856,80.60322064009974,0.9498481660178213,0.016904683679331994
548,18.266666666666666,82.03937076741144,82.40040661679681,67.23993090346747,64.9004778231818,3.9965255487103946,0.9971260466697389,0.21420143968803634,0.4725404679775238,0.6720733344554901,0.3279266655445099,0.3305624723434448,0.32529085874557495,-97.24875983149303,82.03937076741144,82.40040661679681,0.9503244667342214,0.013702447239943112
549,18.3,80.26343077871427,77.32882420486733,65.84720395708702,64.89194715659694,4.512569950764089,0.9837464664434619,0.21359486975167177,0.47339652478694916,0.6716952919960022,0.3283047080039978,0.3313405513763428,0.32526886463165283,-97.55444651299568,80.26343077871427,77.32882420486733,0.9502045638633497,0.01280834023805272
550,18.333333333333332,81.00764790971596,77.58697442682057,66.18478681664021,64.89991605267852,4.704534666711197,0.9841962636242965,0.21407976225317157,0.47342847287654877,0.6717122495174408,0.3282877504825592,0.33131974935531616,0.32525575160980225,-97.63566450005301,81.00764790971596,77.58697442682057,0.9501021793394377,0.0316926001552811
551,18.366666666666667,74.09894321504731,77.28703262060901,64.18963096508764,63.6075672672122,4.851278438380035,0.9890870333777224,0.21484635194842888,0.4741809666156769,0.6716572940349579,0.3283427059650421,0.33145081996917725,0.325234591960907,-97.65039488016296,74.09894321504731,77.28703262060901,0.9484838066679059,0.03860612312959701
552,18.4,73.31074020839233,81.8436582589742,67.1061367287788,65.51454398513152,4.981563663547604,0.9405105291867861,0.21646879857235177,0.477450430393219,0.6714627742767334,0.3285372257232666,0.3318444490432739,0.3252300024032593,-97.78119121692926,73.31074020839233,81.8436582589742,0.9482117421699293,0.03502927465461789
553,18.433333333333334,76.82624077536781,82.48556789714601,68.35007574362916,65.49749231905476,5.068376590262261,0.943204911185258,0.21449935983332094,0.4764285683631897,0.6704586744308472,0.32954132556915283,0.33197081089019775,0.3271118402481079,-97.80908093023841,76.82624077536781,82.48556789714601,0.9465203465837421,0.03510679168508857
554,18.466666666666665,78.49404222172338,78.92247103870247,69.1271061019416,68.19061502330824,5.1825699735179285,0.9321998065714755,0.21282343095446757,0.47609031200408936,0.670427680015564,0.32957231998443604,0.3320962190628052,0.3270484209060669,-98.11306845933716,78.49404222172338,78.92247103870247,0.9449322494593534,0.03295956322786439
555,18.5,80.05673131407133,76.75438501266832,69.1783841860266,68.12653064738453,4.6897317794760625,0.9586831034084924,0.21268959510269175,0.4760449677705765,0.6704464852809906,0.3295535147190094,0.33188217878341675,0.32722485065460205,-97.89816260119055,80.05673131407133,76.75438501266832,0.9452060984842705,0.017075585831035776
556,18.533333333333335,75.50225858773287,77.90691654801574,69.36809247619867,67.31768978036865,4.868718359951345,0.9567240616334489,0.21328670872478964,0.47618424892425537,0.6700751185417175,0.32992488145828247,0.3325510621070862,0.32729870080947876,-97.83607803059584,75.50225858773287,77.90691654801574,0.9440755807992184,0.009853456367586581
557,18.566666666666666,75.78527263957871,78.33808397784446,70.22280331367568,66.10243713722994,5.000691464029245,0.9484585211948863,0.21268115567012805,0.47674717009067535,0.6697969138622284,0.3302030861377716,0.33242595195770264,0.3279802203178406,-97.59452698963655,75.78527263957871,78.33808397784446,0.9441902113683296,0.008284431704064503
558,18.6,76.85402777410367,79.82365505670245,67.20676529324669,65.13577573818397,5.062082170349811,0.9160995565092598,0.21415591065759598,0.4768146127462387,0.6695781350135803,0.3304218649864197,0.3324178457260132,0.32842588424682617,-97.39413493553933,76.85402777410367,79.82365505670245,0.9431524836655819,0.012680650226846816
559,18.633333333333333,73.97761979272201,79.4199750006641,66.86140814667874,63.39909856055535,5.024854778298334,0.9467322453713758,0.21356517527532673,0.47681760787963867,0.6696562469005585,0.33034375309944153,0.3323041796684265,0.32838332653045654,-97.33153434858633,73.97761979272201,79.4199750006641,0.9436179128560153,0.012727307583211524
560,18.666666666666668,72.00871204952331,81.35452110030505,67.81931141362732,65.00383799765137,4.9870389155877035,0.9348171865278647,0.21379200339967502,0.47617627680301666,0.6692091524600983,0.33079084753990173,0.3331461548805237,0.3284355401992798,-97.30128710049271,72.00871204952331,81.35452110030505,0.9424055092262499,0.010275982404318576
561,18.7,72.958962182123,80.11313328309063,68.83360736209137,65.72907501160633,4.984443391395132,0.9592027102993527,0.21175957935445544,0.4765806794166565,0.6692090928554535,0.3307909071445465,0.33315509557724,0.328426718711853,-97.34936789564247,72.958962182123,80.11313328309063,0.9421430699753038,0.014963159312449698
562,18.733333333333334,74.68412186334041,81.31935664540005,69.52035025247717,66.90397881613448,4.764518250177247,0.9375716003189395,0.21388136704067873,0.4764915108680725,0.6694095134735107,0.33059048652648926,0.3331454396247864,0.32803553342819214,-96.98074163755486,74.68412186334041,81.31935664540005,0.9424060149626299,0.11867000283620534
563,18.766666666666666,73.03876587218997,82.44287310303933,71.34260231480042,67.69354162842075,4.676154590921556,0.9426038201404671,0.21399129264000982,0.4774479568004608,0.6690845787525177,0.3309154212474823,0.3335977792739868,0.3282330632209778,-97.00005832832403,73.03876587218997,82.44287310303933,0.9422765031005397,0.1233687363320293
564,18.8,65.71715551607419,82.3494040729848,67.63984194169211,65.93239152885785,4.525374122382146,0.9428769375737227,0.21520672554928247,0.4943382143974304,0.6650620698928833,0.3349379301071167,0.34181827306747437,0.32805758714675903,-97.05514366500782,65.71715551607419,82.3494040729848,0.9411195209532073,0.18126902549428225
565,18.833333333333332,63.41946689599135,87.23970976728866,70.92669870486216,67.75105851595275,4.497908737000671,0.9066233118440323,0.21698932154621792,0.4939066916704178,0.6635578274726868,0.33644217252731323,0.34477633237838745,0.328108012676239,-97.04202585450976,63.41946689599135,87.23970976728866,0.9407503984191201,0.20194671212828225
566,18.866666666666667,66.41416275451158,83.86065327532748,69.12198888427433,66.43743639269132,4.379792599687988,0.9511788014663731,0.21479869296040957,0.48397399485111237,0.6651178002357483,0.3348821997642517,0.34170544147491455,0.32805895805358887,-97.13086666374554,66.41416275451158,83.86065327532748,0.9404588648767183,0.21376295539195453
567,18.9,68.85892735226541,83.50977015946779,68.88833975294123,66.06168266582735,4.266035877372701,0.9510679968347107,0.21406135793754733,0.4803515672683716,0.665679007768631,0.334320992231369,0.34057873487472534,0.3280632495880127,-97.22603718020008,68.85892735226541,83.50977015946779,0.9394864963762688,0.11539017835384513
568,18.933333333333334,70.89547069302317,83.6339380380803,62.67923128050946,59.74178853253701,4.1926899227505885,0.9682804387507448,0.2137895464104341,0.4774390310049057,0.6663071811199188,0.3336928188800812,0.33971136808395386,0.3276742696762085,-97.31273209715913,70.89547069302317,83.6339380380803,0.9389463482481061,0.11262687902411547
569,18.966666666666665,71.62574799066543,83.12170581105714,62.86693350606306,60.066710343413035,4.006141207114439,0.9717823108346788,0.21320964756444427,0.47647319734096527,0.6663582026958466,0.33364179730415344,0.3395962715148926,0.3276873230934143,-97.46022533714678,71.62574799066543,83.12170581105714,0.9381783532373833,0.07385322037051223
570,19.0,71.47036219091996,84.90456045590045,63.35930866221137,61.15472824684526,4.230015742221013,0.9291865674833694,0.21370597620784365,0.4754149615764618,0.6666740477085114,0.33332595229148865,0.3391021490097046,0.3275497555732727,-97.66791759585993,71.47036219091996,84.90456045590045,0.9375567147226045,0.05194885142489536
571,19.033333333333335,72.59694370118504,82.50521982889337,73.17684524582674,69.06794313015952,4.134807179823412,0.9256173409061664,0.212103879988012,0.47194866836071014,0.6657314300537109,0.33426856994628906,0.3388422727584839,0.32969486713409424,-97.80704182600442,72.59694370118504,82.50521982889337,0.9363889495531718,0.04262136040018058
572,19.066666666666666,72.46889436423318,82.74060744820478,72.7666664143648,69.15106695076653,4.199706098379011,0.9217966745955295,0.213836058896424,0.4719633609056473,0.6657339930534363,0.3342660069465637,0.339241623878479,0.32929039001464844,-97.5339545756921,72.46889436423318,82.74060744820478,0.9340172175205115,0.041292742804789444
573,19.1,73.21590870293136,80.40979327454373,72.45112926059026,68.31423374919486,4.134847427477013,0.9385006933692532,0.21423468560726078,0.4706641733646393,0.6663192510604858,0.33368074893951416,0.3381279706954956,0.3292335271835327,-97.5705218978684,73.21590870293136,80.40979327454373,0.9337284312103734,0.03575308568223632
574,19.133333333333333,75.03087913312316,82.44795329029812,71.41776094138109,67.29303364655141,4.164674738109824,0.8948507761365772,0.21572810171954632,0.4704941511154175,0.665593147277832,0.33440685272216797,0.3379935026168823,0.3308202028274536,-97.95940018728137,75.03087913312316,82.44795329029812,0.9315138007655288,0.025550534742773724
575,19.166666666666668,75.70609140583277,82.19693005462514,70.11102215136381,63.39560045079446,4.25408765956422,0.8866823825358987,0.21133220174583522,0.4703509658575058,0.6654822826385498,0.3345177173614502,0.3379713296890259,0.3310641050338745,-97.70241805713366,75.70609140583277,82.19693005462514,0.9313554203871525,0.03260325478722562
576,19.2,70.03244995830293,83.89351248146706,68.70691541448625,62.70792340043233,4.676322128304605,0.9000560136377519,0.21330232995537807,0.47183677554130554,0.6643113493919373,0.33568865060806274,0.3404201865196228,0.3309571146965027,-97.97889818280079,70.03244995830293,83.89351248146706,0.9289728782393716,0.03308638692925784
577,19.233333333333334,76.8561719778487,79.89524481487302,72.13180613142003,67.19618822921467,4.293712058361308,0.9041116298769231,0.21130424135531706,0.4710076004266739,0.6651654243469238,0.33483457565307617,0.33838510513305664,0.3312840461730957,-98.04298841472355,76.8561719778487,79.89524481487302,0.9298468665643171,0.029075411404324687
578,19.266666666666666,74.80376091407369,77.8581922547414,62.766171802718674,58.76911843957569,4.396471942360563,0.9532280189316624,0.2115142771399689,0.4709205776453018,0.6636624932289124,0.33633750677108765,0.34012120962142944,0.33255380392074585,-97.91540829937311,74.80376091407369,77.8581922547414,0.9262153307596842,0.03149170703549849
579,19.3,73.80134902304249,79.34063732123161,63.43115429324373,58.46911452902457,4.513130022003963,0.9576203133870382,0.21152912242429087,0.4709613770246506,0.663596898317337,0.33640310168266296,0.33996081352233887,0.33284538984298706,-97.62052276745929,73.80134902304249,79.34063732123161,0.9246676004294193,0.023406653910263513
580,19.333333333333332,69.73427527438662,82.64366049196501,62.550249228276954,59.49393612004041,4.6896200343255146,0.9323311824405032,0.2125988167594392,0.47133778035640717,0.6631506383419037,0.3368493616580963,0.34042394161224365,0.333274781703949,-97.71418581758931,69.73427527438662,82.64366049196501,0.9225822705211062,0.01930320763822615
581,19.366666666666667,72.15334497994485,83.49029299266303,58.99524591267205,55.88929759607931,4.701522738638658,0.9338386272617799,0.21310526382134543,0.47186973690986633,0.6632656157016754,0.3367343842983246,0.34069812297821045,0.3327706456184387,-97.35822807980306,72.15334497994485,83.49029299266303,0.9222409255576857,0.014039370439702999
582,19.4,69.75293249097834,83.32949294082316,61.35175948497371,56.42022563331949,4.56963378556955,0.9347884813893876,0.213058636266748,0.472094789147377,0.6628119051456451,0.33718809485435486,0.3416672348976135,0.3327089548110962,-97.56838596197721,69.75293249097834,83.32949294082316,0.9212603009108341,0.014399138758135139
583,19.433333333333334,72.91476356478518,83.16209396964099,62.79578557440247,56.998542501074844,4.391444227111407,0.8777282174052193,0.21279818006545045,0.4721084088087082,0.6634398996829987,0.33656010031700134,0.34043627977371216,0.3326839208602905,-97.72164023574842,72.91476356478518,83.16209396964099,0.9222149993434097,0.016715585585633966
584,19.466666666666665,70.81787269429998,80.51784417527823,70.46793122908547,62.47163130742465,4.346502285156163,0.8952941192025492,0.21467044671595634,0.47199052572250366,0.6635101139545441,0.33648988604545593,0.34021908044815063,0.33276069164276123,-98.13367191080835,70.81787269429998,80.51784417527823,0.9230311476823055,0.06937428024052145
585,19.5,74.455495748033,76.56544849824532,63.98356697990518,60.25779907362864,3.8975769410747887,0.9633210870056188,0.21196766140269702,0.4710206836462021,0.6635016798973083,0.33649832010269165,0.34019631147384644,0.33280032873153687,-99.05287378824305,74.455495748033,76.56544849824532,0.9244829055034753,0.17408294043237432
586,19.533333333333335,97.69212183175087,78.14169346317473,66.10184025300401,53.8906987293829,3.7503411097822266,0.8906786461714713,0.22638948775401913,0.461708664894104,0.6639036238193512,0.3360963761806488,0.33974629640579224,0.33244645595550537,-100.11008954778238,97.69212183175087,78.14169346317473,0.923152921777783,0.23170537875862285
587,19.566666666666666,105.5025708176383,69.94237638629886,69.37067864384238,48.683602860796626,3.722065673731265,0.8985446164206286,0.23500908882752533,0.4437507838010788,0.6639319360256195,0.3360680639743805,0.3397005796432495,0.3324355483055115,-101.47435686948765,105.5025708176383,69.94237638629886,0.9243996847759594,0.37386989542697174
588,19.6,95.27588552280545,78.43603492688484,70.00063727242626,59.97192542520259,3.5318558802088944,0.928049231965899,0.2090241623021219,0.43352049589157104,0.6637513339519501,0.3362486660480499,0.3400583863258362,0.33243894577026367,-102.62387437436834,95.27588552280545,78.43603492688484,0.9261496572783499,0.4944335457920361
589,19.633333333333333,123.26401617649175,68.860410487762,100.05331467910031,61.096384284907515,3.466261771168064,0.7173321877165978,0.2563966639226656,0.40973930060863495,0.6622068583965302,0.33779314160346985,0.3421716094017029,0.3334146738052368,-105.24682066951183,123.26401617649175,68.860410487762,0.9277694658799605,0.5369545881513792
590,19.666666666666668,126.93073952398032,64.3941679592684,103.09288518194889,63.64682437373125,3.107698125818871,0.6890806433137884,0.22599273886473042,0.3896258771419525,0.6559510827064514,0.3440489172935486,0.3478580117225647,0.34023982286453247,-106.3594404386311,126.93073952398032,64.3941679592684,0.9302880294395216,0.5561995701224991
591,19.7,124.44900815151749,58.83181414233858,98.5618938956517,57.4681070628255,2.92620051275577,0.6037727367416509,0.21265333293393907,0.37583644688129425,0.6470595896244049,0.3529404103755951,0.3592902421951294,0.3465905785560608,-107.26497119359844,124.44900815151749,58.83181414233858,0.9312121615265355,0.6413291309222025
592,19.733333333333334,127.02336769849319,59.1958828748545,95.64746903767194,56.534418120572504,2.3412270307059657,0.6421171485508735,0.21416671066148601,0.35616540908813477,0.6392477750778198,0.3607522249221802,0.365195095539093,0.35630935430526733,-108.05004373500722,127.02336769849319,59.1958828748545,0.9294830921924475,0.6527918939528132
593,19.766666666666666,144.79928975308172,94.64456356329308,97.56141226634195,68.24978343106882,2.785717383926311,0.5252583063667172,0.21078472421932087,0.33826135098934174,0.6226409077644348,0.3773590922355652,0.3879556655883789,0.36676251888275146,-109.29632566582816,144.79928975308172,94.64456356329308,0.9261225172967622,0.6716440869152522
594,19.8,153.57851873734745,152.61028094904222,104.08201844788144,101.74190802980135,1.689918929407213,0.4235017417692728,0.222591654975404,0.33962173759937286,0.5969351232051849,0.40306487679481506,0.38955485820770264,0.4165748953819275,-110.85966458380304,153.57851873734745,152.61028094904222,0.9224741531140876,0.7168120576971683
595,19.833333333333332,156.7608299326144,143.12974468796062,116.50684256989805,93.06477065465121,1.6218535941733592,0.332885423917578,0.21139496940378788,0.3154355585575104,0.5959593951702118,0.4040406048297882,0.3995009660720825,0.4085802435874939,-111.2098015976199,156.7608299326144,143.12974468796062,0.9189595128550674,0.6626950495225001
596,19.866666666666667,167.21902394376448,154.08018096199353,124.46646105211987,109.72366862077695,1.0114709390367693,0.3506229178643083,0.22323700976721159,0.3226207196712494,0.5731277763843536,0.42687222361564636,0.41618961095809937,0.43755483627319336,-110.97121103151692,167.21902394376448,154.08018096199353,0.9166523723891287,0.564508098281134
597,19.9,155.06677407461342,151.05816492121045,120.9625043918904,119.70794636301744,1.6867042435737574,0.3367862578575763,0.24996919215032257,0.3301647901535034,0.563608855009079,0.436391144990921,0.43727320432662964,0.4355090856552124,-109.35803229680609,155.06677407461342,151.05816492121045,0.9174410429867831,0.6504707297329649
598,19.933333333333334,164.80179986403326,160.4196025025606,140.84372157354696,95.49134853035221,3.518339322076713,0.4183321836337579,0.22047361242545624,0.32976458966732025,0.5555631518363953,0.44443684816360474,0.45590347051620483,0.43297022581100464,-107.66105912885477,164.80179986403326,160.4196025025606,0.9171780998056586,0.6727668699453778
599,19.966666666666665,151.2857418709396,156.9978627511796,121.04955907813219,104.34475257295723,1.8327535931577188,0.3946007964005705,0.21728395869199232,0.36372339725494385,0.5342954993247986,0.4657045006752014,0.4607051610946655,0.4707038402557373,-104.90023967433976,151.2857418709396,156.9978627511796,0.9117491028525613,0.7178116427195483
600,20.0,167.47295825699143,162.3912786830881,110.9449146755108,111.27219676290734,5.797954109491627,0.36483109074240505,0.2348115818334789,0.3389952480792999,0.5213282406330109,0.47867175936698914,0.4881899952888489,0.4691535234451294,-104.75791123208394,167.47295825699143,162.3912786830881,0.912018313552394,0.8175051141475477
601,20.033333333333335,165.3698568666415,165.00793786187293,108.96781783203389,107.05228483551794,4.723178125778674,0.3488144478941226,0.2453732723293975,0.340806320309639,0.4899374544620514,0.5100625455379486,0.5055777430534363,0.5145473480224609,-104.57753227486742,165.3698568666415,165.00793786187293,0.909579215627728,1.0121689461413819
602,20.066666666666666,159.4235720684404,141.98295754482885,112.60369134305849,108.90767476464292,3.134388328598021,0.3013194630458567,0.24954990314907252,0.35583049058914185,0.5144628882408142,0.4855371117591858,0.4992542266845703,0.47181999683380127,-104.39903952005261,159.4235720684404,141.98295754482885,0.9041032628579573,0.862419689999644
603,20.1,99.57917549657182,68.85705991388424,112.92709608849836,103.96744833098728,5.285707644048017,0.2888238612632315,0.25354941189064156,0.36970312893390656,0.4764133244752884,0.5235866755247116,0.5148932039737701,0.5322801470756531,-104.68046792552829,99.57917549657182,68.85705991388424,0.892896132035689,0.740243350357847
604,20.133333333333333,77.04201101348971,143.86331310779465,121.76709372081217,110.65606642237597,5.167003300397397,0.2707382924955053,0.2711972813896967,0.38211748003959656,0.46779847145080566,0.5322015285491943,0.5288364887237549,0.5355665683746338,-105.55518823421995,77.04201101348971,143.86331310779465,0.8814276420708859,0.5948974944067295
605,20.166666666666668,78.96340455885309,83.71248932203545,124.00752756575204,122.20660260134977,6.12391530420166,0.30838584361003973,0.24305230275569134,0.38865962624549866,0.4715854376554489,0.5284145623445511,0.5204800069332123,0.5363491177558899,-105.67286829242079,78.96340455885309,83.71248932203545,0.8709014238733234,0.47042187983562583
606,20.2,93.63204514079091,73.39478798597578,125.4896594083187,117.39987453107354,5.593182148024624,0.3257354601063941,0.2545056745129066,0.39353126287460327,0.4662584811449051,0.5337415188550949,0.5279201567173004,0.5395628809928894,-105.03232465133786,93.63204514079091,73.39478798597578,0.8593933031414495,0.3086805340045183
607,20.233333333333334,86.35185514875201,140.67161323191692,123.44258406513575,112.71715522591994,5.794441131943415,0.2675836164101125,0.3090058209224768,0.39516378939151764,0.4741060137748718,0.5258939862251282,0.5224292874336243,0.5293586850166321,-105.86835602688188,86.35185514875201,140.67161323191692,0.8519119502920093,0.219935094557594
608,20.266666666666666,103.85629442251829,147.00968765626394,119.35607394177774,103.44412212997142,5.76425076079002,0.2894684461670716,0.29644523482467716,0.38213585317134857,0.4778044521808624,0.5221955478191376,0.5207695960998535,0.5236214995384216,-106.53631130465418,103.85629442251829,147.00968765626394,0.8443055965683677,0.1817770548940982
609,20.3,48.7993373865777,124.47910294696398,119.29709242517778,102.72119994130641,5.92228845897921,0.29612860897731846,0.2774966426978467,0.38203220069408417,0.47810693085193634,0.5218930691480637,0.5162460803985596,0.5275400578975677,-105.98751147251826,48.7993373865777,124.47910294696398,0.8355192930409403,0.19048219197489674
610,20.333333333333332,67.96858490634527,134.97802847947136,126.15975913997393,102.66010732051372,4.632756674283485,0.27085844770466916,0.29254177719491514,0.38103148341178894,0.4774456322193146,0.5225543677806854,0.5176406800746918,0.5274680554866791,-107.3396958193113,67.96858490634527,134.97802847947136,0.83221297101541,0.3363523394815787
611,20.366666666666667,98.92987850521844,84.71466394832763,123.50666121762517,107.92619709383415,3.9672109390077708,0.28012821630890555,0.3095946295212398,0.3728025257587433,0.4801741987466812,0.5198258012533188,0.5168712735176086,0.5227803289890289,-109.10391966407231,98.92987850521844,84.71466394832763,0.8314069717219381,0.3786325040154928
612,20.4,161.9452002632636,40.45954271392254,102.8895142866082,83.77346144618853,7.486649016161749,0.3263263402872053,0.29860575461874683,0.3573238402605057,0.5085548311471939,0.4914451688528061,0.502455085515976,0.48043525218963623,-112.01055638871775,161.9452002632636,40.45954271392254,0.8321363113143228,0.5706984457569046
613,20.433333333333334,161.48306175022196,163.82374044578006,91.87731113667806,76.45581291426791,7.844605837339714,0.4304956894592537,0.25322531951389393,0.33679354190826416,0.5069955736398697,0.4930044263601303,0.5013152062892914,0.48469364643096924,-115.54285783481814,161.48306175022196,163.82374044578006,0.8407660280213212,0.8464130151598354
614,20.466666666666665,167.0663382932496,169.2841093404593,45.089201913826116,36.9106958400048,4.262706998859926,0.67963340092105,0.2048523798447186,0.3187200725078583,0.5338027775287628,0.4661972224712372,0.47226768732070923,0.46012675762176514,-117.69091974080673,167.0663382932496,169.2841093404593,0.8508148446227565,1.2188213734876685
615,20.5,160.30843490832615,159.54844505597794,49.88783621153537,52.635927743389786,3.290358575983248,0.5801922781964326,0.2040826119041197,0.34827911853790283,0.5705392062664032,0.4294607937335968,0.4265315532684326,0.432390034198761,-115.11080288829473,160.30843490832615,159.54844505597794,0.8588731559840116,1.2948545626115266
616,20.533333333333335,143.27773460271501,144.15573262863086,49.44055477728878,47.09582194408049,1.8943501161062386,0.7216055364086179,0.22008989400108298,0.41152118146419525,0.6022290885448456,0.3977709114551544,0.38879507780075073,0.4067467451095581,-111.46324549591861,143.27773460271501,144.15573262863086,0.8626103039943811,1.4756669649734335
617,20.566666666666666,134.64065990096776,100.42472170125323,46.184289069856206,36.25107292607681,3.125729866134975,0.8274291014866094,0.27420444757086965,0.4054952710866928,0.6468232274055481,0.3531767725944519,0.35255563259124756,0.35379791259765625,-101.89396612491585,134.64065990096776,100.42472170125323,0.8739708761374155,1.6642469700843865
618,20.6,98.87765556997492,59.456491393205496,55.46345178962222,38.01258282124137,4.088370297868352,0.8809229674591285,0.22285950579697336,0.4525071978569031,0.6658728122711182,0.33412718772888184,0.33494889736175537,0.3333054780960083,-99.06323120768162,98.87765556997492,59.456491393205496,0.8828106721242269,1.901290613829984
619,20.633333333333333,90.29138057434682,85.18731151530507,58.70267484300415,54.700753434988336,5.049458088129228,0.8879234231346534,0.3010881557642902,0.515919491648674,0.659216046333313,0.340783953666687,0.34408217668533325,0.33748573064804077,-97.64236368602563,90.29138057434682,85.18731151530507,0.8913523301933751,1.7498317886024062
620,20.666666666666668,59.76443746889696,138.28409999493812,59.81581279274766,67.85832724205774,9.539735801607748,0.8273577735596701,0.24276271599586924,0.5981762707233429,0.6319463551044464,0.3680536448955536,0.3690483570098877,0.3670589327812195,-92.62079277351006,59.76443746889696,138.28409999493812,0.8990237387743863,1.9176448518792144
621,20.7,154.87166321679288,104.88362243144978,72.00855740071499,91.43566002482818,7.288338447294905,0.39576935020454074,0.32522182033667413,0.6184359192848206,0.5912119448184967,0.4087880551815033,0.41445624828338623,0.40311986207962036,-90.56466734542282,154.87166321679288,104.88362243144978,0.9015780633146112,1.9647749298659036
622,20.733333333333334,135.48245296052988,109.63912774289578,99.77076837949556,89.21477239323902,0.728449738969033,0.34357615488702037,0.47986069045082896,0.6342848241329193,0.5199856758117676,0.4800143241882324,0.4731248617172241,0.4869037866592407,-92.78555619839771,135.48245296052988,109.63912774289578,0.9008945515661528,1.8856297563318816
623,20.766666666666666,87.0895824415317,72.49228644959948,116.78395279185528,99.899520898634,0.44769081612633954,0.2587779062380195,0.5185319284068115,0.6015626490116119,0.4713970273733139,0.5286029726266861,0.5218896269798279,0.5353163182735443,-95.1678421536952,87.0895824415317,72.49228644959948,0.8999835343071909,1.5191638340464002
624,20.8,145.49351184371247,149.4584908050813,94.90047397650031,83.09383274069489,5.488036420146045,0.2966331773764048,0.5378580712223904,0.5600012838840485,0.4425879120826721,0.5574120879173279,0.5561640858650208,0.558660089969635,-96.84134322885072,145.49351184371247,149.4584908050813,0.9030929442607996,1.3834077983449904
625,20.833333333333332,144.0396815259222,159.9213595429544,83.07974381832632,90.9387204308452,7.652164591370251,0.3684162802913816,0.45821501707463314,0.5348517596721649,0.44726936519145966,0.5527306348085403,0.5621163845062256,0.5433448851108551,-104.35123732554938,144.0396815259222,159.9213595429544,0.898364554752003,1.195900779482982
626,20.866666666666667,169.30397594579009,168.91945604896637,110.98355145754785,86.32777336071595,7.355482444038699,0.4029853134135599,0.3221369097444125,0.5126455575227737,0.4527329355478287,0.5472670644521713,0.5465317368507385,0.5480023920536041,-107.76036969290155,169.30397594579009,168.91945604896637,0.8992290731632349,0.9380469086019524
627,20.9,164.2260466733139,168.08241037902363,104.52726900383,77.16645660765134,6.212980324225981,0.42925297466792156,0.35679718658616755,0.4716279059648514,0.46034011244773865,0.5396598875522614,0.5398280620574951,0.5394917130470276,-110.97401214944055,164.2260466733139,168.08241037902363,0.8960119287172953,0.7357327499592627
628,20.933333333333334,159.64957039144034,167.75969982606577,99.8334982278774,96.1112385941959,3.511439564069235,0.43731334771879815,0.2749243946573323,0.4571104198694229,0.46606142818927765,0.5339385718107224,0.526850551366806,0.5410265922546387,-114.66465790549158,159.64957039144034,167.75969982606577,0.8882791291583668,0.6059088805948173
629,20.966666666666665,116.34783100269908,160.66392470698355,104.99923281688241,127.62447347570664,6.1658193015302345,0.5653486335216814,0.20784339522745285,0.4693565368652344,0.47763656079769135,0.5223634392023087,0.5188269019126892,0.5258999764919281,-117.92717795107981,116.34783100269908,160.66392470698355,0.8759300997762969,0.5156666783173062
630,21.0,159.20581783882386,168.6074528923197,85.23248541228867,99.9731323420528,3.575321706168978,0.511323016370327,0.24356831451610983,0.4715425819158554,0.4743535667657852,0.5256464332342148,0.520062118768692,0.5312307476997375,-117.71025956549393,159.20581783882386,168.6074528923197,0.8744362375952981,0.2854187951714236
631,21.033333333333335,161.1798748638207,167.26226122857747,89.87455911198498,98.40840109060127,3.881691403979943,0.32404376008359925,0.28238005493172313,0.4777624309062958,0.47910670936107635,0.5208932906389236,0.5172514915466309,0.5245350897312164,-118.06820653300358,161.1798748638207,167.26226122857747,0.8729455254294656,0.21482299055201806
632,21.066666666666666,164.22799654148858,166.39534193955768,82.08788143886355,111.11349198092522,3.2137800521400095,0.2815512770100109,0.22933423345178425,0.4807388186454773,0.4806276112794876,0.5193723887205124,0.5176464021205902,0.5210983753204346,-117.25770534084864,164.22799654148858,166.39534193955768,0.874870367122419,0.16760878854567685
633,21.1,145.0343416832428,163.38102349201264,95.72272155241116,125.49894074023936,0.7952169718166147,0.21524587058186695,0.23594292032058986,0.4787535220384598,0.48391251266002655,0.5160874873399734,0.5155320167541504,0.5166429579257965,-116.67753965744961,145.0343416832428,163.38102349201264,0.8708141626733722,0.17080799819505782
634,21.133333333333333,77.84641409590658,163.89602724921377,102.97292875393363,145.56744496470418,2.20798686366507,0.2103755704169963,0.30704906863489334,0.48415037989616394,0.49109213054180145,0.5089078694581985,0.5046907365322113,0.5131250023841858,-117.16347066734825,77.84641409590658,163.89602724921377,0.8679303680405472,0.2170893524213716
635,21.166666666666668,121.46764361587609,166.37795742608782,120.49966015088899,141.0619014701262,2.23621693039064,0.2107722227156998,0.3834101993993987,0.4860142171382904,0.4951631724834442,0.5048368275165558,0.5018846988677979,0.5077889561653137,-116.25351132687996,121.46764361587609,166.37795742608782,0.8660816234169584,0.3438109280522575
636,21.2,158.92135164169915,167.6457624027979,91.54147170594827,124.48876097904427,4.754130941551409,0.27480865192567716,0.25300427165468986,0.5015184730291367,0.4962405264377594,0.5037594735622406,0.4987146854400635,0.5088042616844177,-115.72199966645312,158.92135164169915,167.6457624027979,0.8625034084825804,0.4428115004030172
637,21.233333333333334,141.69738837268562,169.13066182915725,104.87104564552564,136.75425186716004,5.586219317969238,0.23939235796976086,0.3243138801347999,0.5226997286081314,0.5084789544343948,0.49152104556560516,0.4792335033416748,0.5038085877895355,-113.90325112711484,141.69738837268562,169.13066182915725,0.8621847132841746,0.44889596566232304
638,21.266666666666666,114.88543553884527,163.47665174274877,110.08695146616502,119.37637345491775,5.694633995937494,0.2541768966509316,0.3751005977636431,0.5254786610603333,0.5286265313625336,0.47137346863746643,0.4513821005821228,0.49136483669281006,-112.14690124585739,114.88543553884527,163.47665174274877,0.8614016283642162,0.4639929218507993
639,21.3,122.98053188196555,166.97696300875418,109.69721416820884,107.50993788502035,5.74231017929722,0.25470384976415644,0.3653963191456916,0.5224964916706085,0.5190858542919159,0.4809141457080841,0.46721285581588745,0.49461543560028076,-110.26798407009485,122.98053188196555,166.97696300875418,0.861311755397103,0.3914535335196078
640,21.333333333333332,164.7371757332707,166.03017357667503,122.25387857572866,84.71805379311068,5.435031867636781,0.2659303817683322,0.44371684841822967,0.5217055678367615,0.5121371448040009,0.48786285519599915,0.4780365824699402,0.4976891279220581,-108.54550478873796,164.7371757332707,166.03017357667503,0.8620808856053785,0.24697517896321064
641,21.366666666666667,113.35206550657348,161.80901189491485,141.82648568689024,95.69444510092829,6.115591338226523,0.23075746296590158,0.532134885887417,0.5232914090156555,0.5090712606906891,0.4909287393093109,0.4834364652633667,0.4984210133552551,-106.14440215021352,113.35206550657348,161.80901189491485,0.8603513267907229,0.18672471986302874
642,21.4,155.4853923549737,161.92004434374215,137.32609732364045,87.6441499280611,5.635174708717415,0.2851589763389824,0.487674427906953,0.5231703221797943,0.5087079107761383,0.4912920892238617,0.4841950535774231,0.4983891248703003,-104.4621665012232,155.4853923549737,161.92004434374215,0.8561152599074624,0.1783267748332594
643,21.433333333333334,166.13035888659186,166.99201950993648,138.9414247458977,81.86131252346429,2.9319130775337214,0.3132784889840344,0.4757388239733652,0.5170246064662933,0.5004465728998184,0.4995534271001816,0.4958127737045288,0.5032940804958344,-102.96086764835083,166.13035888659186,166.99201950993648,0.8580619530244307,0.16842129566525116
644,21.466666666666665,169.40169671524401,169.23597858526858,141.32343962509609,81.34415444158802,3.0851056769633374,0.3273167145764601,0.4491545374727957,0.5121895372867584,0.49333901703357697,0.506660982966423,0.5057043135166168,0.5076176524162292,-102.0237911727514,169.40169671524401,169.23597858526858,0.8618939058347181,0.19215630236842293
645,21.5,166.08487030737643,158.2501170851851,139.45905082856828,90.47330189869223,1.9045030427003269,0.24314968184345717,0.49267846599902376,0.5173940658569336,0.4921319782733917,0.5078680217266083,0.50313401222229,0.5126020312309265,-101.60196250416823,166.08487030737643,158.2501170851851,0.8603182579531814,0.2281273005652695
646,21.533333333333335,150.92023972574012,160.55415901140478,143.92128286534165,106.70745738990465,2.0502549359141824,0.22572840876037104,0.5242058232356365,0.5168673694133759,0.49952080845832825,0.5004791915416718,0.5016055703163147,0.4993528127670288,-100.49911913198551,150.92023972574012,160.55415901140478,0.8567908243699507,0.18628124655556808
647,21.566666666666666,162.11602088468297,160.10031576286335,145.28107038829424,111.90431687544283,1.8048333617131505,0.2371028479035332,0.5004708319423172,0.5178111791610718,0.5058287531137466,0.49417124688625336,0.5028711259365082,0.48547136783599854,-99.58816758017007,162.11602088468297,160.10031576286335,0.856518462751851,0.24498365405500575
648,21.6,147.64787744100053,43.058960830907004,143.3201317111961,116.49796534048954,1.6975404223472026,0.17827088734472518,0.5039328718787118,0.5211316049098969,0.5059384107589722,0.49406158924102783,0.5020043849945068,0.48611879348754883,-99.33684579466656,147.64787744100053,43.058960830907004,0.85546977501927,0.30714520418662733
649,21.633333333333333,94.84658048480735,41.44402526879692,144.17214257793137,130.0727772616824,2.0680056385944567,0.16860053756736257,0.5475113737968479,0.5343284010887146,0.5187316834926605,0.4812683165073395,0.4743995666503906,0.48813706636428833,-96.66893517088536,94.84658048480735,41.44402526879692,0.8515510215903773,0.27066543259372355
650,21.666666666666668,132.2530887072481,96.58998642880204,148.25094226422533,111.89552411797925,0.01574291834606356,0.17333128533382103,0.4851180548032119,0.5347221195697784,0.5030336976051331,0.49696630239486694,0.4970672130584717,0.4968653917312622,-96.73879526886614,132.2530887072481,96.58998642880204,0.8462174742510824,0.293713672757794
651,21.7,70.5190884258725,111.39165754391342,166.9658200511881,121.52297606067931,4.22788360266577,0.16536945617975737,0.4962608055407979,0.5345747172832489,0.501714289188385,0.498285710811615,0.4995182752609253,0.4970531463623047,-94.91637597121486,70.5190884258725,111.39165754391342,0.8402582569555803,0.32810939635650466
652,21.733333333333334,133.7381756738351,113.3241399863437,168.78775080702593,143.00782984614236,7.102485298513699,0.17002302140426814,0.4760479453644942,0.5439476072788239,0.5057871043682098,0.49421289563179016,0.48837053775787354,0.5000552535057068,-92.06227375893846,133.7381756738351,113.3241399863437,0.8334528812856385,0.2564565654629068
653,21.766666666666666,146.69595401536026,126.72762420930266,165.27901369255153,147.67127001494987,170.55933049995812,0.17137774995749494,0.44711792558739794,0.5529896914958954,0.5062678754329681,0.49373212456703186,0.4867960214614868,0.5006682276725769,-91.76373719491112,146.69595401536026,126.72762420930266,0.8267239115454934,0.3346453441850316
654,21.8,150.11608927205043,124.07236845001029,168.353379415369,147.91779278033297,160.8614873815996,0.17807706134560966,0.5084294847003031,0.5519462525844574,0.5126205831766129,0.48737941682338715,0.4707883596420288,0.5039704740047455,-92.58362029142825,150.11608927205043,124.07236845001029,0.820361336072286,0.38638363651665103
655,21.833333333333332,165.2675261999398,129.57863749028803,166.59732134936408,147.69760338546476,171.35936970529139,0.17183329888043647,0.5080745767422475,0.5804152190685272,0.5165171027183533,0.48348289728164673,0.46896910667419434,0.4979966878890991,-89.60290059627766,165.2675261999398,129.57863749028803,0.8138418888503854,0.3698139526067448
656,21.866666666666667,160.54607689651792,122.96590520977222,167.1255711467752,147.41337778270344,169.82802431792743,0.17235433771710598,0.4670809033836411,0.5770037174224854,0.5258646905422211,0.47413530945777893,0.4533199071884155,0.49495071172714233,-89.68872201575199,160.54607689651792,122.96590520977222,0.8083058618234865,0.4341142721220788
657,21.9,165.76590850757302,127.17646861477631,167.1126407026962,147.3458607957251,170.02306607703053,0.1743628835734591,0.46632134374455575,0.5776158273220062,0.5332974493503571,0.46670255064964294,0.44591790437698364,0.48748719692230225,-88.70269763127718,165.76590850757302,127.17646861477631,0.8032864878575007,0.46887337178683086
658,21.933333333333334,162.84855129736627,124.15623106986469,165.45461679603878,137.14156528711854,170.3633814900832,0.1745788626237016,0.525450461332786,0.5949528515338898,0.5428023338317871,0.4571976661682129,0.44006186723709106,0.4743334650993347,-89.28584119880361,162.84855129736627,124.15623106986469,0.7999027619759241,0.32173772942743906
659,21.966666666666665,78.48890229489787,120.82647191550916,163.49882422199371,129.46419555998355,168.6997042326369,0.17543212629491628,0.5330299590156907,0.5850704908370972,0.5500090420246124,0.4499909579753876,0.42078256607055664,0.4791993498802185,-87.83761885241601,78.48890229489787,120.82647191550916,0.7992310569141851,0.30841377097839556
660,22.0,70.35367158538473,132.03312324087923,157.39443665418665,132.09208949060516,138.680441589084,0.17294765913253585,0.49077875704091817,0.5847277045249939,0.5458112359046936,0.4541887640953064,0.42674803733825684,0.48162949085235596,-87.78900672850614,70.35367158538473,132.03312324087923,0.7984788855819991,0.343300898886884
661,22.033333333333335,63.54704293931721,128.6910138570445,152.89999263253537,137.86593419401137,104.39725122503478,0.1733423730914837,0.46758100235003947,0.5917031466960907,0.5424801409244537,0.45751985907554626,0.4323928952217102,0.4826468229293823,-87.97674693609898,63.54704293931721,128.6910138570445,0.7970675297758796,0.27553421971574865
662,22.066666666666666,133.60777381884563,124.15793813959834,138.08517630076577,130.33952118527012,15.208837244524801,0.1749790210172954,0.42233115856918657,0.6046888530254364,0.5452240705490112,0.45477592945098877,0.43003904819488525,0.4795128107070923,-85.814118753065,133.60777381884563,124.15793813959834,0.7995131345409335,0.2596774412418601
663,22.1,120.56103759418068,115.73390653290774,141.12610996236373,140.54604046096867,13.95638879379564,0.17557315870479764,0.4043876592610574,0.5997801721096039,0.5521354079246521,0.4478645920753479,0.4255204200744629,0.4702087640762329,-85.97160067543712,120.56103759418068,115.73390653290774,0.8011619299650192,0.2649939403435656
664,22.133333333333333,122.8093692881855,97.3154994526848,138.43798610466843,129.798900729004,26.920009000724377,0.17756294976427325,0.4475688737798096,0.6001307964324951,0.5617172122001648,0.4382827877998352,0.4126933217048645,0.4638722538948059,-87.0345765406883,122.8093692881855,97.3154994526848,0.8050767869660349,0.23278785266078578
665,22.166666666666668,113.56582375902636,102.44196093519137,153.45059052528376,131.5050394252301,38.84742331020391,0.19308587800834512,0.4353519314509359,0.5986436903476715,0.56659334897995,0.43340665102005005,0.4077675938606262,0.4590457081794739,-86.81161417878145,113.56582375902636,102.44196093519137,0.8084697678233638,0.16195592452336885
666,22.2,127.06235844113348,102.35249669428738,161.21861397972648,138.64832945050523,12.912968265272838,0.19027277178115368,0.4760716133920179,0.5963917672634125,0.5673070847988129,0.43269291520118713,0.4081893563270569,0.4571964740753174,-86.95031874916621,127.06235844113348,102.35249669428738,0.8126564014590147,0.14806261232752985
667,22.233333333333334,123.42521480996264,103.44261140849865,158.05940313736554,141.24902069514096,8.006467887531016,0.20008564262597536,0.45101337699076227,0.5953581929206848,0.5662658512592316,0.43373414874076843,0.4089493155479431,0.45851898193359375,-87.44487773137384,123.42521480996264,103.44261140849865,0.816631250760772,0.20554552879527752
668,22.266666666666666,109.41573969714851,85.82240724079642,149.78777867544184,143.32315667178906,3.605092982572046,0.24058856189926478,0.496540298748724,0.5894534885883331,0.5680263936519623,0.4319736063480377,0.4058455228805542,0.45810168981552124,-86.883873160713,109.41573969714851,85.82240724079642,0.8199351195133093,0.2264036106901398
669,22.3,129.0727105678183,79.95022472781224,151.32796505059648,129.12059059317883,1.6245736859315514,0.216122608748946,0.505110557754422,0.5703804790973663,0.569939374923706,0.43006062507629395,0.40778350830078125,0.45233774185180664,-85.43843969200854,129.0727105678183,79.95022472781224,0.8256522459965764,0.2654958605974478
670,22.333333333333332,126.03090791768241,80.43440929007303,155.06142166381798,125.38645993360822,0.8588923982260894,0.20695520400844158,0.4570389374656288,0.5618492662906647,0.5707969665527344,0.4292030334472656,0.40783846378326416,0.4505676031112671,-86.01285634759763,126.03090791768241,80.43440929007303,0.8291942192749544,0.39320911396826547
671,22.366666666666667,121.1278145005031,113.76499469362305,135.9903307065285,134.71984109454866,0.0262115911216938,0.19519221908986842,0.3717701173028459,0.5529788732528687,0.5711570680141449,0.4288429319858551,0.4087871313095093,0.4488987326622009,-86.2071281386822,121.1278145005031,113.76499469362305,0.833182234655727,0.4500760106982106
672,22.4,127.4126131122897,122.96357684423735,119.84305455767563,131.1042307599116,0.22422116461439145,0.1861646753540797,0.26647280834089837,0.5302513092756271,0.570088654756546,0.429911345243454,0.4089367985725403,0.4508858919143677,-85.42755445151782,127.4126131122897,122.96357684423735,0.8381938076380527,0.390848623218006
673,22.433333333333334,130.24750325842675,131.0082970252,110.97475268702452,117.148966694229,0.03003509539314564,0.19359130064318184,0.20740807509206519,0.5155093669891357,0.5648669898509979,0.4351330101490021,0.4222886562347412,0.44797736406326294,-86.11284309902858,130.24750325842675,131.0082970252,0.8436982907129057,0.3739172999763585
674,22.466666666666665,122.5000600559361,141.87527275692335,91.78347260572392,100.93545729233843,0.3371765881725537,0.22295482225466645,0.20634037447076412,0.5162124931812286,0.5741378366947174,0.4258621633052826,0.4067462682723999,0.4449780583381653,-86.17048007665483,122.5000600559361,141.87527275692335,0.849770346825773,0.3896918302895887
675,22.5,103.54012176546735,146.19242049325916,95.16374397494701,95.1397654533378,0.3316208140331298,0.3133739173410602,0.196060092439313,0.513559564948082,0.5792418718338013,0.42075812816619873,0.40094584226608276,0.4405704140663147,-84.32996444016317,103.54012176546735,146.19242049325916,0.8568748714345874,0.3344882403859282
676,22.533333333333335,108.94774472276411,138.62505133276767,107.6486209924245,101.86803454178467,0.3678000511950472,0.32897727756449197,0.16464681481525953,0.5051157027482986,0.5714247524738312,0.4285752475261688,0.4228142499923706,0.43433624505996704,-82.44803227048459,108.94774472276411,138.62505133276767,0.86225595257499,0.29307067106515106
677,22.566666666666666,137.55177456676833,136.87227229975105,106.19769184810347,102.68598949564357,0.35932138321942375,0.36353851593395164,0.16450057593711945,0.492500439286232,0.5664736330509186,0.4335263669490814,0.4353955388069153,0.43165719509124756,-81.28358711284876,137.55177456676833,136.87227229975105,0.8701265065959005,0.2624751566730158
678,22.6,145.9224205099996,135.59406226526374,104.60310052966359,97.89275571517594,0.3756028807675875,0.3493735048532995,0.16590918335879787,0.4845976382493973,0.5627491772174835,0.4372508227825165,0.44248270988464355,0.4320189356803894,-80.60181650337951,145.9224205099996,135.59406226526374,0.8780099614100023,0.32768878563619136
679,22.633333333333333,144.25653092937787,137.48767852774884,110.74673941185088,101.20875907757406,0.48945979660229,0.3040325925198266,0.16790181101973972,0.4806351959705353,0.5613620579242706,0.43863794207572937,0.4427281618118286,0.4345477223396301,-80.451603829005,144.25653092937787,137.48767852774884,0.8855251724069769,0.31650324814793374
680,22.666666666666668,137.88755543624617,130.61206878360804,105.72308635825053,96.08048782083736,1.0792275499177322,0.3583813399936709,0.16144003082456063,0.4640139788389206,0.5613244473934174,0.43867555260658264,0.4415284991264343,0.43582260608673096,-80.7265705131937,137.88755543624617,130.61206878360804,0.8917112305308833,0.25877306272382233
681,22.7,136.62527646732877,129.1256599722255,111.3994956360393,97.4530321164473,1.4126714056441472,0.3662747479488981,0.15637525740391878,0.4544704407453537,0.5627025961875916,0.43729740381240845,0.4391648769378662,0.4354299306869507,-81.0172446856864,136.62527646732877,129.1256599722255,0.8971512534401633,0.29168729355487094
682,22.733333333333334,130.18411232533302,129.2995544040428,105.85809556124515,95.81100868135617,1.6040780664798149,0.39834370354893595,0.15645606403900378,0.4507724642753601,0.5640340447425842,0.43596595525741577,0.4374457597732544,0.43448615074157715,-81.58746640499729,130.18411232533302,129.2995544040428,0.9015377976677634,0.32461714979305417
683,22.766666666666666,138.1740163412465,135.99452395914247,96.54460582887579,88.16926331949301,1.5666383446781538,0.4159058946827067,0.15818756413973847,0.4365529716014862,0.5637580454349518,0.4362419545650482,0.4383338689804077,0.4341500401496887,-82.11387777373861,138.1740163412465,135.99452395914247,0.9068824034748655,0.2850101374125671
684,22.8,133.3378205822038,140.67439096394003,97.12397254143369,87.47927641949501,1.7864444803117294,0.414928231006278,0.15989259289520458,0.4269396811723709,0.5649469494819641,0.4350530505180359,0.4373868703842163,0.43271923065185547,-82.80282841708573,133.3378205822038,140.67439096394003,0.9114226518255292,0.26498027711840666
685,22.833333333333332,136.41905228911722,138.19586890842695,105.16987650922393,95.2141967285172,2.5902165005216773,0.3859712241915323,0.16090187174227533,0.41698676347732544,0.5661052465438843,0.4338947534561157,0.4373430609703064,0.43044644594192505,-82.61751528999537,136.41905228911722,138.19586890842695,0.9137677947680155,0.25892799633536395
686,22.866666666666667,135.72624294743977,135.0779613214883,101.0029519138721,92.17730119632265,2.866437325241378,0.38192640243928544,0.15954951480535354,0.4106939733028412,0.5664847195148468,0.4335152804851532,0.4376544952392578,0.4293760657310486,-83.21960064981246,135.72624294743977,135.0779613214883,0.9166921864856373,0.24033114687983478
687,22.9,133.19466810706467,135.15221196696305,105.44859258641425,90.97674346287012,2.956806064815652,0.32748728196068755,0.1595117786637206,0.4078722149133682,0.5672421753406525,0.43275782465934753,0.4374300241470337,0.4280856251716614,-84.01183073030805,133.19466810706467,135.15221196696305,0.9192869753548594,0.19931509894441393
688,22.933333333333334,120.62383028042868,133.57360607564942,101.80155020081136,92.78956671261133,2.6759437018183405,0.2726538703946216,0.15602189268745253,0.39713552594184875,0.5701469779014587,0.42985302209854126,0.43092894554138184,0.4287770986557007,-84.2251902997302,120.62383028042868,133.57360607564942,0.9220609701041019,0.18044127918886413
689,22.966666666666665,116.35574690203084,143.0683697412179,107.35259134957147,95.24847900869571,2.3830037353305897,0.28186733697843624,0.14792587716202563,0.3948367089033127,0.5718324780464172,0.42816752195358276,0.4274289608001709,0.42890608310699463,-85.30667856128211,116.35574690203084,143.0683697412179,0.9249299222772772,0.15133997706491364
690,23.0,118.97497923471941,142.19374306976786,105.92934902380159,93.79823250581384,2.629339454782496,0.29921251601228366,0.13768072850199198,0.40148672461509705,0.5735747218132019,0.4264252781867981,0.42575883865356445,0.42709171772003174,-86.47197700923826,118.97497923471941,142.19374306976786,0.9269469019138452,0.17993631625630677
691,23.033333333333335,111.8573074656252,143.38896460725752,106.52349170171536,96.14613172812868,2.922185755447856,0.29509697829727255,0.12565694642029057,0.4001135677099228,0.5740528106689453,0.4259471893310547,0.4254416227340698,0.42645275592803955,-87.70721462701869,111.8573074656252,143.38896460725752,0.9286279262918414,0.12676043651133564
692,23.066666666666666,106.1111883707934,130.3505399869781,106.82659878916886,99.90456898609119,2.181129198690769,0.2867597400857898,0.11625680904920341,0.39242589473724365,0.5740767121315002,0.42592328786849976,0.4250367283821106,0.4268098473548889,-87.5406847792148,106.1111883707934,130.3505399869781,0.9310258265697595,0.13678078587845816
693,23.1,97.63456098974902,113.46536599067817,111.27202697860135,101.19486121800979,1.3546351337366787,0.26897305771908975,0.11586370684464797,0.39016593992710114,0.5740973949432373,0.4259026050567627,0.4251197576522827,0.4266854524612427,-88.0688958294608,97.63456098974902,113.46536599067817,0.93306903405623,0.13646269701458968
694,23.133333333333333,97.70677301634937,98.04568996120732,85.8211406222636,102.71118361810674,0.24191115101908167,0.2968247374459175,0.1929682577697005,0.3856828361749649,0.5746782720088959,0.4253217279911041,0.42449039220809937,0.4261530637741089,-86.92413529107128,97.70677301634937,98.04568996120732,0.9359398466168027,0.15187831979674674
695,23.166666666666668,102.36712544743635,108.80191600014885,84.86050599604468,92.29334224488596,1.8962626580475899,0.29674433802668393,0.1726751818535665,0.3788730353116989,0.5750765800476074,0.4249234199523926,0.4236159920692444,0.42623084783554077,-88.72255154712992,102.36712544743635,108.80191600014885,0.9381071148496686,0.132293176960065
696,23.2,105.49411654862402,59.869980957909284,67.5590271221278,104.15403811509367,1.1376978334269552,0.3398108540755736,0.2909133912531486,0.3752100169658661,0.5767406225204468,0.4232593774795532,0.4219428300857544,0.42457592487335205,-90.43787628090772,105.49411654862402,59.869980957909284,0.940868489670031,0.14897621911955752
697,23.233333333333334,109.16570955274688,82.02237007499012,71.54854707552072,101.71496301507905,1.1163880332539975,0.373183481080318,0.2634181273900508,0.3744872510433197,0.5811046957969666,0.41889530420303345,0.4186633229255676,0.41912728548049927,-90.81068567669112,109.16570955274688,82.02237007499012,0.9427227721069799,0.13920786279287323
698,23.266666666666666,111.81769511998873,81.1338662311035,67.1768135661051,137.65162613884934,1.9781935140439373,0.3814891192993695,0.4507696354696971,0.3702889084815979,0.5838941633701324,0.41610583662986755,0.4154874086380005,0.4167242646217346,-90.47539075119157,111.81769511998873,81.1338662311035,0.9445309873783228,0.12388229146743379
699,23.3,118.85813477771362,100.14480475133213,62.309230856452515,142.23657408385282,2.2220038974936642,0.3741895444395493,0.5500078682366601,0.369425967335701,0.5866549611091614,0.4133450388908386,0.41324543952941895,0.4134446382522583,-91.29757231275919,118.85813477771362,100.14480475133213,0.9451655853878368,0.13051298997260705
700,23.333333333333332,119.56222179142887,65.63258213078117,68.47414658941143,160.23239934741622,2.0132329462984444,0.44904527940708555,0.640466627938341,0.3659052550792694,0.5890660583972931,0.4109339416027069,0.4099773168563843,0.41189056634902954,-91.72077019335815,119.56222179142887,65.63258213078117,0.9454275405768192,0.12270969073813424
701,23.366666666666667,124.43340125711653,57.23260772418574,70.74719457666698,159.6567080820127,2.1286454392824226,0.4040185935483947,0.6843225810604991,0.3620777428150177,0.5924793481826782,0.4075206518173218,0.4055267572402954,0.40951454639434814,-92.51994247060242,124.43340125711653,57.23260772418574,0.9458225658445647,0.11456991700246075
702,23.4,125.08079761876668,54.61403432539294,75.82976435623893,159.72845955360128,2.5702955623049775,0.3827530133443964,0.656766063202766,0.3603508919477463,0.5950814485549927,0.4049185514450073,0.4032019376754761,0.4066351652145386,-92.22218632400596,125.08079761876668,54.61403432539294,0.9459575486905647,0.10868329825876577
703,23.433333333333334,127.7854281555707,69.36008801158302,73.73783390000587,162.44940176688405,3.4407725557987305,0.3537062245300106,0.6006883154414283,0.3577116131782532,0.5976515710353851,0.40234842896461487,0.3995365500450134,0.4051603078842163,-91.44248330778872,127.7854281555707,69.36008801158302,0.9448387279654994,0.11404273821908127
704,23.466666666666665,122.24201006269037,57.834043019826915,79.47355989180532,164.57458862076038,4.010639525954957,0.3822363651680776,0.6467727547167426,0.3583834618330002,0.5994410216808319,0.4005589783191681,0.3977590799331665,0.4033588767051697,-89.89887530251069,122.24201006269037,57.834043019826915,0.9447533361839525,0.10671212554812798
705,23.5,134.2113399028046,55.96219548232662,77.73925935544574,160.43255065414186,4.4006681701389425,0.3706425892728852,0.6118218080803228,0.3627777695655823,0.602146565914154,0.39785343408584595,0.3929096460342407,0.40279722213745117,-89.9813496378733,134.2113399028046,55.96219548232662,0.9447824575684287,0.107293544174995
706,23.533333333333335,131.39273257411998,47.02494713366714,81.40573575305,158.68714217235325,4.894276744409467,0.3542395270678163,0.6226887580970498,0.366683691740036,0.6022205352783203,0.3977794647216797,0.3918365240097046,0.4037224054336548,-89.9453314562788,131.39273257411998,47.02494713366714,0.9438692981546576,0.10111617786873545
707,23.566666666666666,133.63089346700815,50.59707289418992,103.66829011284283,160.43979816345706,4.285574010955088,0.3523687176899888,0.4851400434112073,0.3689830154180527,0.6044745743274689,0.39552542567253113,0.38670194149017334,0.4043489098548889,-89.7848640570001,133.63089346700815,50.59707289418992,0.942377355965701,0.10672809802356642
708,23.6,118.02720799590305,51.22908977598922,118.03171287697796,138.3766354240573,4.245368513039011,0.3192783030490181,0.3436170669947717,0.3712533116340637,0.6058498620986938,0.39415013790130615,0.3839687705039978,0.4043315052986145,-89.72584069717345,118.02720799590305,51.22908977598922,0.939975046750271,0.08344657815383624
709,23.633333333333333,123.40927547858104,49.990014726857794,137.58474190015176,142.02776763244532,3.852432237640187,0.31513056092475655,0.3511982932088253,0.36993832886219025,0.608374685049057,0.391625314950943,0.38010770082473755,0.40314292907714844,-89.59306428209172,123.40927547858104,49.990014726857794,0.9376068097172361,0.06891076182935674
710,23.666666666666668,125.71975888305089,50.6018971820253,142.41598245310954,136.85468300408698,3.6579096939959754,0.32342342013351094,0.32630008876496963,0.36868076026439667,0.6081352233886719,0.3918647766113281,0.3804670572280884,0.40326249599456787,-89.18422997888311,125.71975888305089,50.6018971820253,0.9359726707140604,0.05454308832010954
711,23.7,115.66446242202767,46.59252477070839,111.63873434096989,100.85108570814143,3.1875626234794936,0.3274989383572905,0.1657495134468605,0.37014739215373993,0.6083615124225616,0.39163848757743835,0.38014310598373413,0.4031338691711426,-88.93907557387833,115.66446242202767,46.59252477070839,0.9358040455615881,0.050184661639400864
712,23.733333333333334,121.46704037326623,47.19301693791979,109.3694989136196,104.81646626722105,2.809274291621591,0.3635557398204515,0.21004311381665478,0.37091098725795746,0.6086745262145996,0.3913254737854004,0.37932026386260986,0.4033306837081909,-88.73475602868278,121.46704037326623,47.19301693791979,0.9376313668308836,0.0474730688751026
713,23.766666666666666,128.8796715862884,44.817452938367694,104.301440493697,103.89529363515851,4.090423023180165,0.40483639232781116,0.21315567840718586,0.36956025660037994,0.610050231218338,0.389949768781662,0.3764108419418335,0.4034886956214905,-87.9148696376622,128.8796715862884,44.817452938367694,0.938475357763695,0.05427519869488728
714,23.8,135.22403789897365,50.58799317756466,108.00983530322925,104.50149231529372,4.013680515449096,0.35873188273097467,0.24090793361324916,0.36763758957386017,0.6086224913597107,0.3913775086402893,0.37762272357940674,0.4051322937011719,-87.53195002144867,135.22403789897365,50.58799317756466,0.9393221230217905,0.06519513719151426
715,23.833333333333332,144.60867452512545,48.399378666964466,115.78936975703809,99.80470360489832,3.2946160653018524,0.344026449653227,0.27170610588036537,0.36562521755695343,0.6072894334793091,0.3927105665206909,0.37836432456970215,0.4070568084716797,-87.59662921551373,144.60867452512545,48.399378666964466,0.9391448624206312,0.08661666388193699
716,23.866666666666667,146.90753550361103,50.85565211810107,116.6088102072153,103.89227242334643,2.8225232150243755,0.3244478886711213,0.2755331465637597,0.36272987723350525,0.6056978106498718,0.3943021893501282,0.37940019369125366,0.4092041850090027,-87.21274975836155,146.90753550361103,50.85565211810107,0.9389842640269886,0.09684152086397821
717,23.9,145.76605860428813,50.63344960307298,117.51064655262772,105.00235749200358,2.46101096614575,0.308884619980898,0.28642187222766946,0.35921452939510345,0.6030590832233429,0.3969409167766571,0.37983858585357666,0.41404324769973755,-86.84290326224435,145.76605860428813,50.63344960307298,0.9390057758851484,0.09713809449506161
718,23.933333333333334,146.95767281540955,51.33282771991552,118.65954188229507,110.46824853577303,2.62980395229647,0.29758449901884376,0.2885269774736677,0.3564884141087532,0.6006589829921722,0.39934101700782776,0.37991631031036377,0.41876572370529175,-87.12235390326694,146.95767281540955,51.33282771991552,0.9376405314965681,0.09767797561689945
719,23.966666666666665,149.0486220293538,50.122087151645836,113.98451930538401,99.55380887900388,2.3865069052935723,0.31064944645301135,0.2543430139144666,0.35443224012851715,0.5993374586105347,0.40066254138946533,0.37860333919525146,0.4227217435836792,-87.04442894215974,149.0486220293538,50.122087151645836,0.9371519757039619,0.12058799961284325
720,24.0,150.8051004716179,52.26756917194299,138.88936564031945,138.32439338533283,2.927263444214873,0.31062746139607733,0.25255071476194935,0.3522792235016823,0.6006156206130981,0.39938437938690186,0.376179575920105,0.42258918285369873,-85.90528037534568,150.8051004716179,52.26756917194299,0.9329751964771387,0.13037696984290742
721,24.033333333333335,156.30239779292756,55.05440234041817,137.52727766850856,147.2361103562189,2.550081694143614,0.2825814041250081,0.29013137427357255,0.34516435861587524,0.6009412705898285,0.3990587294101715,0.37585771083831787,0.42225974798202515,-85.16688195647546,156.30239779292756,55.05440234041817,0.9278496991504322,0.24792504293910167
722,24.066666666666666,157.08073583956173,57.78170626886284,145.46309520690332,144.8557634520374,2.3031373507378703,0.2841203257048624,0.28823404679575165,0.35109880566596985,0.6019935011863708,0.39800649881362915,0.37618541717529297,0.41982758045196533,-85.64418779961902,157.08073583956173,57.78170626886284,0.923972467581431,0.28370638797460385
723,24.1,157.75120906679146,61.543641432575775,144.00423103275108,145.18965531119542,2.516989313863064,0.29334930697511497,0.29190372617548427,0.3278895989060402,0.6028067469596863,0.3971932530403137,0.37488436698913574,0.4195021390914917,-85.60979626411437,157.75120906679146,61.543641432575775,0.9220713647929105,0.2885572868501984
724,24.133333333333333,154.88320428869122,62.8181759056617,151.87493962597335,146.6816904053214,2.724022393589621,0.28027154546283495,0.2939020785610585,0.3195529282093048,0.6038980185985565,0.3961019814014435,0.3749809265136719,0.4172230362892151,-84.5773016232703,154.88320428869122,62.8181759056617,0.918784423307939,0.2822414727855693
725,24.166666666666668,150.52364634854177,65.0983600989108,163.40845775636765,155.43736834157005,3.773361613187575,0.2805394116271007,0.2815427486884906,0.3162686675786972,0.6043282151222229,0.3956717848777771,0.37419813871383667,0.41714543104171753,-82.50745359361626,150.52364634854177,65.0983600989108,0.9149523666410735,0.301310497323959
726,24.2,151.55615295646584,62.86118700084081,161.3158775606182,157.3153769716504,3.523698967728592,0.28224959059560883,0.3602012107233908,0.31032583862543106,0.6055626273155212,0.39443737268447876,0.3744047284126282,0.41447001695632935,-81.53031824238084,151.55615295646584,62.86118700084081,0.9144795302188757,0.21339908897719123
727,24.233333333333334,149.9512584097314,64.6747940064023,159.2668558337818,156.05149306803926,4.03844832164441,0.2585786922995863,0.34052534958111436,0.30179479718208313,0.6021047830581665,0.3978952169418335,0.3816877603530884,0.4141026735305786,-82.11294005990831,149.9512584097314,64.6747940064023,0.9129318215630271,0.218284166203473
728,24.266666666666666,147.58946650454038,67.84897979352972,163.50770776495577,158.31356268041498,2.846375888834473,0.2337174703716323,0.3404393686716296,0.29345712810754776,0.6001161336898804,0.39988386631011963,0.38468825817108154,0.4150794744491577,-81.24347032066487,147.58946650454038,67.84897979352972,0.9101970340266372,0.24049449984710866
729,24.3,152.12188241939194,71.5435634248008,118.27355075052202,151.25748387892492,2.441150543932963,0.23332336338998425,0.43246618321318936,0.28496119379997253,0.5965295135974884,0.4034704864025116,0.391762912273407,0.4151780605316162,-82.12285967544601,152.12188241939194,71.5435634248008,0.9062934210806182,0.23963427350560143
730,24.333333333333332,131.00506644178833,76.19676705192414,146.49695596120682,156.56367405534414,1.6164884246734346,0.24726433826367164,0.3139547123197688,0.27821434289216995,0.5946120321750641,0.4053879678249359,0.3896888494491577,0.4210870862007141,-79.82884150911248,131.00506644178833,76.19676705192414,0.9054788929043394,0.2638011239449888
731,24.366666666666667,132.33665336328482,70.9537486885076,147.56370178678796,159.4698718665527,0.9845493006190509,0.24979667209026585,0.3521732603046373,0.27228840440511703,0.5946781039237976,0.4053218960762024,0.390031099319458,0.4206126928329468,-80.29115046281282,132.33665336328482,70.9537486885076,0.9058129362987749,0.22209042572992138
732,24.4,136.79565008198173,68.20723064684381,155.87684595558494,159.786549472028,0.644052511683924,0.25138365338333163,0.25650224626020274,0.25909464061260223,0.5956962406635284,0.40430375933647156,0.3895348906517029,0.41907262802124023,-80.16616029223972,136.79565008198173,68.20723064684381,0.9061888944018971,0.17068963245065238
733,24.433333333333334,136.6897870298184,69.40576993451538,155.81881319255083,159.21136264606398,0.5623219346032045,0.26850830989973795,0.25645385499593143,0.2579331770539284,0.5968252420425415,0.4031747579574585,0.38787680864334106,0.4184727072715759,-80.5691968595534,136.6897870298184,69.40576993451538,0.9043210862260876,0.13885118303329286
734,24.466666666666665,124.17416868028089,71.45598701880114,150.5906817820888,161.0674861121816,1.0577173420469421,0.2740783204323406,0.2783602969122032,0.2574378401041031,0.597254067659378,0.40274593234062195,0.38736045360565186,0.41813141107559204,-81.39554140263367,124.17416868028089,71.45598701880114,0.9043758764411464,0.1103414000586906
735,24.5,115.8857360889436,66.94515402519089,153.93249444751515,165.75351298402634,0.985404521535088,0.296336033457857,0.30016018571830655,0.25656917691230774,0.5987242460250854,0.40127575397491455,0.38729745149612427,0.41525405645370483,-81.28200603212869,115.8857360889436,66.94515402519089,0.903079522378517,0.05378974282609819
736,24.533333333333335,123.89647491506281,65.89971946281973,147.9020892395117,163.99851285239055,1.7049396010649218,0.3271089317332611,0.3504073269168815,0.25547072291374207,0.5991404950618744,0.4008595049381256,0.3870430588722229,0.4146759510040283,-82.87395861864987,123.89647491506281,65.89971946281973,0.902323948614525,0.05044644409071309
737,24.566666666666666,123.36526771404394,65.2941948284695,144.2693817631692,161.31908050218647,1.672494245461536,0.3247716575583698,0.32866352973546287,0.25166431814432144,0.5992403030395508,0.4007596969604492,0.38685929775238037,0.41466009616851807,-82.9228103505311,123.36526771404394,65.2941948284695,0.8981478981899492,0.09052094313831552
738,24.6,125.60544953685752,69.60199959407643,149.57592938216527,158.6224159890644,0.9952866394147861,0.31229515551854137,0.3165432777400458,0.2523244768381119,0.6000728905200958,0.3999271094799042,0.38527923822402954,0.4145749807357788,-81.93333677551513,125.60544953685752,69.60199959407643,0.8925473346854701,0.09342093380905203
739,24.633333333333333,124.3864021252976,71.42820582566823,147.7087830264377,160.45344856307256,0.0664800443891238,0.3147927307035071,0.30411944204828795,0.25906025618314743,0.6029747128486633,0.39702528715133667,0.38423633575439453,0.4098142385482788,-81.91814063182422,124.3864021252976,71.42820582566823,0.8876391044168761,0.09284040016352478
740,24.666666666666668,117.8343749525369,74.11900717953017,156.39431060587282,163.57029119364023,1.190923757219025,0.31967944935235115,0.2780226921425607,0.25687240809202194,0.6030914783477783,0.3969085216522217,0.38391780853271484,0.4098992347717285,-81.97805745932935,117.8343749525369,74.11900717953017,0.8806628277807524,0.0834056002878526
741,24.7,126.691633368323,68.50782629122988,154.97993212277947,162.48015796187065,1.4313976872934688,0.31165435942834985,0.2923234188752935,0.25657354295253754,0.6020558178424835,0.3979441821575165,0.38562309741973877,0.4102652668952942,-83.08915640219959,126.691633368323,68.50782629122988,0.8768334027492639,0.09408388379286955
742,24.733333333333334,124.5809849050072,64.59293349042551,163.9961965445554,166.66657074243182,2.4006515679413383,0.31672557260581097,0.28473542141970853,0.2587873712182045,0.6017471253871918,0.3982528746128082,0.3860517740249634,0.4104539752006531,-82.79935846701787,124.5809849050072,64.59293349042551,0.8692066461750956,0.05527881148281882
743,24.766666666666666,148.92322109166403,64.46673662730427,166.36677039347825,168.86288606619468,3.283128220976721,0.30873774379721586,0.24247560481139815,0.25729817897081375,0.5993262231349945,0.4006737768650055,0.3861214518547058,0.4152261018753052,-83.93946048734132,148.92322109166403,64.46673662730427,0.8669371487516345,0.0671478744425836
744,24.8,156.66216757676744,64.52957228593492,162.67116039384254,162.58503896724358,3.6973858280420586,0.28074285300501045,0.20045051746587336,0.25646448135375977,0.5995632708072662,0.40043672919273376,0.3856651782989502,0.41520828008651733,-83.93465119495588,156.66216757676744,64.52957228593492,0.8661361408956123,0.07749915735436666
745,24.833333333333332,152.1472220478536,65.06274540309089,168.46451513935835,169.96820735152696,5.049015280102424,0.24050786760813395,0.29151177711291043,0.26018189638853073,0.5976758003234863,0.40232419967651367,0.38833391666412354,0.4163144826889038,-83.70072018068666,152.1472220478536,65.06274540309089,0.8578176706126242,0.07589780459053863
746,24.866666666666667,152.53367642270126,67.50270194844025,167.71227262691204,174.1704305030289,3.792199579306299,0.23038692875201597,0.29441338400648265,0.26290226727724075,0.5969996750354767,0.4030003249645233,0.389520525932312,0.4164801239967346,-82.94210686706404,152.53367642270126,67.50270194844025,0.8515819591103178,0.07104088344735457
747,24.9,144.68616055948996,68.42578876335155,165.87097757199007,168.2192224145355,3.7795129699430845,0.2323567264407908,0.3097839438021137,0.26366590708494186,0.5951854884624481,0.4048145115375519,0.39309531450271606,0.4165337085723877,-82.52707887548651,144.68616055948996,68.42578876335155,0.8453385450623252,0.08022302809353332
748,24.933333333333334,157.41566733713998,66.0085788269394,164.66083964866462,166.0681543836526,3.8992747779720958,0.2275033280446295,0.31391864099247857,0.2652904763817787,0.593963623046875,0.406036376953125,0.3948143720626831,0.4172583818435669,-82.57882028861563,157.41566733713998,66.0085788269394,0.8400600570620913,0.061227035226354226
749,24.966666666666665,151.86959487172857,65.71836570323401,167.28458697468443,166.8916832774159,3.6057962983823586,0.2394842415146271,0.30066966287316166,0.2628960385918617,0.5940765738487244,0.40592342615127563,0.39464056491851807,0.4172062873840332,-82.52421719090412,151.86959487172857,65.71836570323401,0.8342048440015677,0.09560743389344208
750,25.0,151.0789349512842,63.95514239727734,168.68401726439458,168.24450363807713,4.128777812268311,0.22621661002544324,0.3078446016767218,0.2621823847293854,0.5933715999126434,0.40662840008735657,0.39490020275115967,0.41835659742355347,-81.8869729436094,151.0789349512842,63.95514239727734,0.8289431365150394,0.13717479264998436
751,25.033333333333335,128.25123305450035,58.40018179099022,168.56314746518817,167.96898851605079,4.54119465824823,0.23554987969567304,0.3078154157935841,0.27071424573659897,0.5935228168964386,0.4064771831035614,0.39469295740127563,0.41826140880584717,-80.84121610035274,128.25123305450035,58.40018179099022,0.8251103352416645,0.17597133374051951
752,25.066666666666666,120.64429302459406,64.94285626216916,170.66622532166232,166.99859741920406,4.323442706657147,0.2283541843941295,0.3352011418825807,0.2796104624867439,0.5934994518756866,0.40650054812431335,0.3948104977607727,0.418190598487854,-80.36046585023702,120.64429302459406,64.94285626216916,0.8206419633193449,0.16775990779180047
753,25.1,120.58322189433612,63.825667473633956,167.55895520104588,165.8232054682423,5.821412415963351,0.22687215338930494,0.3373778532382757,0.27121513336896896,0.5921768844127655,0.4078231155872345,0.3946716785430908,0.4209745526313782,-80.19439450563523,120.58322189433612,63.825667473633956,0.8166718180432464,0.18831588377419423
754,25.133333333333333,123.85095900377665,67.10826212957133,168.02077830685462,165.48007413451882,6.863175747603634,0.22992268952932662,0.33766280956934264,0.27095481008291245,0.5931719243526459,0.4068280756473541,0.39464324712753296,0.4190129041671753,-79.74169726558111,123.85095900377665,67.10826212957133,0.8114048752820853,0.15917848770740195
755,25.166666666666668,121.04150319882504,69.21684643114648,164.69150759852477,166.74710065005706,7.552977173444873,0.23360377950860106,0.35568749629069835,0.27036355435848236,0.5975614190101624,0.40243858098983765,0.39145684242248535,0.41342031955718994,-79.58630246520447,121.04150319882504,69.21684643114648,0.8061676282774318,0.18037951374555194
756,25.2,134.02808026455756,70.55517015265157,166.4475951752065,167.76032629986756,7.546671656546323,0.23714675492098197,0.3251109693936458,0.2667341083288193,0.5981506705284119,0.40184932947158813,0.39047837257385254,0.41322028636932373,-79.69296567386597,134.02808026455756,70.55517015265157,0.8049910185915051,0.1358714573281619
757,25.233333333333334,120.65399214415604,68.86501981248813,167.97765155560188,164.87899962449967,10.245535718203655,0.23504464485773222,0.33943360573853776,0.25485802441835403,0.5944822430610657,0.4055177569389343,0.3976437449455261,0.41339176893234253,-78.92132031688347,120.65399214415604,68.86501981248813,0.8005520394354155,0.18717045448389644
758,25.266666666666666,120.31228039961681,71.50224076582478,164.0731743706463,166.3091110119107,9.367112984942878,0.22902944945941306,0.3534597886906856,0.25546810030937195,0.5953744649887085,0.4046255350112915,0.39694738388061523,0.4123036861419678,-78.71479412058585,120.31228039961681,71.50224076582478,0.7966141962643826,0.20423791052928575
759,25.3,102.08402753402302,71.89001813256058,164.14281439151594,171.03215466969252,13.749894223392744,0.2382112562279244,0.38917080972109647,0.24589703977108002,0.5950005352497101,0.4049994647502899,0.3924615979194641,0.4175373315811157,-77.524886059993,102.08402753402302,71.89001813256058,0.791567296241269,0.24136699484061722
760,25.333333333333332,104.01146284484088,69.46800640275883,158.22031582013193,170.14946749441376,11.890083667191533,0.2279301872714379,0.39467082041620233,0.25314393639564514,0.5956245362758636,0.40437546372413635,0.3923996686935425,0.4163512587547302,-77.66459369810946,104.01146284484088,69.46800640275883,0.7866723234906341,0.18288044570412287
761,25.366666666666667,109.38645719204375,66.06366181472106,162.13576645165068,168.97691764483602,9.434043171201267,0.2502112430177179,0.3655825953115048,0.24334993958473206,0.5968072414398193,0.40319275856018066,0.3911796808242798,0.41520583629608154,-77.83601860428352,109.38645719204375,66.06366181472106,0.7807947690739776,0.20313635607077615
762,25.4,112.96589105063337,64.17812719954652,163.9348001363054,168.35760274725146,10.037368076386741,0.2498623214922905,0.36002575324640324,0.2411917820572853,0.5952149331569672,0.40478506684303284,0.39181458950042725,0.4177555441856384,-77.72903502110373,112.96589105063337,64.17812719954652,0.7772062470515569,0.17401090877173706
763,25.433333333333334,114.82159319618455,67.63476613506786,166.59716182914505,167.26114903151782,12.109387473800439,0.2509301872187902,0.3582436320025844,0.23714081943035126,0.5970731973648071,0.40292680263519287,0.3902354836463928,0.4156181216239929,-77.8445038535444,114.82159319618455,67.63476613506786,0.7746419109629862,0.1438400916803689
764,25.466666666666665,109.8728769946959,69.63187777622565,166.5714535425467,164.7313336092101,15.322109048303986,0.23375211627672288,0.3737953254721063,0.23241686820983887,0.5970331430435181,0.40296685695648193,0.3901478052139282,0.41578590869903564,-78.40836729949869,109.8728769946959,69.63187777622565,0.7734163812164104,0.0934471346966195
765,25.5,127.8961339455789,73.69532393444541,165.76764462179713,162.3436218016407,5.815121924546048,0.22882293966638068,0.3622883713295374,0.23072456568479538,0.5955576002597809,0.4044423997402191,0.39240962266921997,0.41647517681121826,-79.34862967252153,127.8961339455789,73.69532393444541,0.771856874453299,0.08106138829186316
766,25.533333333333335,107.2017436250025,70.98949613953513,164.93457614844533,162.16973737986044,6.861922840778277,0.22951269764382434,0.36620571982430183,0.22950442880392075,0.5963708460330963,0.4036291539669037,0.39079511165618896,0.4164631962776184,-78.9596021610416,107.2017436250025,70.98949613953513,0.770324488706661,0.06833238472050508
767,25.566666666666666,109.72940813720953,71.49962726016558,159.5012884960055,169.70161069625755,6.530457281699341,0.23713928934454326,0.3791214202965474,0.2296970635652542,0.5957839488983154,0.40421605110168457,0.3901170492172241,0.418315052986145,-78.80331675193106,109.72940813720953,71.49962726016558,0.7679852416569536,0.046833981814587936
768,25.6,114.81878760019838,67.63575961077774,168.22493172084413,170.23052517374515,5.736300713622967,0.2684499537122175,0.3509261269227399,0.2273617535829544,0.595796138048172,0.404203861951828,0.3901219367980957,0.4182857871055603,-79.29486202396463,114.81878760019838,67.63575961077774,0.7697371549227021,0.03689785123295979
769,25.633333333333333,113.28473911456308,68.76617277609986,166.93669471781746,171.17839609763885,6.084141122729534,0.2659253779211075,0.34965778287049465,0.22628022730350494,0.5961598753929138,0.4038401246070862,0.38976120948791504,0.4179190397262573,-79.60760460779991,113.28473911456308,68.76617277609986,0.7670265643885641,0.04277818891502001
770,25.666666666666668,115.95928196650031,70.59900198792612,168.92165544473673,170.06970677783522,10.464024112649128,0.27013307187125946,0.3574334705753666,0.2256915122270584,0.5961354672908783,0.4038645327091217,0.3896411061286926,0.4180879592895508,-79.43735699537449,115.95928196650031,70.59900198792612,0.7656766867095773,0.12721760401677423
771,25.7,103.04412883249206,66.82244990999124,166.09014043065585,168.70794216513062,10.07080860287104,0.26594974733891463,0.3604507143395873,0.22772368788719177,0.5947734713554382,0.40522652864456177,0.3910365104675293,0.41941654682159424,-79.4784113509294,103.04412883249206,66.82244990999124,0.7642508388468714,0.13867856743525586
772,25.733333333333334,133.60858258649006,62.711373436773314,167.54793368197733,169.11443935557972,10.323899933469022,0.26095117351716224,0.3708800297931893,0.23074426501989365,0.5803964138031006,0.4196035861968994,0.3992435932159424,0.43996357917785645,-79.24089324023883,133.60858258649006,62.711373436773314,0.7658317285505208,0.14864254116096287
773,25.766666666666666,118.6005737702621,63.84421584800418,168.11152989296104,167.53321350693494,8.726604298837458,0.26627643307537235,0.3756330621856898,0.23364751040935516,0.5834940671920776,0.41650593280792236,0.3985205888748169,0.43449127674102783,-78.17579371234223,118.6005737702621,63.84421584800418,0.7636234482580965,0.16467484966110227
774,25.8,120.9496722125691,67.24974960293807,164.16504246192775,167.8476082214996,9.712858009344558,0.2709820418851017,0.35336476935290856,0.2324855625629425,0.5860434770584106,0.41395652294158936,0.39622175693511963,0.4316912889480591,-78.45009398969573,120.9496722125691,67.24974960293807,0.762692700732838,0.16548536685583437
775,25.833333333333332,129.71197477860798,64.36995996168095,164.22696390636582,166.75635214747865,9.396006138893483,0.267267046526705,0.3247057513925247,0.23442846536636353,0.5886628329753876,0.4113371670246124,0.3943905234336853,0.42828381061553955,-78.18936531409447,129.71197477860798,64.36995996168095,0.7600149729035117,0.08710741180172316
776,25.866666666666667,128.97445252421514,65.72550541655418,161.734982458522,163.6456863904598,8.501968312764632,0.24601237798113415,0.31307936858878266,0.23267363011837006,0.5867695510387421,0.41323044896125793,0.39615046977996826,0.4303104281425476,-77.80055897959859,128.97445252421514,65.72550541655418,0.7633291047179338,0.0758706777508131
777,25.9,124.36886094696888,65.70994389682716,162.28685045406274,169.73290998208356,9.517541506621626,0.23124691043913861,0.295530231859121,0.23127926886081696,0.5859293341636658,0.41407066583633423,0.395896852016449,0.4322444796562195,-77.6020931196529,124.36886094696888,65.70994389682716,0.7575581929448879,0.06838362547484853
778,25.933333333333334,125.60056629822563,64.94850058605488,162.78621825283588,165.2762592643819,11.27672387700727,0.23638524977874767,0.3472608143281805,0.2295377105474472,0.5875407755374908,0.41245922446250916,0.39346009492874146,0.43145835399627686,-76.80456293589255,125.60056629822563,64.94850058605488,0.7561806469704165,0.05562553719251864
779,25.966666666666665,136.45388796061738,64.10219657946072,165.12780065420742,164.11654277119865,11.007032787669232,0.231579523838615,0.3262862397998139,0.22945040464401245,0.5859893560409546,0.4140106439590454,0.39677244424819946,0.43124884366989136,-76.97863481600471,136.45388796061738,64.10219657946072,0.7560669115998528,0.04833216132121811
780,26.0,134.0500502073276,61.339818148261294,160.73139341922447,162.18312575260242,12.281324351210287,0.24594467077405935,0.3017706864410787,0.23058167099952698,0.586080402135849,0.413919597864151,0.3966221213340759,0.4312170743942261,-77.13997942623473,134.0500502073276,61.339818148261294,0.7550964454809824,0.05290555408687872
781,26.033333333333335,134.89609979515953,64.1737155035791,165.33736473824717,165.4107435535499,11.309063935952395,0.2701403757555878,0.2979314302709508,0.2294112890958786,0.5853762030601501,0.41462379693984985,0.3974015712738037,0.431846022605896,-77.54146304288899,134.89609979515953,64.1737155035791,0.7574604808381109,0.059252229317208936
782,26.066666666666666,139.1289702991709,62.96099292248985,164.24424115091935,165.97272596997874,9.584378680135273,0.24869495274168457,0.29361732961835013,0.2282167598605156,0.5833059251308441,0.4166940748691559,0.3973931670188904,0.4359949827194214,-78.14231714006752,139.1289702991709,62.96099292248985,0.7591497988411875,0.05773277193799531
783,26.1,139.1110047129808,61.072949771394036,166.88509693884953,167.03498971007718,8.910762463335004,0.22914901616053032,0.30152419800575464,0.2282778099179268,0.5798759758472443,0.42012402415275574,0.3992527723312378,0.4409952759742737,-78.70342072005143,139.1110047129808,61.072949771394036,0.7613292083595739,0.0602584713548031
784,26.133333333333333,139.2542862476916,61.16056709817254,167.28999458195943,166.91875399375078,11.965824635817626,0.2295199640764037,0.29940392325171566,0.2275652214884758,0.5787879228591919,0.4212120771408081,0.39913690090179443,0.4432872533798218,-79.31004372995623,139.2542862476916,61.16056709817254,0.7631277974807855,0.06258384274359609
785,26.166666666666668,144.05794888543562,64.25771296949026,162.6583764458165,166.57061972449978,8.399697787871332,0.24051560486748902,0.2938625364186154,0.22617792338132858,0.5794923007488251,0.4205076992511749,0.39889901876449585,0.442116379737854,-79.24663825755647,144.05794888543562,64.25771296949026,0.7689708272616068,0.06603471512171566
786,26.2,140.07719569911634,69.270644655115,166.1042054531738,167.6783466691854,8.132649827030832,0.27802362209995585,0.3240132318762867,0.2245130091905594,0.5800424814224243,0.4199575185775757,0.3987271189689636,0.44118791818618774,-79.50983664379919,140.07719569911634,69.270644655115,0.7756993639649767,0.07265360392066215
787,26.233333333333334,148.8617852470536,68.90404503696462,166.47631617542322,166.88671026409293,7.153275276153295,0.2626244974400035,0.312979704629383,0.22154995054006577,0.5801583528518677,0.4198416471481323,0.3989328145980835,0.44075047969818115,-80.51088713986492,148.8617852470536,68.90404503696462,0.7817472607800455,0.12557949681797087
788,26.266666666666666,139.47859338579946,73.16372123043323,165.32676663177392,165.93597561888265,6.989889738358215,0.22835031124691402,0.3634881301370701,0.217107854783535,0.5792518854141235,0.42074811458587646,0.3987157940864563,0.44278043508529663,-80.6599461242142,139.47859338579946,73.16372123043323,0.7870632572607561,0.11786878798408827
789,26.3,143.37707919314005,76.65130139013597,165.2239630919148,167.77474550226452,5.334948287591033,0.22504603190767877,0.3746942046503744,0.20785445719957352,0.5751504600048065,0.4248495399951935,0.40689343214035034,0.4428056478500366,-81.63623134762216,143.37707919314005,76.65130139013597,0.7942962569720817,0.11691599239594483
790,26.333333333333332,142.49869096019657,80.54113400828099,160.9953168940951,166.79065504820744,5.192213511296359,0.21521388620368723,0.4012861491392371,0.20795781910419464,0.574900209903717,0.42509979009628296,0.40777677297592163,0.4424228072166443,-83.56563369615566,142.49869096019657,80.54113400828099,0.8010890172286467,0.12161997996513575
791,26.366666666666667,140.7033755544983,80.09586182549587,157.71128097432168,163.15619837117367,5.914255045328446,0.23493058286327892,0.4018760824248359,0.20636877045035362,0.5750339329242706,0.42496606707572937,0.4072147011756897,0.44271743297576904,-86.0346461384007,140.7033755544983,80.09586182549587,0.8078099209250826,0.11477665700046244
792,26.4,152.87597561948982,73.26006436415828,149.25135751186343,161.41092609342812,7.197834180760424,0.23861182566278918,0.4300019870467607,0.2026941142976284,0.5742894113063812,0.4257105886936188,0.4084109663963318,0.44301021099090576,-87.06493534373527,152.87597561948982,73.26006436415828,0.8135271135604742,0.06751604305839237
793,26.433333333333334,163.40184067470094,68.9819958638385,118.45033483100006,156.8794811251537,5.246886195430648,0.22077907369189131,0.471536331972061,0.20350149273872375,0.5709937810897827,0.4290062189102173,0.4125767946243286,0.44543564319610596,-87.99928305280577,163.40184067470094,68.9819958638385,0.8197274212584351,0.09667613308211313
794,26.466666666666665,164.1532433065156,62.470003662051276,112.93076576639885,147.5673386475683,4.418068136870147,0.2611016798775832,0.43365696243373236,0.20143640041351318,0.5701135993003845,0.4298864006996155,0.41193222999572754,0.4478405714035034,-90.203175923249,164.1532433065156,62.470003662051276,0.8273797897678433,0.11818530248836583
795,26.5,157.11759282503314,60.372318327294295,130.84227922002498,152.69726643579284,4.201965172694258,0.28569696716505855,0.46018259880655704,0.19632964581251144,0.569617748260498,0.43038225173950195,0.41169416904449463,0.4490703344345093,-92.4934408524465,157.11759282503314,60.372318327294295,0.8331301709016165,0.11517192460909012
796,26.533333333333335,154.56545700940075,59.40713689143229,115.20363788992822,149.6348505640458,4.317608941628123,0.2767641402893985,0.44681492096422015,0.19115372374653816,0.5698109567165375,0.4301890432834625,0.41082239151000977,0.4495556950569153,-92.80525205739698,154.56545700940075,59.40713689143229,0.8407726775516163,0.10058477666374224
797,26.566666666666666,156.56737764770023,60.74335546613129,112.00355562715428,153.2950395426276,3.0866038203164408,0.2782410464478033,0.43906791371633286,0.18792733550071716,0.5701770484447479,0.4298229515552521,0.410558819770813,0.44908708333969116,-93.80851183067593,156.56737764770023,60.74335546613129,0.8478406839298479,0.12880553842498813
798,26.6,157.7598531509152,58.4300620136237,130.50640966891234,148.98787611345222,2.9116582502340407,0.272314249504918,0.3364408113008091,0.18698793277144432,0.5703838467597961,0.42961615324020386,0.41052424907684326,0.44870805740356445,-95.04387329925206,157.7598531509152,58.4300620136237,0.8528999613993096,0.10944728990595422
799,26.633333333333333,157.57401975715007,55.91206061975996,129.26188225958208,148.42590367867697,2.6341906392409555,0.2794619020601711,0.3481113015614001,0.19346457347273827,0.5678674876689911,0.4321325123310089,0.4158264398574829,0.4484385848045349,-95.73561021522637,157.57401975715007,55.91206061975996,0.8565456785938956,0.08533262286821303
800,26.666666666666668,160.35556984433995,58.41976608554407,132.43364821372833,158.11433843144192,4.22980879911529,0.266877769832094,0.3881719481298451,0.19169526547193527,0.5685719549655914,0.43142804503440857,0.41485148668289185,0.4480046033859253,-96.4985466548698,160.35556984433995,58.41976608554407,0.8588726502476316,0.08000452866172768
801,26.7,160.12048024398482,55.402973339546584,133.33155024542776,160.47036093515376,4.11575191216707,0.25810700579569607,0.38458397696634594,0.19274869561195374,0.5690586268901825,0.4309413731098175,0.41470301151275635,0.44717973470687866,-96.1293228285778,160.12048024398482,55.402973339546584,0.8617313495188048,0.08136229047048155
802,26.733333333333334,160.57969848257116,55.551881737765314,135.04432352003255,165.2485061504655,3.9595144548450207,0.24779596598618683,0.35257303971146836,0.19499081373214722,0.5697922110557556,0.4302077889442444,0.4139496684074402,0.4464659094810486,-95.15852400836002,160.57969848257116,55.551881737765314,0.8630746232740807,0.044519699429372776
803,26.766666666666666,157.79023219923533,59.81021431036839,143.38710465149933,166.73083136210064,4.34091675202194,0.25775389083951716,0.3707524674674641,0.1946251429617405,0.5709227323532104,0.42907726764678955,0.41308116912841797,0.44507336616516113,-94.34880667948774,157.79023219923533,59.81021431036839,0.8654557529724005,0.04242642774483033
804,26.8,162.8328869677852,60.013546045840314,133.00797070924824,168.59944496112098,3.3681150654657586,0.2184798444310243,0.4313245052141851,0.19495930895209312,0.5701872110366821,0.42981278896331787,0.41528022289276123,0.4443453550338745,-93.26026584276882,162.8328869677852,60.013546045840314,0.8681946297486623,0.03604798334152302
805,26.833333333333332,163.4523700926848,65.13232146843497,135.5944164266168,168.2841757830376,3.7787340762067743,0.21711383962102265,0.45098610248751475,0.19342653080821037,0.5704522132873535,0.4295477867126465,0.4147476553916931,0.44434791803359985,-92.83543331484701,163.4523700926848,65.13232146843497,0.8701232798171766,0.0464361916271011
806,26.866666666666667,158.74219553751013,64.3345585323652,137.47308383952608,168.35256418727806,5.551162192253628,0.22031912123454242,0.49619634420024006,0.19350604712963104,0.5705083608627319,0.42949163913726807,0.41467201709747314,0.444311261177063,-92.51998936659301,158.74219553751013,64.3345585323652,0.8715395611343961,0.04497640485643105
807,26.9,149.04662112868147,68.10749158820867,143.85558898604106,168.16019575691644,6.00457045377334,0.22763335462633097,0.43862597184488533,0.19252723455429077,0.5744799673557281,0.42552003264427185,0.4072154760360718,0.4438245892524719,-92.15272499028123,149.04662112868147,68.10749158820867,0.8726184675187776,0.050161459814328915
808,26.933333333333334,154.35393499638818,67.54237446611309,145.89962067812988,170.09442664371338,5.827794380257956,0.22920426313479658,0.4292848181054135,0.191583514213562,0.5745269954204559,0.42547300457954407,0.40687066316604614,0.444075345993042,-91.69597399674007,154.35393499638818,67.54237446611309,0.8728444973627726,0.05132677033130143
