frame_index,time_s,shooting_elbow_angle_deg,shooting_knee_angle_deg,wrist_height_norm,guide_hand_distance,shoulder_alignment_deg,shooting_wrist_height_norm,guide_wrist_height_norm,max_wrist_height_norm,shoulder_mid_height_norm,hip_mid_y,ankle_mid_y,body_center_x,body_center_y,stance_width_dist,mean_visibility,wrist_speed_norm_per_s,body_speed_norm_per_s,shot_form_score
0,0.0,61.66366000506753,122.39147364310354,0.4247555732727051,0.4139585162102551,5.340710410317314,0.4247555732727051,0.4145824909210205,0.4247555732727051,0.4736633598804474,0.5979911684989929,0.7036985456943512,0.5541881024837494,0.5979911684989929,0.23043222325181317,0.9268176609819586,0.01368943180200317,0.016567656490548876,0.34668271845764276
1,0.03333333333333333,57.052682668847936,119.81431563116666,0.4250304698944092,0.46206697127049945,5.938534209257057,0.4250304698944092,0.4145132899284363,0.4250304698944092,0.4729503393173218,0.5983642935752869,0.703633576631546,0.5539176762104034,0.5983642935752869,0.26806590381904427,0.9285841620329655,0.03362982733214271,0.039784272206078844,0.3270482963599091
2,0.06666666666666667,62.24923068841618,103.4034491278917,0.4254359006881714,0.4667660409106131,6.879851086521256,0.4254359006881714,0.4141963720321655,0.4254359006881714,0.4705204665660858,0.5991565883159637,0.7033824622631073,0.5530218183994293,0.5991565883159637,0.27144372456092436,0.9314385219053789,0.06412135885722337,0.06991018107275812,0.3650654670372569
3,0.1,72.86567768327778,110.1775713158285,0.4261706471443176,0.43642272767628876,7.555648346420156,0.4261706471443176,0.41320425271987915,0.4261706471443176,0.46723654866218567,0.6011919975280762,0.703239917755127,0.5499946773052216,0.6011919975280762,0.28450497431315014,0.9350337855743639,0.07744638171032166,0.08984812906139053,0.4280432349757508
4,0.13333333333333333,75.11383363318235,94.45264117314284,0.4259571433067322,0.40455781836525045,9.274245713889798,0.4259571433067322,0.4094933271408081,0.4259571433067322,0.4650081992149353,0.6025541424751282,0.7029447555541992,0.5437954366207123,0.6025541424751282,0.28454539716204225,0.937598983446757,0.08090079534049148,0.09271167332881962,0.4415693143420494
5,0.16666666666666666,83.16020694248029,90.9708689899259,0.4246671199798584,0.39535678085349857,9.278037405557853,0.4246671199798584,0.40813106298446655,0.4246671199798584,0.4623769521713257,0.6053423881530762,0.7022244036197662,0.5419876873493195,0.6053423881530762,0.2675407313052115,0.9405447840690613,0.09218464109945265,0.0870975330182693,0.4896565420102818
6,0.2,80.87507891602132,78.40553104470862,0.4240490794181824,0.38771002130716153,9.103519917284189,0.4240490794181824,0.40864449739456177,0.4240490794181824,0.4621305763721466,0.6047612130641937,0.7011580765247345,0.5412513315677643,0.6047612130641937,0.2658357763826757,0.94282020222057,0.0810949293977432,0.06866300177834922,0.47363447279721915
7,0.23333333333333334,79.17328303175215,70.92664744082265,0.4211852550506592,0.3929302311770832,8.225334397804005,0.4211852550506592,0.40901440382003784,0.4211852550506592,0.46284112334251404,0.6045025587081909,0.6994228959083557,0.5412801802158356,0.6045025587081909,0.262655059534352,0.9451444528319619,0.06376596708551839,0.04572932758719084,0.45898136252427857
8,0.26666666666666666,76.75798412503315,64.5369231433224,0.4200405478477478,0.3999300389938976,8.703484119008976,0.4200405478477478,0.4086087942123413,0.4200405478477478,0.46320265531539917,0.6043108105659485,0.698249340057373,0.5418226718902588,0.6043108105659485,0.2415495424448012,0.9476011214834271,0.08481809155173042,0.05784139335833042,0.4518786726045922
9,0.3,73.59866497132222,68.39516348329309,0.41768336296081543,0.4080363761492223,9.191587698785582,0.41768336296081543,0.40882956981658936,0.41768336296081543,0.46341848373413086,0.603339433670044,0.6974893510341644,0.5441531836986542,0.603339433670044,0.2358236527492747,0.9498581398617137,0.10860363438445346,0.07565031871907837,0.4414625623782372
10,0.3333333333333333,72.48240520835425,80.02916603675006,0.41506683826446533,0.3977463629730332,10.1783309712321,0.41506683826446533,0.4093937873840332,0.41506683826446533,0.4633108675479889,0.6017418801784515,0.6971891522407532,0.5492503643035889,0.6017418801784515,0.25841371093028626,0.9514043999440742,0.12329100440169073,0.10101305566230268,0.4396673302558086
11,0.36666666666666664,70.2126039210828,87.0862611147741,0.4116753339767456,0.3940802198300569,10.964639576652587,0.4116753339767456,0.4097598195075989,0.4116753339767456,0.4634435176849365,0.6001609563827515,0.6968402564525604,0.5528223812580109,0.6001609563827515,0.2613057422838961,0.9523870583736536,0.1522785766421879,0.12399341884658925,0.4357535947764497
12,0.4,63.59101206675489,90.30583266814175,0.4077019691467285,0.3881982664411572,11.337296041879767,0.4077019691467285,0.41257601976394653,0.41257601976394653,0.4641583561897278,0.5973845720291138,0.6969093084335327,0.5563477575778961,0.5973845720291138,0.26957088362634585,0.9536114786610459,0.18253304485147506,0.15636608361585244,0.40804331382630304
13,0.43333333333333335,56.076264397980765,94.51308444080297,0.4023008942604065,0.3931256241598362,13.041025954573342,0.4023008942604065,0.4130404591560364,0.4130404591560364,0.46510544419288635,0.5940091013908386,0.6951513886451721,0.5591786801815033,0.5940091013908386,0.2797881121746936,0.9544491135712826,0.20296466164736698,0.17069558273181185,0.37242420070521437
14,0.4666666666666667,49.167871184721854,92.96563472908849,0.398792564868927,0.3937201705698261,10.20465043962173,0.398792564868927,0.4108486771583557,0.4108486771583557,0.46585407853126526,0.5917293727397919,0.6947809159755707,0.5667637884616852,0.5917293727397919,0.2644465465150495,0.9543697219906431,0.21749954137480754,0.18951273880856778,0.33840470232756364
15,0.5,49.049716309683554,91.62056763501118,0.3935808539390564,0.3821596386591579,9.536268506907248,0.3935808539390564,0.41038978099823,0.41038978099823,0.4661855697631836,0.5898668169975281,0.6936404705047607,0.5742659568786621,0.5898668169975281,0.26684630736964327,0.9543340115836172,0.23919130333475772,0.21184398308300376,0.34425581494311375
16,0.5333333333333333,50.5299352243529,80.75875667341883,0.3908534049987793,0.3638709565931556,10.681432232490437,0.3908534049987793,0.41026562452316284,0.41026562452316284,0.4666185975074768,0.5881231725215912,0.6928362846374512,0.5810891091823578,0.5881231725215912,0.2544889111827063,0.9536467880913706,0.25313705158962985,0.2344671436970179,0.35666297783440504
17,0.5666666666666667,47.82607578232377,82.50260196905509,0.3872905969619751,0.35835895980604354,10.40585043302633,0.3872905969619751,0.4110713005065918,0.4110713005065918,0.4667994976043701,0.5874976217746735,0.6926693022251129,0.5892744958400726,0.5874976217746735,0.2557003039786984,0.9529195319522511,0.24075613161917894,0.2247420568242166,0.3379272604986635
18,0.6,54.22370729954938,85.99098637721492,0.38493651151657104,0.35350975595070244,9.29218378508267,0.38493651151657104,0.4109894037246704,0.4109894037246704,0.46692872047424316,0.5862922072410583,0.6912913024425507,0.5973611176013947,0.5862922072410583,0.24302153339325375,0.952041992635438,0.23473216584113263,0.2119371210645273,0.37166246808316966
19,0.6333333333333333,65.565784718371,93.24540310621678,0.38504236936569214,0.32686701603073715,10.669086549301909,0.38504236936569214,0.41195034980773926,0.41195034980773926,0.4672352373600006,0.5860027372837067,0.6915717720985413,0.6036539077758789,0.5860027372837067,0.2523878888736336,0.952418630773371,0.23391966731695932,0.21291257756906903,0.4344302597415934
20,0.6666666666666666,65.36353296278165,99.29354765785504,0.3913424611091614,0.2778940652027242,12.25315738349741,0.3913424611091614,0.4119928479194641,0.4119928479194641,0.4674515128135681,0.5837905406951904,0.6908832490444183,0.6087938249111176,0.5837905406951904,0.25886375598318323,0.9507335930159597,0.2255281908565387,0.20205578699735258,0.4307891959390819
21,0.7,70.77593766847934,104.87459413630488,0.3918253779411316,0.27613063694015616,12.8078683948589,0.3918253779411316,0.41253262758255005,0.41253262758255005,0.46773561835289,0.5834404230117798,0.6910921335220337,0.6159903109073639,0.5834404230117798,0.2500763944748448,0.9492304252855706,0.20685629252868634,0.1848649996171477,0.45525654147238004
22,0.7333333333333333,64.81441482467183,106.49602883986537,0.3957971930503845,0.2399915514788672,15.092682787730439,0.3957971930503845,0.4144900441169739,0.4144900441169739,0.46845531463623047,0.5836709141731262,0.6904724836349487,0.6223859488964081,0.5836709141731262,0.2402400412511536,0.945800862529061,0.20396312079428194,0.1823040311933738,0.42126901859757254
23,0.7666666666666667,57.58743398985834,102.73074782438573,0.39582061767578125,0.29156898656033253,16.921745618085623,0.39582061767578125,0.41447800397872925,0.41447800397872925,0.4690658152103424,0.5835930407047272,0.6897017061710358,0.6276962161064148,0.5835930407047272,0.23911931374422332,0.9426250746755889,0.1900817481834508,0.18361542792816382,0.37695471328758157
24,0.8,58.15725746972072,106.05295442926824,0.39549726247787476,0.301561212682973,15.37710071889245,0.39549726247787476,0.4143679738044739,0.4143679738044739,0.4700902998447418,0.5826881527900696,0.6890275180339813,0.6334986984729767,0.5826881527900696,0.23180215035225119,0.9399944688334609,0.18417299478830682,0.17717670544358163,0.3783477732682738
25,0.8333333333333334,57.186455350388215,100.74391865167709,0.39528006315231323,0.3204141870538118,13.011796690830977,0.39528006315231323,0.4112934470176697,0.4112934470176697,0.4707067906856537,0.5828036665916443,0.6893899142742157,0.6393118798732758,0.5828036665916443,0.2411122226976505,0.9368313117460771,0.14567433530733986,0.14532750502557257,0.36140483031658094
26,0.8666666666666667,60.12117568028527,123.08119780329736,0.39338868856430054,0.32403391045849855,13.339517196433547,0.39338868856430054,0.40731751918792725,0.40731751918792725,0.4715093970298767,0.5812574625015259,0.6870599091053009,0.6452456116676331,0.5812574625015259,0.28521508752491975,0.9345445380066381,0.1296313583175238,0.12928821081101186,0.37289593905239754
27,0.9,58.48348213373581,100.12120491926535,0.39311695098876953,0.36544619112936916,14.072481697092769,0.39311695098876953,0.4076365828514099,0.4076365828514099,0.47275039553642273,0.5810884535312653,0.6864937245845795,0.6463240385055542,0.5810884535312653,0.2645707307583586,0.9335421432148326,0.10214467728350814,0.09906531641206767,0.3555516372613625
28,0.9333333333333333,58.19004222502721,110.16635370682249,0.39314740896224976,0.39018330326293366,11.870025482399342,0.39314740896224976,0.40704721212387085,0.40704721212387085,0.47349268198013306,0.5811715424060822,0.685711681842804,0.6489603519439697,0.5811715424060822,0.2111715784800867,0.9299115773403284,0.10226250826667445,0.06599518405673205,0.35395676484126465
29,0.9666666666666667,56.54636924708587,113.67407542804074,0.39405161142349243,0.3933119463043765,13.557209689526047,0.39405161142349243,0.40759629011154175,0.40759629011154175,0.4737238883972168,0.581213653087616,0.6855047941207886,0.6497947573661804,0.581213653087616,0.2046292989500708,0.9275454842683041,0.07901223738322168,0.04776021726327495,0.33785016703211024
30,1.0,51.75763886625167,122.75415228432726,0.39988094568252563,0.380656220667046,12.888387900313262,0.39988094568252563,0.41171973943710327,0.41171973943710327,0.4741359055042267,0.5811536014080048,0.6834168136119843,0.6494981348514557,0.5811536014080048,0.21237511348168533,0.9260024247747479,0.08560377670547946,0.04554321158457492,0.3132235711574864
31,1.0333333333333334,49.677705073656306,111.80429823044624,0.4018576741218567,0.38103591606464604,14.188941534936191,0.4018576741218567,0.4136428236961365,0.4136428236961365,0.4739413559436798,0.5839707851409912,0.6834260523319244,0.6482220590114594,0.5839707851409912,0.19434348416117053,0.9262516643061782,0.09405474645075548,0.0520395759968839,0.30420367434442835
32,1.0666666666666667,48.854550850121846,99.54643370438365,0.4040352702140808,0.38327237788154206,13.637713469787656,0.4040352702140808,0.41555511951446533,0.41555511951446533,0.4743015468120575,0.5845839977264404,0.6832904815673828,0.6478407680988312,0.5845839977264404,0.24081894795127,0.9284828901290894,0.11419549964802012,0.07487553640186334,0.30567282128397183
33,1.1,47.67942210334693,99.31145129458255,0.40562301874160767,0.3859962087175151,13.36100819359362,0.40562301874160767,0.4180837869644165,0.4180837869644165,0.47431984543800354,0.5845769047737122,0.6833169162273407,0.6515611112117767,0.5845769047737122,0.2856892819024385,0.9308668501449354,0.10770041210274467,0.10060912586170621,0.2971958019827508
34,1.1333333333333333,47.20764069970397,95.52764587675533,0.40622150897979736,0.3871047643275045,11.867711268941207,0.40622150897979736,0.41865330934524536,0.41865330934524536,0.4742624759674072,0.5836499333381653,0.6832945346832275,0.6561090648174286,0.5836499333381653,0.279197531912486,0.9329049840117946,0.11551711119062244,0.10415617121734287,0.2969198039110977
35,1.1666666666666667,51.403033912946334,133.11978137941924,0.4077332019805908,0.4116136305912047,9.972660771006787,0.4077332019805908,0.41848689317703247,0.41848689317703247,0.4745190143585205,0.5827759802341461,0.6809186637401581,0.6606166958808899,0.5827759802341461,0.27393634106471065,0.9334852153604681,0.1348275642299427,0.13173639417369776,0.32602067989646244
36,1.2,53.52672644897656,130.7572781940011,0.4089399576187134,0.39811472151183175,8.065941975837944,0.4089399576187134,0.4184020161628723,0.4184020161628723,0.4748058021068573,0.5814861059188843,0.6804991066455841,0.6640673875808716,0.5814861059188843,0.2513906665336547,0.9333006233880015,0.23037275670079205,0.1536656334442814,0.36648252950455185
37,1.2333333333333334,59.199737636752666,130.2607723436285,0.4118255376815796,0.39466590525737744,5.536806818629486,0.4118255376815796,0.41933220624923706,0.41933220624923706,0.4751221835613251,0.578813910484314,0.6788376867771149,0.6686661839485168,0.578813910484314,0.2489995211883017,0.9335873434037874,0.24589926126286643,0.15899691290364784,0.40265720969415253
38,1.2666666666666666,59.46663268104564,126.68735011957243,0.43051743507385254,0.37118617346657434,9.147122775808612,0.43051743507385254,0.4189736843109131,0.43051743507385254,0.47576242685317993,0.5765750110149384,0.6793742477893829,0.6756933629512787,0.5765750110149384,0.25263844218315873,0.9305553002790972,0.4600736301905318,0.1471956056021732,0.45037018156136466
39,1.3,89.14751277784755,155.97982118020522,0.4259300231933594,0.3508423248908566,13.204514799222551,0.4259300231933594,0.4193532466888428,0.4259300231933594,0.4769045114517212,0.5761930048465729,0.682998389005661,0.6812101602554321,0.5761930048465729,0.25474786504397506,0.9201937064980016,0.5334203671948827,0.1314309937196933,0.6152639598769308
40,1.3333333333333333,79.19571632863091,97.02757238843594,0.46629494428634644,0.47012907386026476,9.701072630916485,0.46629494428634644,0.42411941289901733,0.46629494428634644,0.47713130712509155,0.5761150121688843,0.6844541132450104,0.6838336884975433,0.5761150121688843,0.25909443145386074,0.9175107316537336,0.5584825663454547,0.11285454732350403,0.5599762018257273
41,1.3666666666666667,59.40488091998277,132.78872425134713,0.4504498243331909,0.4543196608981887,6.518773699124267,0.4504498243331909,0.42575299739837646,0.4504498243331909,0.4782898724079132,0.5760300755500793,0.6841212511062622,0.6848867237567902,0.5760300755500793,0.22026217219234553,0.9079739532687447,0.5731570695482999,0.07333252550287396,0.4500271162221265
42,1.4,110.037475759075,133.4597842278695,0.4599231481552124,0.4812221808268701,2.0771862757821964,0.4599231481552124,0.4281982183456421,0.4599231481552124,0.48131924867630005,0.5744789838790894,0.6828254461288452,0.6864787638187408,0.5744789838790894,0.2060927658869024,0.9024248403130155,0.6236423321607312,0.04452688492051622,0.7313193097726388
43,1.4333333333333333,128.83180711627742,111.07847701708867,0.4823365807533264,0.4569411452469895,2.8269027423588398,0.4823365807533264,0.43254196643829346,0.4823365807533264,0.4847716689109802,0.5737346708774567,0.6801813840866089,0.6862193644046783,0.5737346708774567,0.27822284707705147,0.9068661296006405,0.4272520249656343,0.035714544795344604,0.8357322617570968
44,1.4666666666666666,129.98382903888518,76.05435240248177,0.46676236391067505,0.4342177077627564,1.646006198086269,0.46676236391067505,0.43314284086227417,0.46676236391067505,0.4873383045196533,0.5734759271144867,0.6762238442897797,0.6855377554893494,0.5734759271144867,0.25242591467784387,0.9110985362168514,0.35303629302071726,0.031407689142433366,0.8280432714555772
45,1.5,124.13485146973697,59.09016500232864,0.4590630531311035,0.4321733270973403,0.35191684390966316,0.4590630531311035,0.43398576974868774,0.4590630531311035,0.4886866509914398,0.572454959154129,0.6748645603656769,0.6849956512451172,0.572454959154129,0.21838476333318338,0.9164224086385785,0.3897148394542905,0.019648133943683824,0.8065525155570481
46,1.5333333333333334,123.19729081099055,60.05929616669574,0.4555642008781433,0.4290457986295749,0.04003243045295335,0.4555642008781433,0.43601930141448975,0.4555642008781433,0.48983874917030334,0.572278767824173,0.6742135584354401,0.684706449508667,0.572278767824173,0.2133100894184267,0.9204696940653252,0.3283393721071715,0.022806695512895138,0.7829312050265433
47,1.5666666666666667,103.19566987375114,66.41539943785298,0.43984532356262207,0.4178921258243781,2.7081561028465444,0.43984532356262207,0.43676966428756714,0.43984532356262207,0.49028289318084717,0.5720398724079132,0.6727132797241211,0.6848159432411194,0.5720398724079132,0.2673459952770528,0.9242918382991444,0.3146210618182472,0.02019591755781594,0.6676955956218694
48,1.6,72.75617731823091,74.82462421907987,0.4277242422103882,0.4056221797796548,5.610500121460518,0.4277242422103882,0.4387468695640564,0.4387468695640564,0.4902138113975525,0.5716425180435181,0.6726246774196625,0.6860691010951996,0.5716425180435181,0.256916951699162,0.9278822252244661,0.2945960761307368,0.019174917081958214,0.4925798079405039
49,1.6333333333333333,66.87596107192971,75.91593691882233,0.41442251205444336,0.3924352291924413,6.276692915570607,0.41442251205444336,0.43949180841445923,0.43949180841445923,0.4896751940250397,0.5718865096569061,0.6724295318126678,0.6862330138683319,0.5718865096569061,0.2453822216758198,0.9302452116301565,0.29951726215212976,0.02353670552472648,0.4613882957119151
50,1.6666666666666667,56.06482787654586,72.45501311877214,0.41007035970687866,0.3887234582753318,9.41225841238139,0.41007035970687866,0.44022202491760254,0.44022202491760254,0.4881390631198883,0.572735607624054,0.672706812620163,0.6867338418960571,0.572735607624054,0.2648722304761133,0.9324232141176859,0.21214253821087645,0.028080525109954825,0.3751140274440733
51,1.7,52.90730950021217,86.9030158280482,0.4058622121810913,0.3783111340790954,13.026430354821684,0.4058622121810913,0.4400513172149658,0.4400513172149658,0.48695868253707886,0.5730299353599548,0.6728386580944061,0.6877579987049103,0.5730299353599548,0.2722355663266434,0.9338591026537346,0.14407189691021718,0.02738368000262724,0.3371510662964661
52,1.7333333333333334,49.334946948319555,94.63101460726327,0.40518879890441895,0.37463686663569,14.567214020698799,0.40518879890441895,0.4392138123512268,0.4392138123512268,0.48617681860923767,0.573424756526947,0.6730724573135376,0.6886985898017883,0.573424756526947,0.2731992220884906,0.9348871816288341,0.07687497195831378,0.03642045686228246,0.2971455301892694
53,1.7666666666666666,51.17152995093858,98.34037645148298,0.4049758315086365,0.3877717503894448,18.509667962315802,0.4049758315086365,0.43820852041244507,0.43820852041244507,0.4860633611679077,0.5743052065372467,0.6732906401157379,0.6895117461681366,0.5743052065372467,0.26837672545323366,0.9310249451434973,0.05701135691057826,0.03418338321977278,0.3013896845783878
54,1.8,54.14756150677476,89.35284370664483,0.4060652256011963,0.36912410752121805,20.705725926125353,0.4060652256011963,0.4368324875831604,0.4368324875831604,0.4860588610172272,0.5743630826473236,0.6727632284164429,0.6913108825683594,0.5743630826473236,0.27975883717063665,0.9308701446562102,0.04242155865678312,0.03016725752649268,0.3135462537457836
55,1.8333333333333333,56.9426677979324,88.84991497784792,0.40694576501846313,0.3703434236633569,21.278381765223628,0.40694576501846313,0.43451905250549316,0.43451905250549316,0.4862329959869385,0.5744377672672272,0.6726996004581451,0.6919192671775818,0.5744377672672272,0.2594165036418842,0.9296305053161852,0.043702447573309336,0.03161807590233629,0.32945888870495055
56,1.8666666666666667,60.918512744117834,89.88020749382041,0.4088149070739746,0.37294678185338553,19.928580950199887,0.4088149070739746,0.43307018280029297,0.43307018280029297,0.4867805540561676,0.5746455788612366,0.6726747453212738,0.6915818750858307,0.5746455788612366,0.24284052500562567,0.9263974915851246,0.06878419543701911,0.05496089980842341,0.35907144054287143
57,1.9,57.44331558586749,109.49461413672778,0.4101099967956543,0.37652564972865,18.82263927619968,0.4101099967956543,0.42845821380615234,0.42845821380615234,0.4871261715888977,0.5734657645225525,0.6730023622512817,0.6920295655727386,0.5734657645225525,0.285656156958519,0.9237890893762762,0.07661326067935549,0.06489204708607556,0.3421135092364038
58,1.9333333333333333,57.74354372869074,102.76435603867725,0.41050249338150024,0.3703646796105959,18.89054754836212,0.41050249338150024,0.42666035890579224,0.42666035890579224,0.4872783422470093,0.5725478529930115,0.6730212271213531,0.6970350742340088,0.5725478529930115,0.25224114440739287,0.9212615363525621,0.07439637463055075,0.0686770178467983,0.3431163775485582
59,1.9666666666666666,61.023174956335836,104.56204610631076,0.4103310704231262,0.37008828944073896,18.1273584415151,0.4103310704231262,0.4230952858924866,0.4230952858924866,0.4877385199069977,0.5719536542892456,0.6730128526687622,0.7004388570785522,0.5719536542892456,0.22828072863705395,0.9205161712386392,0.0680947445662845,0.07180945257221667,0.35944606201619556
60,2.0,62.08767604436014,103.91870572148865,0.410386860370636,0.37173839674426346,17.29803598338674,0.410386860370636,0.42050570249557495,0.42050570249557495,0.4883793890476227,0.5709245800971985,0.6729358434677124,0.6997402906417847,0.5709245800971985,0.23301013964778022,0.9196657700972124,0.06173982484630955,0.07213465675400665,0.36345348103367137
61,2.033333333333333,61.417906861452074,104.62134107477283,0.41048508882522583,0.37604731431989896,16.502325221093713,0.41048508882522583,0.420371949672699,0.420371949672699,0.4884231686592102,0.5705612003803253,0.6728876531124115,0.7005836665630341,0.5705612003803253,0.24967721893824876,0.9197485031503619,0.03431779564707498,0.04881034390003765,0.3515059323688562
62,2.066666666666667,63.577200567141055,85.39615449851387,0.41055262088775635,0.3761642216473038,12.906760785356369,0.41055262088775635,0.42184603214263916,0.42184603214263916,0.4886470437049866,0.5692806243896484,0.6746090054512024,0.7008873820304871,0.5692806243896484,0.21553745464657303,0.9190969882589398,0.02336033296789989,0.041083814060351095,0.3602147697078203
63,2.1,62.76388433762952,94.1994702758414,0.41026800870895386,0.3792971294523744,10.729118377278525,0.41026800870895386,0.4222373962402344,0.4222373962402344,0.48864418268203735,0.5681309103965759,0.6750717461109161,0.7005381286144257,0.5681309103965759,0.2657228116457855,0.9200843518430536,0.023677375171647495,0.03829260447757476,0.35579145887165825
64,2.1333333333333333,65.50428897535184,99.33049961558665,0.410183846950531,0.39880439100027926,11.805340897409906,0.410183846950531,0.42259424924850464,0.42259424924850464,0.4892653524875641,0.5666466951370239,0.6760457456111908,0.6989585161209106,0.5666466951370239,0.28662066284716686,0.9199590935851588,0.026497071027843676,0.03800504198250178,0.3718618378380856
65,2.1666666666666665,60.33663671922587,94.19716447418632,0.4100990295410156,0.4022057103376034,10.80153631009739,0.4100990295410156,0.4210137128829956,0.4210137128829956,0.4889291822910309,0.5668598115444183,0.6775454580783844,0.698209673166275,0.5668598115444183,0.29061046017431513,0.9196919527920809,0.03676183799797235,0.04226875815170091,0.3462320887284243
66,2.2,60.09846865837556,93.49849692512363,0.4091050624847412,0.40310495057596646,11.00923012394557,0.4091050624847412,0.42148667573928833,0.42148667573928833,0.4888174831867218,0.5669355690479279,0.6784207820892334,0.697342574596405,0.5669355690479279,0.293579129343005,0.9204692569645968,0.06647322347488724,0.06748179189393257,0.3538223484778859
67,2.2333333333333334,58.8533040414001,101.58021595126034,0.40923190116882324,0.4077613093824039,10.993909660709363,0.40923190116882324,0.4217967987060547,0.4217967987060547,0.48883068561553955,0.5671239495277405,0.6803638935089111,0.6953246295452118,0.5671239495277405,0.30217219821702346,0.9209487239519755,0.0853635471329484,0.08390452519062483,0.3525718643698851
68,2.2666666666666666,57.19146129663836,99.13045946374335,0.40832585096359253,0.41094071017011463,10.094774855611405,0.40832585096359253,0.42117172479629517,0.42117172479629517,0.4887414574623108,0.5680378973484039,0.6818585693836212,0.6899987161159515,0.5680378973484039,0.3027884192182728,0.9217194083965186,0.10888897858992219,0.11444742172832437,0.3503970341138564
69,2.3,57.295150844575716,100.25176246129058,0.4080437421798706,0.41430958083341074,11.175310866369557,0.4080437421798706,0.421378493309021,0.421378493309021,0.48870986700057983,0.569364458322525,0.6841838955879211,0.6852768957614899,0.569364458322525,0.3035017951281908,0.9225584358880015,0.13114054971988115,0.1395650021718639,0.35764855849694055
70,2.3333333333333335,56.71044075319271,101.65132896761963,0.406981885433197,0.421402038053953,10.4606023921053,0.406981885433197,0.4215243458747864,0.4215243458747864,0.4881456792354584,0.5730687975883484,0.6862847208976746,0.680724561214447,0.5730687975883484,0.31446425824688934,0.922837495803833,0.13688513239274797,0.1504233035128903,0.35612354390222833
71,2.3666666666666667,61.21619966975047,107.47727483703402,0.40564656257629395,0.42485813669497785,10.985479893155826,0.40564656257629395,0.42066490650177,0.42066490650177,0.48797518014907837,0.5745096206665039,0.6880092918872833,0.6758775115013123,0.5745096206665039,0.23686197892928365,0.9210306297649037,0.13571919595865137,0.1492114898298018,0.38080575695287583
72,2.4,64.70067393958435,120.50681902973065,0.40573757886886597,0.42280879147691186,9.106394027358931,0.40573757886886597,0.4207872748374939,0.4207872748374939,0.4877864122390747,0.5769282877445221,0.6901507079601288,0.6728995442390442,0.5769282877445221,0.21491022915239658,0.9192030303405992,0.15949397652142738,0.15818756814894386,0.4072963815096746
73,2.433333333333333,62.807291207302484,85.50648842956518,0.4054640531539917,0.42399713969050246,10.06606277360649,0.4054640531539917,0.4214519262313843,0.4214519262313843,0.4876216650009155,0.5770235061645508,0.690691739320755,0.6676986217498779,0.5770235061645508,0.22879953912636533,0.9179744142474551,0.2919876975216954,0.18414477011331787,0.43652570485263353
74,2.466666666666667,57.88613474374249,115.44151989703809,0.4113460183143616,0.4235201129103174,11.368952705818828,0.4113460183143616,0.4214991331100464,0.4214991331100464,0.487496942281723,0.5769726037979126,0.6909699738025665,0.6612981855869293,0.5769726037979126,0.25304724507952375,0.915967626102043,0.43747615282903884,0.21802216124088866,0.44158963746523605
75,2.5,37.8117551598391,109.55884047333994,0.43608659505844116,0.44101846094028707,12.15660244471573,0.43608659505844116,0.423165500164032,0.43608659505844116,0.4884295165538788,0.5766380727291107,0.6916292011737823,0.6511084139347076,0.5766380727291107,0.2649464357569833,0.9128971334659692,0.5190320463243944,0.22924394558354497,0.3300653064435506
76,2.533333333333333,66.19126710368683,110.37809898904308,0.4633365869522095,0.48397240293156873,7.440666974190833,0.4633365869522095,0.4259064197540283,0.4633365869522095,0.48989999294281006,0.5764198899269104,0.6916667222976685,0.6404077410697937,0.5764198899269104,0.30780829667461007,0.9095941285292307,0.6155381229598725,0.2609062885669637,0.48772926168714903
77,2.566666666666667,73.5698223305871,107.68134088969198,0.47889626026153564,0.4794114811683725,5.744145038683939,0.47889626026153564,0.4295116066932678,0.47889626026153564,0.49104997515678406,0.576222836971283,0.6920483708381653,0.6347044110298157,0.576222836971283,0.31891627452470167,0.9069418293057065,0.6569456098123183,0.2864372517185238,0.5287212351699284
78,2.6,88.98357334772271,100.11086346037428,0.4974375367164612,0.48350444209553906,0.17470645836237964,0.4974375367164612,0.43476009368896484,0.4974375367164612,0.49419909715652466,0.5757574737071991,0.6914073824882507,0.6242358982563019,0.5757574737071991,0.3217469264543467,0.9079264817815839,0.5685284329407142,0.29185948080738044,0.6240685039449357
79,2.6333333333333333,116.17115286408692,81.40518425004036,0.5089130401611328,0.4961220500668378,4.071498362428827,0.5089130401611328,0.4363139867782593,0.5089130401611328,0.49762313067913055,0.5743215382099152,0.6911728978157043,0.6136772930622101,0.5743215382099152,0.32897773812546055,0.9126710774320544,0.4843087810047582,0.2946308912207942,0.7992650221353785
80,2.6666666666666665,119.94062776123575,75.25634719290274,0.504210501909256,0.5188118154021562,4.639434559103904,0.504210501909256,0.43767619132995605,0.504210501909256,0.49947215616703033,0.5734240710735321,0.6903139650821686,0.6026146709918976,0.5734240710735321,0.3336019246575854,0.9171545433275627,0.49477337768384144,0.35286197805169395,0.8005518581224311
81,2.7,109.98313576102973,78.6405658633627,0.4938385486602783,0.5108712830169537,4.219584663110396,0.4938385486602783,0.43916022777557373,0.4938385486602783,0.500740721821785,0.5734062194824219,0.6887457966804504,0.5914498865604401,0.5734062194824219,0.3452053040088226,0.9193342129389445,0.5591596720469949,0.38135897326184914,0.7310174208946096
82,2.7333333333333334,100.35102952474104,92.21523246415914,0.48393917083740234,0.50018376612277,1.925402971994231,0.48393917083740234,0.43932145833969116,0.48393917083740234,0.5009799301624298,0.5736184418201447,0.6865331828594208,0.5760394334793091,0.5736184418201447,0.39814257542539994,0.9231972929203149,0.5978489705092073,0.38922386856811697,0.6775057195818946
83,2.7666666666666666,67.45118778012878,127.69833456745924,0.4557605981826782,0.4846121147443383,1.0627154812186461,0.4557605981826782,0.43967920541763306,0.4557605981826782,0.5014145821332932,0.5742739737033844,0.6860481798648834,0.5608251988887787,0.5742739737033844,0.44574625453287803,0.9283412171132637,0.6340437088725962,0.3936976966950766,0.4947288210007154
84,2.8,64.46867725711057,132.18654017388587,0.43722403049468994,0.4685021575827416,0.8273464380329187,0.43722403049468994,0.4392666220664978,0.4392666220664978,0.5009395182132721,0.5752471387386322,0.6862139999866486,0.5488982200622559,0.5752471387386322,0.4347188383722395,0.932754534663576,0.659852801258044,0.4314439378674227,0.47815931809505874
85,2.8333333333333335,56.06110460626021,133.15502417854321,0.4234684705734253,0.45068882087932294,3.778319548376203,0.4234684705734253,0.4386647343635559,0.4386647343635559,0.49975307285785675,0.577143520116806,0.6875051856040955,0.5372064113616943,0.577143520116806,0.43300087130257925,0.935535268350081,0.6751412287810948,0.45740293540084015,0.43145058114589
86,2.8666666666666667,53.208459396861386,134.62483726853725,0.41463327407836914,0.40457217041556903,6.075497484964757,0.41463327407836914,0.43832993507385254,0.43832993507385254,0.4978495091199875,0.5781088173389435,0.6890782713890076,0.5197772830724716,0.5781088173389435,0.44788934213237586,0.93839247118343,0.6076639707336878,0.48885601324610417,0.4156025522047855
87,2.9,52.244563812744985,135.19390372635414,0.4076874852180481,0.38503203222480625,9.783632046961998,0.4076874852180481,0.43738263845443726,0.43738263845443726,0.49570657312870026,0.5797010064125061,0.6909269094467163,0.5001031905412674,0.5797010064125061,0.40020967350389514,0.939771092299259,0.5765291904211048,0.5178481993249666,0.41024757673747214
88,2.933333333333333,51.117718853088235,126.97998974334789,0.4112831950187683,0.38618449013414674,11.127124861843356,0.4112831950187683,0.43549585342407227,0.43549585342407227,0.49535299837589264,0.5802260935306549,0.6921739876270294,0.479639396071434,0.5802260935306549,0.3560463293129151,0.939638255220471,0.6111081871897085,0.5892544609822118,0.4039873269616013
89,2.966666666666667,49.59794773500542,113.02022217831717,0.4093858599662781,0.3777986753937079,11.004903893900263,0.4093858599662781,0.4340621829032898,0.4340621829032898,0.4946059286594391,0.5815563201904297,0.6934415996074677,0.4628935009241104,0.5815563201904297,0.29526932019620455,0.9397916143590753,0.6181910845847801,0.6085409943762785,0.39554415408336346
90,3.0,50.919297420906624,117.82107221804215,0.4074432849884033,0.3658228590265464,10.036006190124965,0.4074432849884033,0.43338578939437866,0.43338578939437866,0.4948205053806305,0.5822010338306427,0.694533497095108,0.4391566067934036,0.5822010338306427,0.3057799684522602,0.9413418300224073,0.6300330378044078,0.6262795739934158,0.40288498567170344
91,3.033333333333333,51.406763564377755,82.14079047702198,0.4059884548187256,0.34706392864755503,9.332017589450658,0.4059884548187256,0.43238145112991333,0.43238145112991333,0.4945501536130905,0.5823140740394592,0.6954088509082794,0.41848665475845337,0.5823140740394592,0.24702666388726716,0.9427201802080328,0.6348982481127408,0.6327667524691167,0.40559313091320975
92,3.066666666666667,47.725196413650856,60.03227391990276,0.40854567289352417,0.32857639051380905,8.046090078579482,0.40854567289352417,0.43081408739089966,0.43081408739089966,0.4942818880081177,0.5824829936027527,0.696788102388382,0.3957924395799637,0.5824829936027527,0.16098892891439068,0.9453741312026978,0.6614288153884315,0.6590676986883401,0.3851399800758381
93,3.1,46.903960755222826,76.70288316894539,0.4098019599914551,0.2965245123419354,6.506825928573079,0.4098019599914551,0.4292353391647339,0.4292353391647339,0.49448850750923157,0.582562655210495,0.6987172067165375,0.37424086034297943,0.582562655210495,0.219680995189636,0.948396359429215,0.6674585499043478,0.665885975754307,0.3805775597512379
94,3.1333333333333333,47.85430785416727,102.28982548461951,0.4118120074272156,0.2678213541913537,5.574615009439469,0.4118120074272156,0.4270198345184326,0.4270198345184326,0.4945998936891556,0.5828884541988373,0.6995013058185577,0.3530612289905548,0.5828884541988373,0.2086797022939445,0.951354494600585,0.7151894898184404,0.7143174504543355,0.38585726585648483
95,3.1666666666666665,52.779058355237176,93.08379483005925,0.41196316480636597,0.23149334929302745,5.6184350032043255,0.41196316480636597,0.4265713095664978,0.4265713095664978,0.49304285645484924,0.5846337080001831,0.6996598243713379,0.3282404839992523,0.5846337080001831,0.15494299543408102,0.9530703858895735,0.7640793406674262,0.7645500027024754,0.41321699086242875
96,3.2,58.80477457862668,64.72922442077105,0.41244006156921387,0.19933277772332753,5.433752430037771,0.41244006156921387,0.42509937286376953,0.42509937286376953,0.4914766252040863,0.5866369605064392,0.70051309466362,0.29956820607185364,0.5866369605064392,0.1201061077702714,0.954463931647214,0.8397267269327195,0.8404680074100722,0.4466931921034815
97,3.2333333333333334,65.89324731477735,59.83149658712288,0.41272830963134766,0.308307255622681,5.24787448121856,0.41272830963134766,0.4253029227256775,0.4253029227256775,0.4889747202396393,0.5888944864273071,0.700872540473938,0.26858340203762054,0.5888944864273071,0.1298833218365663,0.9554692127487876,0.9044261726016571,0.9057214936080331,0.4860735961932075
98,3.2666666666666666,90.31533713555771,53.86311327448875,0.41291677951812744,0.20491873665144658,4.819569126181932,0.41291677951812744,0.4254302382469177,0.4254302382469177,0.48875898122787476,0.5896871089935303,0.7004171907901764,0.2343878597021103,0.5896871089935303,0.1730563643343686,0.955205955288627,0.930004871027999,0.9309288688469802,0.6217518729753206
99,3.3,91.01518312632302,67.63413373564983,0.41328269243240356,0.19286575441780232,4.507758761796367,0.41328269243240356,0.4249778389930725,0.4249778389930725,0.48901087045669556,0.5893505811691284,0.6999875009059906,0.20233190804719925,0.5893505811691284,0.1432255769998206,0.9557895118539984,0.9170920651969653,0.9176304359450796,0.6256399062573501
100,3.3333333333333335,73.16015991078571,80.93613956176561,0.4129013419151306,0.19633812351676208,4.622278694579563,0.4129013419151306,0.42433851957321167,0.42433851957321167,0.48924288153648376,0.5896395146846771,0.6990493535995483,0.17325008660554886,0.5896395146846771,0.11884008554175404,0.9553110418897687,0.853501451218573,0.8535070428392778,0.5264453328376983
101,3.3666666666666667,81.1468931132465,126.74261914086789,0.41328948736190796,0.21008780664774035,5.389161126674821,0.41328948736190796,0.424034059047699,0.424034059047699,0.48946109414100647,0.5901280343532562,0.6933397650718689,0.14672881737351418,0.5901280343532562,0.1630662048073628,0.9559314612186316,0.7689394471789335,0.7688816268142511,0.5708160728513695
102,3.4,93.93312732013109,141.2352811760558,0.41193753480911255,0.2671825403508581,5.599838870434269,0.41193753480911255,0.42423301935195923,0.42423301935195923,0.4893351197242737,0.5913533568382263,0.6919683516025543,0.12638598307967186,0.5913533568382263,0.24615219869046148,0.955282885016817,0.6830397366805738,0.6829953136829039,0.6418507073340616
103,3.433333333333333,101.29176545195705,152.73869044112502,0.4122254252433777,0.31466100837407157,5.655775328442928,0.4122254252433777,0.4246893525123596,0.4246893525123596,0.48929911851882935,0.5914331674575806,0.689550906419754,0.10628565028309822,0.5914331674575806,0.1714334968399579,0.9552605459184358,0.6101061457046205,0.6099655690307833,0.6827320302886503
104,3.466666666666667,108.19593150693115,162.79399707200193,0.41229957342147827,0.31570478246212497,4.768676012561627,0.41229957342147827,0.42908787727355957,0.42908787727355957,0.48993009328842163,0.5911624133586884,0.6841510236263275,0.08854438364505768,0.5911624133586884,0.18322308470289073,0.9533103578018419,0.5481590132279037,0.5448710449838507,0.7210885083718397
105,3.5,143.41736711059463,151.56170986102495,0.4130784273147583,0.34000595413615725,4.227594273575505,0.4130784273147583,0.4289732575416565,0.4289732575416565,0.49018043279647827,0.5909942984580994,0.6658742129802704,0.0716335866600275,0.5909942984580994,0.1791474035654742,0.9453530456080581,0.5322442908378889,0.5215568960771477,0.9167631506144146
106,3.533333333333333,146.88676457908645,156.04701414568677,0.41735899448394775,0.3541688973120885,3.651997269734352,0.41735899448394775,0.4296857714653015,0.4296857714653015,0.49126380681991577,0.5897078514099121,0.6730220317840576,0.05600977875292301,0.5897078514099121,0.12172695506140618,0.9434403885494579,0.4906494673727309,0.47397198528812184,0.9360375809949247
107,3.566666666666667,104.41759832917917,146.29089809547133,0.42407429218292236,0.3220942106631242,4.940676615527082,0.42407429218292236,0.43230140209198,0.43230140209198,0.4920046329498291,0.5880928039550781,0.6620833277702332,0.03959502745419741,0.5880928039550781,0.17353420278320641,0.9303429343483665,0.4778518400229882,0.4470995038289707,0.7000977684954398
108,3.6,124.43224230890424,155.23479352750041,0.43063271045684814,0.3025210736426629,3.651902058796736,0.43063271045684814,0.4339028000831604,0.4339028000831604,0.4924831688404083,0.5838896036148071,0.6778456568717957,0.028174255043268204,0.5838896036148071,0.11658584986653973,0.9257337523229194,0.5240422865291003,0.4423467601788578,0.811290235049468
109,3.6333333333333333,125.46998736983733,161.15252577833283,0.43908703327178955,0.30370978632871254,4.125180277814934,0.43908703327178955,0.4345449209213257,0.43908703327178955,0.4927809536457062,0.581940233707428,0.6820222735404968,0.015053691451612394,0.581940233707428,0.06817666453277227,0.9101344563744285,0.5335683627174195,0.41982403058851897,0.8170554853879851
110,3.6666666666666665,134.5781638106995,130.39475994253834,0.457710325717926,0.3371042605341472,0.8657020609583697,0.457710325717926,0.43602365255355835,0.457710325717926,0.4943285882472992,0.5815279185771942,0.6690204739570618,-0.0010605431161820889,0.5815279185771942,0.04257566652824259,0.8909915757901741,0.49551973579923786,0.38570993786200825,0.8676564656149972
111,3.7,147.77193841882905,47.942588704664786,0.44450128078460693,0.2521519298397955,0.7402212756977349,0.44450128078460693,0.4360707998275757,0.44450128078460693,0.49475571513175964,0.581030547618866,0.6601915657520294,-0.012973057018825784,0.581030547618866,0.1645320418931297,0.8710444948889993,0.5122457660913551,0.4034469935511523,0.9409552134379392
112,3.7333333333333334,98.68863907016203,83.61432887030219,0.4403446912765503,0.22475210702771398,11.72486454205955,0.4403446912765503,0.43696480989456177,0.4403446912765503,0.49593833088874817,0.5789621770381927,0.6699784100055695,-0.023581631015986204,0.5789621770381927,0.16180055499169688,0.8457113721153953,0.4307309251360687,0.3953296714097565,0.6682702170564557
113,3.7666666666666666,107.05480122434507,122.56503851279476,0.4466555714607239,0.18164340208646113,11.274793580558338,0.4466555714607239,0.43889880180358887,0.4466555714607239,0.4999666064977646,0.5752240419387817,0.6716848015785217,-0.03823828976601362,0.5752240419387817,0.1527621706008687,0.7982680671142809,0.32631946870791395,0.351444652247922,0.6926447363031801
114,3.8,137.06406895489752,127.48480259504338,0.44717955589294434,0.11786273266245685,3.979012606501584,0.44717955589294434,0.44239360094070435,0.44717955589294434,0.5084037631750107,0.563473641872406,0.6673998832702637,-0.03628466185182333,0.563473641872406,0.09124228436268107,0.7609272526972222,0.293542535766181,0.3494764889161526,0.849529810479285
115,3.8333333333333335,115.60124026452809,143.90542295261614,0.44892364740371704,0.1495216606857493,2.9851160140266018,0.44892364740371704,0.44329261779785156,0.44892364740371704,0.5054307729005814,0.5688001811504364,0.665503054857254,-0.043296221643686295,0.5688001811504364,0.095463754280028,0.7370387785362474,1.2443922072194435,1.307940286399143,0.7622291125807116
116,3.8666666666666667,130.0769405598695,175.8438910867193,0.4431239366531372,0.09470759551917345,3.8764302198794383,0.4431239366531372,0.4422633647918701,0.4431239366531372,0.4986010938882828,0.5728233158588409,0.6641407012939453,-0.054170746356248856,0.5728233158588409,0.06651637627027461,0.7127366815552567,1.1872321352257047,1.276741363103666,0.8426496697770528
118,3.933333333333333,82.14304508557714,151.9139504078689,0.4530632495880127,0.15982786539600205,47.978214535755626,0.4530632495880127,0.4638708233833313,0.4638708233833313,0.46258673071861267,0.5407367646694183,0.5146661996841431,0.28542135655879974,0.5407367646694183,0.03727965866059739,0.7177998161677158,1.3863586570129476,1.4151943293438842,0.5802025284695844
119,3.966666666666667,61.51060655086363,169.59224819099308,0.456667423248291,0.1807470963815834,29.513306906518068,0.456667423248291,0.4623141288757324,0.4623141288757324,0.4677257835865021,0.5323606431484222,0.5151592195034027,0.28009532392024994,0.5323606431484222,0.05088382026682784,0.7266090033632336,1.4432188004944537,1.4117141533217208,0.4617255919492424
120,4.0,138.6802269744286,125.65444518443319,0.46127498149871826,0.0797812847109138,76.48342496439511,0.46127498149871826,0.4600735902786255,0.46127498149871826,0.46735793352127075,0.5300029218196869,0.5268824994564056,0.2451876625418663,0.5300029218196869,0.012293319243457366,0.7302664301612161,1.6909443925667644,1.6210259727212042,0.8904457054134922
121,4.033333333333333,50.243277675802794,164.52881481479702,0.4760996699333191,0.10008678786975153,12.308257404470794,0.4760996699333191,0.45596206188201904,0.4760996699333191,0.467354416847229,0.5270920395851135,0.5150573253631592,0.23749464750289917,0.5270920395851135,0.011474824793222557,0.7365348808693163,0.8462288907064718,0.7140565425971415,0.4253650796793969
122,4.066666666666666,96.52413522946152,159.22140674464498,0.4493805766105652,0.1433406727470917,16.221163681493607,0.4493805766105652,0.4463956356048584,0.4493805766105652,0.4620097577571869,0.527346670627594,0.5172664821147919,0.19101517647504807,0.527346670627594,0.05728108372090747,0.7324257908445416,0.8169564752208578,0.6579965968662519,0.6562451957192307
123,4.1,76.9679906357535,167.97134919333064,0.4710826873779297,0.10871415206384659,11.281905004928376,0.4710826873779297,0.44677430391311646,0.4710826873779297,0.4682510197162628,0.5262650549411774,0.5294549465179443,0.17165464162826538,0.5262650549411774,0.036324642275992566,0.7328585928136652,0.7492988850807978,0.5971588862030459,0.5560949509614089
124,4.133333333333334,26.847041781782124,133.75142540243903,0.4725216031074524,0.1657558831751145,7.2400686337007585,0.4725216031074524,0.44870567321777344,0.4725216031074524,0.468361496925354,0.5262925624847412,0.5403867065906525,0.1710725873708725,0.5262925624847412,0.024499335595902835,0.741068754232291,0.7180763698899676,0.6191434796836678,0.28163055066730697
146,4.866666666666666,140.54532548333736,144.37875141510395,0.8644348382949829,0.409261383161849,9.179197509181336,0.8644348382949829,0.8798863142728806,0.8798863142728806,0.8245397880673409,0.10776908323168755,0.031514134258031845,0.5227267444133759,0.10776908323168755,0.15429729363084682,0.7333905868458025,0.45998374070656245,0.3898973210172434,1.0668469424129379
147,4.9,104.53964958773885,136.9822191133627,0.8641532510519028,0.09005519891168573,6.292683635740843,0.8641532510519028,0.8752004206180573,0.8752004206180573,0.8256686925888062,0.11080711707472801,0.15117252618074417,0.5112320333719254,0.11080711707472801,0.03929925247860897,0.7240265183376543,0.3888225774894845,0.369668066792299,0.8460177883775922
148,4.933333333333334,67.85741550990542,73.62372073897257,0.8571857064962387,0.11709055168749759,16.642575346543083,0.8571857064962387,0.8746961653232574,0.8746961653232574,0.8298355266451836,0.10864090174436569,0.1667887046933174,0.5032482147216797,0.10864090174436569,0.09530851678053857,0.7159529048385043,0.46891683325099887,0.4090898554687749,0.6315675577559184
149,4.966666666666667,75.32251563982045,64.17052792089486,0.8410048484802246,0.16787973741350398,13.107920778519201,0.8410048484802246,0.8794117346405983,0.8794117346405983,0.8407716676592827,0.09374745935201645,0.13932983577251434,0.4973490983247757,0.09374745935201645,0.14061892646414753,0.6996292498978701,0.4151784330908544,0.3613993695943546,0.6543786211651715
150,5.0,94.2301396298109,89.07227732154101,0.8540804982185364,0.17527642619430134,13.464323614787133,0.8540804982185364,0.8878237903118134,0.8878237903118134,0.8440341800451279,0.0934448204934597,0.15738634020090103,0.49020250141620636,0.0934448204934597,0.13753148230073478,0.6920291519526279,0.3696895029852981,0.31280035336640305,0.7657764574168175
151,5.033333333333333,148.1780550754231,78.47369151355612,0.8659784644842148,0.12673546484284653,11.718481289686537,0.8659784644842148,0.888383649289608,0.888383649289608,0.8539588674902916,0.07920369133353233,0.13519176840782166,0.4811045974493027,0.07920369133353233,0.12821491465001844,0.6830469767252604,0.5026848217372321,0.3100335022913361,1.046485762483633
152,5.066666666666666,132.75773534959217,122.64553653227253,0.8648329824209213,0.17789062875218326,4.363959741762642,0.8648329824209213,0.9035621955990791,0.9035621955990791,0.8618123531341553,0.07862691208720207,0.15002550184726715,0.4848500192165375,0.07862691208720207,0.1430536079679162,0.6806583115548799,0.4866277830661847,0.23572604952486065,0.9827925015591725
153,5.1,148.6125861293753,116.13433596875066,0.8975253999233246,0.17104200529665245,7.636463199918126,0.8975253999233246,0.9208436086773872,0.9208436086773872,0.8678097650408745,0.0711149051785469,0.04590444639325142,0.4827083647251129,0.0711149051785469,0.15645148090329303,0.6720473341869585,1.6609717858583304,1.6053380875911802,1.1047270094060677
154,5.133333333333334,160.43425471411794,84.20635014320172,0.883290134370327,0.37306395680539084,2.8365850159600825,0.883290134370327,0.9092461541295052,0.9092461541295052,0.8719729222357273,0.06905259937047958,0.06352581270039082,0.48570123314857483,0.06905259937047958,0.11905370075039452,0.659085107572151,1.7099958732379363,1.6064173839415496,1.1231211107597665
157,5.233333333333333,154.86456759851174,152.04566050639912,0.4946242570877075,0.5029896448497287,11.805815586451445,0.4946242570877075,0.4586808681488037,0.4946242570877075,0.5183820575475693,0.5696568191051483,0.6777082979679108,-0.012501236516982317,0.5696568191051483,0.2503583410286116,0.6608021015470679,1.9864160912372812,1.75051100350366,0.9803587088806208
158,5.266666666666667,68.9990914075354,141.1608228621117,0.47898513078689575,0.32810507142779066,15.334113290621133,0.47898513078689575,0.4586869478225708,0.47898513078689575,0.5183516293764114,0.5690045952796936,0.6777091324329376,0.004565348150208592,0.5690045952796936,0.086964114500389,0.6634309607924838,1.881385110584798,1.7943559264304616,0.5033282855974188
159,5.3,113.64999664692593,136.68366951624634,0.43738484382629395,0.3249742490847063,23.2190801934903,0.43738484382629395,0.4550830125808716,0.4550830125808716,0.5185803025960922,0.5667594373226166,0.6784919202327728,0.0322797317057848,0.5667594373226166,0.17391946831091404,0.6802638191165347,1.9171230445053433,1.8955805663331242,0.7513888702606996
160,5.333333333333333,113.89139905711826,136.43235915697016,0.4394940137863159,0.37842121587090266,16.480294127919024,0.4394940137863159,0.45357781648635864,0.45357781648635864,0.5193295627832413,0.5662682354450226,0.6669478714466095,0.04739057086408138,0.5662682354450226,0.2596152532800375,0.6967575884226597,0.719373342393422,0.5505996704007646,0.7527299947617682
161,5.366666666666666,111.4828210965563,132.76030899781773,0.4385445713996887,0.40040044608240927,21.562691194703916,0.4385445713996887,0.45158594846725464,0.45158594846725464,0.521410658955574,0.5652646422386169,0.665005624294281,0.06787137687206268,0.5652646422386169,0.3718820540518366,0.711395491253246,0.6435190547755434,0.5079835497419746,0.7393490060919794
162,5.4,116.25043442219358,136.8404715871684,0.44055670499801636,0.3858226986494033,14.813350657073613,0.44055670499801636,0.4510119557380676,0.4510119557380676,0.5236333012580872,0.5621358156204224,0.6687705218791962,0.07868605852127075,0.5621358156204224,0.3423931395732025,0.7236159967653679,0.409945614233948,0.40724120598519026,0.7658357467899644
163,5.433333333333334,98.52528275678237,137.83666773906396,0.4447253942489624,0.3392145035200784,159.44132533322812,0.4447253942489624,0.45097815990448,0.45097815990448,0.5259223580360413,0.5595807731151581,0.6707261800765991,0.08832968026399612,0.5595807731151581,0.2879610140128321,0.7331169148286184,0.41293144293032785,0.40961485748199494,0.6673626819821243
164,5.466666666666667,115.24985333442353,143.75831304815415,0.447418212890625,0.3501526397590727,3.5236462279465286,0.447418212890625,0.445872962474823,0.447418212890625,0.5283340215682983,0.5570704340934753,0.6710130274295807,0.09905458986759186,0.5570704340934753,0.2660175193074925,0.7397012665416255,0.36611095843356317,0.36207255895365775,0.7501102504990885
165,5.5,90.45533003107745,136.6417715246932,0.4504331350326538,0.3295750689347979,0.042737006322170146,0.4504331350326538,0.4472152590751648,0.4504331350326538,0.5299799293279648,0.555818110704422,0.6715814769268036,0.11451839283108711,0.555818110704422,0.26866631504936855,0.7470440051772378,0.41453361192353516,0.3978482662907447,0.6225296112837636
166,5.533333333333333,100.29318981155721,139.4519557898805,0.45233267545700073,0.3361831237036401,16.18162501456544,0.45233267545700073,0.44791191816329956,0.45233267545700073,0.5302649736404419,0.5550230741500854,0.6750422418117523,0.12707491219043732,0.5550230741500854,0.24907776891035457,0.7540802192507368,0.44798993389924135,0.4319113583532155,0.6771843878419845
167,5.566666666666666,113.34604799059854,129.10912513494554,0.4605814218521118,0.3275620309150348,26.380391780398327,0.4605814218521118,0.4525243639945984,0.4605814218521118,0.530495747923851,0.5540712773799896,0.6752238869667053,0.1442693993449211,0.5540712773799896,0.34198644977810355,0.7608850927967014,0.4861377640629015,0.4633599987337821,0.7497002666144363
168,5.6,115.25044324682733,153.67921732980767,0.46442359685897827,0.3508541731177351,5.999321098747913,0.46442359685897827,0.46200674772262573,0.46442359685897827,0.5298832654953003,0.5551487803459167,0.6759667694568634,0.15988580882549286,0.5551487803459167,0.3021437199368973,0.7677098503618529,0.4888293466712917,0.4622249928777238,0.7602802402601518
169,5.633333333333334,109.87414061110753,163.02315638196174,0.4706752896308899,0.4076837938350881,4.84639808415352,0.4706752896308899,0.4725220799446106,0.4725220799446106,0.5295292139053345,0.5553472340106964,0.6756299734115601,0.17614082247018814,0.5553472340106964,0.2941742420413167,0.7742444218108149,0.5167224109351652,0.4888901676185141,0.7304118922839308
170,5.666666666666667,109.61439513279471,165.05197642127223,0.4763062596321106,0.41976742424556096,162.2065301582419,0.4763062596321106,0.4824400544166565,0.4824400544166565,0.5290317535400391,0.5573512315750122,0.6750920712947845,0.19133449345827103,0.5573512315750122,0.27912241361369067,0.7808089743960988,0.4957653920893757,0.4785355248275943,0.7289688618488596
171,5.7,106.62305681912677,165.75043008873146,0.4802151918411255,0.40941994653756236,179.97088160871726,0.4802151918411255,0.4963955283164978,0.4963955283164978,0.5281062573194504,0.5594002604484558,0.6747768819332123,0.20823660492897034,0.5594002604484558,0.2894592634425975,0.785993085214586,0.5074039633777973,0.49255739004844196,0.7123503156618154
172,5.733333333333333,110.46109097899547,159.80656559068046,0.4822400212287903,0.40537067412616534,174.35322866551246,0.4822400212287903,0.4916270971298218,0.4916270971298218,0.5272582024335861,0.5606354773044586,0.6746985614299774,0.22368232905864716,0.5606354773044586,0.3101977243985079,0.7896981221256834,0.49523682817525055,0.4872435856148766,0.7336727276610859
173,5.766666666666667,108.2715821846283,123.27499382863577,0.48330384492874146,0.4325241408376751,162.54351820445822,0.48330384492874146,0.48433631658554077,0.48433631658554077,0.5273230224847794,0.5606822073459625,0.6726546585559845,0.24167278409004211,0.5606822073459625,0.36375270983496816,0.7951896827329289,0.4656710011851346,0.46184065006923836,0.7215087899146017
174,5.8,108.17384016817628,117.17425952459335,0.48257261514663696,0.4195119953020187,175.60601056111534,0.48257261514663696,0.4668470025062561,0.48257261514663696,0.5274054706096649,0.5606399476528168,0.6701308190822601,0.2570433169603348,0.5606399476528168,0.2786847782593497,0.8008995760570873,0.42617106567683966,0.42417497899347106,0.7209657787120904
175,5.833333333333333,106.40082069810201,100.61671426127532,0.4804648756980896,0.4330383119000253,6.952782542134656,0.4804648756980896,0.46639615297317505,0.4804648756980896,0.5276246219873428,0.5600777268409729,0.6664883196353912,0.26812049746513367,0.5600777268409729,0.25009971878184134,0.805056911074754,0.4122272880986572,0.40852700038316914,0.7111156705450111
176,5.866666666666666,101.17307326335407,95.59057256237978,0.4794672727584839,0.43707684554691145,2.788688428785946,0.4794672727584839,0.47146934270858765,0.4794672727584839,0.5278014987707138,0.55927973985672,0.6647566854953766,0.2788390815258026,0.55927973985672,0.21767482438331723,0.8073640375426321,0.38442230685028933,0.37695078102705276,0.6773993212959428
177,5.9,101.0837447135782,93.28149849149091,0.47584640979766846,0.39433207637903595,2.6715762870188087,0.47584640979766846,0.46509021520614624,0.47584640979766846,0.529288113117218,0.5574035346508026,0.6624865829944611,0.29158881306648254,0.5574035346508026,0.1964963081056724,0.8081240396608006,0.3633113598195804,0.34866702870965655,0.6705697674657529
178,5.933333333333334,101.42630937011269,98.2150248250874,0.47124654054641724,0.36924584912159103,1.9064692335089433,0.47124654054641724,0.46243226528167725,0.47124654054641724,0.5307918339967728,0.5554223656654358,0.661727100610733,0.3041614890098572,0.5554223656654358,0.1984588420883861,0.8074040760596594,0.3579761412747556,0.34247794606577736,0.6708723388830526
179,5.966666666666667,90.6448167956022,110.28173286733423,0.4659234285354614,0.3686734894474328,0.09559178803240798,0.4659234285354614,0.46169084310531616,0.4659234285354614,0.5316484272480011,0.5544143617153168,0.6594975888729095,0.31477034091949463,0.5544143617153168,0.19672078534941925,0.8081205970410145,0.37866868333286985,0.3621619216468168,0.6171829205309842
180,6.0,86.36340949678018,130.1515764197021,0.46326231956481934,0.38966616929750403,1.493145734152364,0.46326231956481934,0.46235066652297974,0.46326231956481934,0.5319122970104218,0.5537822246551514,0.659438282251358,0.3248103857040405,0.5537822246551514,0.17040705691802754,0.8092747682874853,0.37375251395885384,0.3588304027196664,0.5919224736142127
181,6.033333333333333,94.95313019123351,140.29173539228847,0.46097755432128906,0.34712481779542326,1.5559285327034047,0.46097755432128906,0.4611862897872925,0.4611862897872925,0.5317202359437943,0.5537354648113251,0.661646842956543,0.33883921802043915,0.5537354648113251,0.15900046758839906,0.8097107442039432,0.3542825073935993,0.3424893346106508,0.633802142169377
182,6.066666666666666,95.33550616373014,144.0764160699998,0.4593769907951355,0.3882386752846,1.9670884456104147,0.4593769907951355,0.4648197293281555,0.4648197293281555,0.5314190089702606,0.5536065697669983,0.6671511828899384,0.3511703312397003,0.5536065697669983,0.1846411002354329,0.8095433879079241,0.35188068746127715,0.3461683415662829,0.6352059071479951
183,6.1,96.90314732161072,146.69553755476505,0.4577038288116455,0.4659770882416373,0.9249576965099777,0.4577038288116455,0.4659361243247986,0.4659361243247986,0.5307159572839737,0.5537105798721313,0.6705908477306366,0.3611740916967392,0.5537105798721313,0.1902943605473213,0.8100585736560099,0.3604934008630426,0.35671662347785155,0.6464988387123056
184,6.133333333333334,96.69312440004235,144.4146493093636,0.4555482864379883,0.45770340384336433,0.4984736960834084,0.4555482864379883,0.46604329347610474,0.46604329347610474,0.5301599055528641,0.5540482103824615,0.6712822616100311,0.37243883311748505,0.5540482103824615,0.20645343419684806,0.8114274828271433,0.34790343426934645,0.344985662344607,0.6415550547254837
185,6.166666666666667,98.41777375311351,143.6882504013988,0.45470964908599854,0.45660884525736256,1.243419256462829,0.45470964908599854,0.46857184171676636,0.46857184171676636,0.5290299355983734,0.5548253655433655,0.6719065010547638,0.38423122465610504,0.5548253655433655,0.20652141498788362,0.812242721743656,0.34294679773097597,0.3409992550090818,0.6496494490588123
186,6.2,106.4615755204907,144.3275011130378,0.4530770778656006,0.42511976869143797,1.4596617579611575,0.4530770778656006,0.4685271978378296,0.4685271978378296,0.5276625752449036,0.5561135113239288,0.6722377240657806,0.3962360620498657,0.5561135113239288,0.19091776522509604,0.8134942578546929,0.36548245740235386,0.36437372527502937,0.7010979345567655
187,6.233333333333333,99.82677351772216,140.96169356744852,0.4522373676300049,0.46697346056752004,1.6731071607723607,0.4522373676300049,0.4702453017234802,0.4702453017234802,0.5264891535043716,0.5575546622276306,0.6727250814437866,0.4078141003847122,0.5575546622276306,0.1857103641987873,0.8146175299630021,0.3740382340173002,0.37412864278051483,0.6668046564147576
188,6.266666666666667,99.04514517681376,151.25426105052063,0.4528799057006836,0.4473105184928639,0.7570260035921592,0.4528799057006836,0.4687578082084656,0.4687578082084656,0.5250373184680939,0.5582265257835388,0.6727508306503296,0.4216978996992111,0.5582265257835388,0.18367898535379462,0.8170527366526199,0.3836257671310502,0.38366499176106905,0.6653385366771692
189,6.3,102.66377024046078,155.44736494214388,0.4530046582221985,0.3384221876812131,1.1610950902919228,0.4530046582221985,0.4651111364364624,0.4651111364364624,0.5248923152685165,0.5583978593349457,0.6730944514274597,0.4345923811197281,0.5583978593349457,0.16959029842528175,0.820575757911711,0.39621961235010644,0.3963713893650961,0.6892201628187029
190,6.333333333333333,96.11549636507674,157.88716927124563,0.453629732131958,0.3365790576442873,1.312809879298726,0.453629732131958,0.46080321073532104,0.46080321073532104,0.5247960835695267,0.558619499206543,0.6737620532512665,0.44799791276454926,0.558619499206543,0.1701928794717603,0.8258747627789323,0.3988357953483417,0.3986282990543224,0.6536257184104843
191,6.366666666666666,103.5461800649025,151.55320237124144,0.4544442296028137,0.3145373172109153,0.9394409001282895,0.4544442296028137,0.45960378646850586,0.45960378646850586,0.5248116552829742,0.5587416887283325,0.672598659992218,0.46218886971473694,0.5587416887283325,0.17396042035556517,0.8307529678850463,0.37210275866097065,0.37173439470915753,0.6868873835144162
192,6.4,107.46218973785162,151.2400770580086,0.45461297035217285,0.28623391540044224,1.6410415155689009,0.45461297035217285,0.45940977334976196,0.45940977334976196,0.5254781991243362,0.5586656630039215,0.6720949411392212,0.47423216700553894,0.5586656630039215,0.1670854616420263,0.837298492139036,0.35758629848719103,0.3559805130106134,0.7042880547564441
193,6.433333333333334,111.53421386364302,123.23429508861206,0.4558546543121338,0.23037666212274038,1.2017248073861708,0.4558546543121338,0.4588545560836792,0.4588545560836792,0.5262808203697205,0.5576350092887878,0.6719917356967926,0.48359332978725433,0.5576350092887878,0.1493068293401059,0.8420190860827764,0.333673771819175,0.33065143267719754,0.719736653010436
194,6.466666666666667,115.58246800455193,134.94183538140277,0.45815545320510864,0.22350031733104148,0.21039914297611517,0.45815545320510864,0.4588424563407898,0.4588424563407898,0.5266181528568268,0.5566219687461853,0.6712010502815247,0.4938132166862488,0.5566219687461853,0.13969711869228757,0.8469850050680565,0.31311985227839045,0.3071414167296015,0.7360607779310278
195,6.5,118.9934700291619,136.06700655311803,0.46041858196258545,0.22789884421325005,0.28268820531616257,0.46041858196258545,0.4584653377532959,0.46041858196258545,0.5271599441766739,0.5559230446815491,0.6710703670978546,0.5029724389314651,0.5559230446815491,0.13655389569625292,0.8532322446505228,0.291216786702607,0.28041217971588867,0.748439869506126
196,6.533333333333333,125.1030693255852,144.4425890898905,0.46377843618392944,0.23025627092144738,1.403402580101698,0.46377843618392944,0.45859718322753906,0.46377843618392944,0.5274277925491333,0.5552665293216705,0.6708012223243713,0.5132245868444443,0.5552665293216705,0.14207194352075297,0.8593800844568195,0.29594398547657275,0.284134683272968,0.7838002474517785
197,6.566666666666666,138.4498380780473,153.92480395860193,0.4675602912902832,0.22316170525984402,1.5818665306804007,0.4675602912902832,0.45853734016418457,0.4675602912902832,0.5279888659715652,0.5540700554847717,0.670731782913208,0.5207183361053467,0.5540700554847717,0.12111868013565173,0.8661285738150278,0.31045704419938375,0.2746045580000459,0.8623028803600779
198,6.6,137.82873212066107,159.99220072467125,0.46976763010025024,0.22841556395459028,2.5885828390331085,0.46976763010025024,0.45871424674987793,0.46976763010025024,0.5283439010381699,0.5530887544155121,0.6706350445747375,0.5307084023952484,0.5530887544155121,0.11628781072378463,0.8708124910340165,0.32547392090014315,0.27569352142520953,0.86335735471816
199,6.633333333333334,134.63442683790316,160.14271031645126,0.479314923286438,0.22829935715515137,2.55788512994107,0.479314923286438,0.4588395953178406,0.479314923286438,0.5287667363882065,0.5525860488414764,0.6708110868930817,0.5393754541873932,0.5525860488414764,0.12060850713748009,0.8755789615891196,0.32382000181213877,0.2650869630556515,0.8451150385319925
200,6.666666666666667,141.843801954247,158.71570409653125,0.4867147207260132,0.2521805678489366,2.5700779909210496,0.4867147207260132,0.458879292011261,0.4867147207260132,0.5289907306432724,0.5525634288787842,0.6708573400974274,0.5487427711486816,0.5525634288787842,0.12193857420051933,0.8798182082898689,0.3394389233787696,0.2774810992931116,0.8898527989816697
201,6.7,149.35749605858078,161.69886479426071,0.4928939938545227,0.30238559359533196,2.5336497412496897,0.4928939938545227,0.458008348941803,0.4928939938545227,0.5290781408548355,0.552521675825119,0.6713294982910156,0.557248055934906,0.552521675825119,0.13339143960277913,0.8835219144821167,0.34551411383607056,0.27001889333732026,0.9334181011429367
202,6.733333333333333,154.55500718566373,166.99728987262085,0.49816203117370605,0.36196917719709165,2.463531706466057,0.49816203117370605,0.4580059051513672,0.49816203117370605,0.5290714651346207,0.5526702404022217,0.6717706024646759,0.5669012665748596,0.5526702404022217,0.14376258790331461,0.8852195179823673,0.3554310821872525,0.2736666570583524,0.9652682534654187
203,6.766666666666667,157.66006648275527,164.49918296089183,0.5052110850811005,0.4200787163857443,2.5970179976053487,0.5052110850811005,0.45752406120300293,0.5052110850811005,0.5285748839378357,0.553453803062439,0.6726645529270172,0.5756607353687286,0.553453803062439,0.15339360796442283,0.8836240623936509,0.3438670180972623,0.2733078606643843,0.9790493636667079
204,6.8,156.18887610052158,161.9434121944608,0.5164954960346222,0.4868626977969824,2.9916535566936204,0.5164954960346222,0.455313503742218,0.5164954960346222,0.5276162922382355,0.5548711717128754,0.6734662055969238,0.5848415493965149,0.5548711717128754,0.16528792133028225,0.8813233212991194,0.35223398555726976,0.2765130183043147,0.973386174003412
205,6.833333333333333,157.8505101945701,163.8142753521394,0.5202584564685822,0.5211774272340036,3.008359403131294,0.5202584564685822,0.45325326919555664,0.5202584564685822,0.5266295671463013,0.5556375086307526,0.6739923655986786,0.5941174924373627,0.5556375086307526,0.18056958735295536,0.8804936029694297,0.3468335802547919,0.26209948942895805,0.9809973529351602
206,6.866666666666666,156.79665727188996,166.78944217863034,0.5281139016151428,0.510088995326806,2.865761322942518,0.5281139016151428,0.4511905312538147,0.5281139016151428,0.5263026505708694,0.5569155812263489,0.6747975945472717,0.6030662655830383,0.5569155812263489,0.17166099283639577,0.8798397129232233,0.6890347301637003,0.2638143243226631,0.9965262935322088
207,6.9,160.48677710784898,171.1991795226957,0.5351694822311401,0.5976303606376071,3.528707018769012,0.5351694822311401,0.44913697242736816,0.5351694822311401,0.5259118527173996,0.5575664639472961,0.675712913274765,0.6102890968322754,0.5575664639472961,0.20565553647556511,0.8779042769562114,0.6687770628393954,0.24582541851796758,1.0393660946959382
208,6.933333333333334,143.37956238679766,160.90950596547458,0.46749311685562134,0.499371756730133,4.105913354386445,0.46749311685562134,0.4471338391304016,0.46749311685562134,0.5248318910598755,0.5584508776664734,0.6773549318313599,0.6193261742591858,0.5584508776664734,0.20754109520853187,0.8739443403301816,0.6886473073359827,0.22009440219379925,0.9165531243710981
209,6.966666666666667,82.10036270309453,164.366895043919,0.4582620859146118,0.34724596228078847,4.553251211742463,0.4582620859146118,0.4465741515159607,0.4582620859146118,0.5235946625471115,0.5584860444068909,0.6781748235225677,0.625617504119873,0.5584860444068909,0.22174375802249147,0.8702319399877028,0.6786288189550445,0.19340433067771992,0.576113126128303
210,7.0,81.98004008313299,155.82087610212642,0.470605731010437,0.38633432485855984,4.928012828116351,0.470605731010437,0.4466058015823364,0.470605731010437,0.5231119394302368,0.5587769448757172,0.6791864633560181,0.6306281089782715,0.5587769448757172,0.24767754763754238,0.8665937212380496,0.66680230724788,0.18750417843070097,0.5754446671285166
211,7.033333333333333,87.96069720151517,158.0051307196489,0.46145373582839966,0.3637748712021961,4.921897667758913,0.46145373582839966,0.4469010829925537,0.46145373582839966,0.5223680585622787,0.5589409172534943,0.6795636415481567,0.6352164149284363,0.5589409172534943,0.2788293518840108,0.8639059780221997,0.3048585196194593,0.1776510923074075,0.5801280958942554
212,7.066666666666666,57.92640590513703,165.9794322675464,0.4562692642211914,0.34548907645217397,4.604082555104696,0.4562692642211914,0.443966805934906,0.4562692642211914,0.5204556584358215,0.5593210160732269,0.6797874271869659,0.6414736211299896,0.5593210160732269,0.2791495901021024,0.8619842890537146,0.2797237783034331,0.17615003158057094,0.4057304996306801
213,7.1,63.97433627426223,165.51197125422246,0.4591614603996277,0.3718570722335071,3.874845649257594,0.4591614603996277,0.44118207693099976,0.4591614603996277,0.5190373361110687,0.5599825978279114,0.6799027323722839,0.6488822102546692,0.5599825978279114,0.3266286608613852,0.8614893591765201,0.4007508275847562,0.17281474282802486,0.4754129793014568
214,7.133333333333334,67.30791157822075,164.58771661716008,0.46272343397140503,0.36882858518243045,5.398113498748955,0.46272343397140503,0.4404069185256958,0.46272343397140503,0.5183519124984741,0.5606435239315033,0.6798387765884399,0.6548871994018555,0.5606435239315033,0.27204259209948517,0.8587151151714902,0.38164270231639913,0.18757504004789735,0.48842565279614614
215,7.166666666666667,73.09305612600326,166.10405912952544,0.4959208369255066,0.3889279038438963,6.480580662874132,0.4959208369255066,0.44104206562042236,0.4959208369255066,0.5175865441560745,0.5610957741737366,0.6782346963882446,0.6593273878097534,0.5610957741737366,0.3022599037624514,0.8592787366924863,0.3770967920243554,0.19279366692908007,0.519201571640658
216,7.2,66.68184528999632,163.6227114798286,0.4966423511505127,0.36363994047551784,6.905893109701822,0.4966423511505127,0.44141197204589844,0.4966423511505127,0.5168704688549042,0.5617996752262115,0.6776545643806458,0.6663434505462646,0.5617996752262115,0.31042863043820657,0.859969465118466,0.3742551565019897,0.19086284399397543,0.482731243006132
217,7.233333333333333,80.17839544777034,156.42535881687652,0.4947769045829773,0.3690892146729377,3.453826013015089,0.4947769045829773,0.441078782081604,0.4947769045829773,0.5161103755235672,0.5621819496154785,0.6764853596687317,0.6734717190265656,0.5621819496154785,0.3333592469413311,0.8596675937825983,0.41818438673421693,0.21566091986155161,0.5654355302653908
218,7.266666666666667,65.24233509259518,142.44552934342914,0.49247413873672485,0.36321116541991433,6.549081582252569,0.49247413873672485,0.4409078359603882,0.49247413873672485,0.5157699435949326,0.5622129440307617,0.6748443245887756,0.6805879175662994,0.5622129440307617,0.27909173221742806,0.8597030179067091,0.3081729277824109,0.24507908089724148,0.4549092955158076
219,7.3,73.76868355168189,134.53421205236415,0.48242056369781494,0.38489341145746064,16.629915198408042,0.48242056369781494,0.4411923289299011,0.48242056369781494,0.5155722200870514,0.5621930956840515,0.6739682853221893,0.6907621622085571,0.5621930956840515,0.29722737509133,0.8620745331952067,0.3761740888593419,0.28740434942941584,0.5226782463893687
220,7.333333333333333,75.65234153291931,136.09740420489663,0.470500111579895,0.38439398450856394,10.459023295031102,0.470500111579895,0.440585196018219,0.470500111579895,0.5149064213037491,0.5624465644359589,0.6733911335468292,0.7001249194145203,0.5624465644359589,0.28339984164080606,0.864170028404756,0.41203517268178663,0.3138339590952939,0.5402907862939961
221,7.366666666666666,70.13142548942656,157.9254968391826,0.4587031602859497,0.381793945477319,14.002245216259325,0.4587031602859497,0.4391143321990967,0.4587031602859497,0.5145652592182159,0.5627041161060333,0.6742911338806152,0.7142280638217926,0.5627041161060333,0.37465165646256543,0.8668796176260168,0.42705128317814345,0.31913626052118754,0.5096190304968142
222,7.4,71.08946960354524,154.58394710320346,0.45180779695510864,0.3624040990848416,12.372838951040876,0.45180779695510864,0.43771207332611084,0.45180779695510864,0.5145197361707687,0.564348429441452,0.6754803955554962,0.7256537973880768,0.564348429441452,0.2916180733419299,0.8670749619151606,0.40519243368144253,0.3219152848336619,0.5149414977974736
223,7.433333333333334,64.3076486159365,150.2059166611506,0.44569283723831177,0.38663680424451213,9.803818049891788,0.44569283723831177,0.4375603199005127,0.44569283723831177,0.5142701715230942,0.5656706690788269,0.6757116317749023,0.7335437536239624,0.5656706690788269,0.28394630078167127,0.8629746780251012,0.4212871970442877,0.3726271858049605,0.4772647145329805
224,7.466666666666667,61.605954390308426,148.8633005907893,0.44499433040618896,0.3688112302267317,9.911480955825823,0.44499433040618896,0.4379575848579407,0.44499433040618896,0.5142426937818527,0.5656777918338776,0.6783701479434967,0.7441811859607697,0.5656777918338776,0.27613821694082824,0.8547363073536844,0.4192868799110431,0.39468841531472587,0.4622553021683801
225,7.5,60.23623138316381,149.94432149038408,0.4459187984466553,0.3465684362998423,9.091839218203631,0.4459187984466553,0.43716567754745483,0.4459187984466553,0.5143462866544724,0.5654178857803345,0.6782508790493011,0.7619974613189697,0.5654178857803345,0.2586030101073463,0.8537683184399749,0.44397202054495133,0.42998769828951383,0.4546457299064656
226,7.533333333333333,59.09266656565835,154.1071738569193,0.4428020119667053,0.33068086416374254,15.384362763674744,0.4428020119667053,0.4353828430175781,0.4428020119667053,0.5143654048442841,0.5653244256973267,0.6807690858840942,0.7797795832157135,0.5653244256973267,0.24537513087078952,0.8518149509574428,0.4678206264081529,0.46488373550912593,0.4482925920314353
227,7.566666666666666,62.51718661286047,157.65883073796766,0.4411969780921936,0.33823255346653924,11.916519958847175,0.4411969780921936,0.4338917136192322,0.4411969780921936,0.5134374797344208,0.5665225684642792,0.6815897524356842,0.7971650063991547,0.5665225684642792,0.23582809385520848,0.8499396682688685,0.47499423577301997,0.472881283114767,0.4673177034047804
228,7.6,64.85472831331853,167.10536784060776,0.4387814998626709,0.3437168617271047,17.449992125743506,0.4387814998626709,0.4318949580192566,0.4387814998626709,0.5119074881076813,0.567907989025116,0.6828286051750183,0.8109113574028015,0.567907989025116,0.23740819738933083,0.8499263109582843,0.4450196939217125,0.4438408787466308,0.480304046185103
229,7.633333333333334,66.2904563037002,168.69492874969853,0.4368709325790405,0.3466651326012186,16.440760622750304,0.4368709325790405,0.43005645275115967,0.4368709325790405,0.5096729397773743,0.5704331398010254,0.683452695608139,0.8226123452186584,0.5704331398010254,0.27150498358510156,0.8484516523101113,0.4141771860310985,0.4150376768181025,0.4882803127983344
230,7.666666666666667,64.21161452307587,162.17419716825333,0.4339923858642578,0.35050939459893143,94.6549349005968,0.4339923858642578,0.42784374952316284,0.4339923858642578,0.5076833367347717,0.5738589763641357,0.6850626468658447,0.835130125284195,0.5738589763641357,0.29666233131910896,0.8492029372489813,0.32775609732952704,0.33286194129710883,0.455058020993724
231,7.7,76.26120343102475,170.03406425522283,0.4342529773712158,0.33369067463901386,9.477219667037389,0.4342529773712158,0.4277704954147339,0.4342529773712158,0.5062638074159622,0.5752212703227997,0.6860646605491638,0.8480402827262878,0.5752212703227997,0.3015251906509934,0.8503719450849475,0.26397700545901015,0.2697717338932371,0.502866454032285
232,7.733333333333333,80.399210030235,172.484495095124,0.4338483214378357,0.34362850402351014,9.646005561751025,0.4338483214378357,0.4259902834892273,0.4338483214378357,0.5051491260528564,0.5773992836475372,0.6866506040096283,0.8510692119598389,0.5773992836475372,0.30783483748871227,0.8513912319233923,0.21532335954603693,0.21941454541328945,0.511259285809561
233,7.766666666666667,75.491686586218,171.38625485996914,0.43446213006973267,0.37873805588119835,156.30077961933318,0.43446213006973267,0.42569053173065186,0.43446213006973267,0.5048823654651642,0.5778502821922302,0.6871607303619385,0.854339212179184,0.5778502821922302,0.3115752046390851,0.8527406142516569,0.15459757104956895,0.15847620963659198,0.46577753012719286
234,7.8,71.02819182151458,168.78474432907439,0.43315714597702026,0.37778747657843353,155.38515843524056,0.43315714597702026,0.4264286160469055,0.43315714597702026,0.5050923228263855,0.5771709978580475,0.6859970390796661,0.8578516244888306,0.5771709978580475,0.3044887985363946,0.8537601724718556,0.0988125478464671,0.10281229981558848,0.42424483002902114
235,7.833333333333333,70.75801628858922,150.96323978977307,0.43311256170272827,0.37502455761075926,20.801704697209516,0.43311256170272827,0.4266137480735779,0.43311256170272827,0.5053549706935883,0.5764317512512207,0.6921073496341705,0.8605747818946838,0.5764317512512207,0.40614714266658836,0.8500317177086165,0.1270983731554408,0.12934215124299978,0.43122960243879455
236,7.866666666666666,68.06822539527683,146.83579608152232,0.43371617794036865,0.37499561741945486,6.567951993553578,0.43371617794036865,0.4286460280418396,0.43371617794036865,0.5062662363052368,0.5754230320453644,0.6885056495666504,0.8641393184661865,0.5754230320453644,0.3424394240414834,0.8481105322187598,0.16254309758692473,0.165624495080437,0.4269197370276153
237,7.9,67.50677389733738,161.44206227220755,0.43436187505722046,0.35515352848002385,38.26199705864278,0.43436187505722046,0.4296531677246094,0.43436187505722046,0.507119432091713,0.5728730261325836,0.6849274635314941,0.8718825876712799,0.5728730261325836,0.3126836854580403,0.8458796337698445,0.1951841157354701,0.19604694029537598,0.43359286748362647
238,7.933333333333334,67.18173763820732,160.5131834548988,0.4344344139099121,0.35043539658796324,27.689768739190583,0.4344344139099121,0.4314761161804199,0.4344344139099121,0.5080465972423553,0.5714192688465118,0.6818036139011383,0.8811168670654297,0.5714192688465118,0.3024579507430544,0.8424889567223462,0.18651537251872402,0.18407815419056292,0.4291864875234357
239,7.966666666666667,64.33407371897557,157.75261035690576,0.43758636713027954,0.331971701742716,55.88125333846631,0.43758636713027954,0.43309396505355835,0.43758636713027954,0.5086372494697571,0.5708563327789307,0.6799305975437164,0.8897464275360107,0.5708563327789307,0.27891945588665673,0.840033560765512,0.20330005994904252,0.19894795659185077,0.4184015386456882
240,8.0,62.418811300453086,151.60476517009104,0.43880951404571533,0.33881914852580464,5.842584414494922,0.43880951404571533,0.43505120277404785,0.43880951404571533,0.5088182538747787,0.5701182782649994,0.6780861020088196,0.8893735110759735,0.5701182782649994,0.26713645132492714,0.8399881928256063,0.19681662293049368,0.18469256966632702,0.40581616077055416
241,8.033333333333333,60.01366895736595,143.72966925357025,0.44070547819137573,0.3261208511431834,5.081558985321408,0.44070547819137573,0.438798725605011,0.44070547819137573,0.5095037817955017,0.5692823529243469,0.6776096522808075,0.8954995572566986,0.5692823529243469,0.23582899736747168,0.8371121192520316,0.240557121885261,0.1480636796140589,0.4055764085509447
242,8.066666666666666,58.68172838220604,133.4970794401756,0.4444907307624817,0.31029256361897245,0.7134645879782795,0.4444907307624817,0.44299185276031494,0.4444907307624817,0.509969025850296,0.5675662159919739,0.6759490966796875,0.9010151922702789,0.5675662159919739,0.20325708125578046,0.8379777706030643,0.2122990582601278,0.12215160643870861,0.38969931960140525
243,8.1,50.57201554962255,123.02642402225668,0.4607091546058655,0.3021343120921269,0.8747441155023807,0.4607091546058655,0.44600439071655273,0.4607091546058655,0.510999009013176,0.5668650567531586,0.674899160861969,0.9041816890239716,0.5668650567531586,0.20684537527102312,0.8393268404584943,0.26121266018615596,0.1487792927276965,0.35931943999819427
244,8.133333333333333,49.558901715191254,119.53891763089334,0.45948106050491333,0.3142582659193294,0.3059991829361479,0.45948106050491333,0.4498293399810791,0.45948106050491333,0.511075958609581,0.5673149824142456,0.678571879863739,0.908487468957901,0.5673149824142456,0.24437483138621707,0.8402167337410378,0.24930226754916388,0.13566682328482174,0.3501179120158117
245,8.166666666666666,50.95221985596945,152.67499208240787,0.46730703115463257,0.3310864643110098,0.6213960050317553,0.46730703115463257,0.4520718455314636,0.46730703115463257,0.5110291242599487,0.5674594640731812,0.6841151416301727,0.9137503504753113,0.5674594640731812,0.30407094736650025,0.8444402321721568,0.23585047966076786,0.1216767272366435,0.35382303198694953
246,8.2,55.17026329821996,160.356042650809,0.46530818939208984,0.34245843291357964,1.8877938406729982,0.46530818939208984,0.4537513852119446,0.46530818939208984,0.5109358578920364,0.5680680572986603,0.6855090856552124,0.9177011549472809,0.5680680572986603,0.3166996683749791,0.8472314603400953,0.1510013381510042,0.11719812296581904,0.35180186421318993
247,8.233333333333333,61.79215927704887,159.75353770406764,0.46244215965270996,0.370417848722219,2.4020136247490598,0.46244215965270996,0.45539146661758423,0.46244215965270996,0.5104905664920807,0.5686151683330536,0.686201810836792,0.9211021959781647,0.5686151683330536,0.3337200069397247,0.8490747254003178,0.1362307323745925,0.10365180694175147,0.3841589934737603
248,8.266666666666667,72.23118939283506,162.55740046757353,0.4602168798446655,0.3699392928737959,2.335091604823617,0.4602168798446655,0.453804612159729,0.4602168798446655,0.5090361684560776,0.5709617435932159,0.6862603724002838,0.9219550788402557,0.5709617435932159,0.35023252818764267,0.8534571785818447,0.10349814210816066,0.09634065909491035,0.43233382814819854
249,8.3,69.11116625762898,161.23893928934686,0.45958685874938965,0.37576908841563406,7.923011781333344,0.45958685874938965,0.45422476530075073,0.45958685874938965,0.5076240748167038,0.5717522501945496,0.6876271963119507,0.9238698184490204,0.5717522501945496,0.3008170948323938,0.8565453358671882,0.07980099574841587,0.08435124526035488,0.40789122237801906
250,8.333333333333334,68.1014019542732,135.7859053148915,0.4598667025566101,0.37158815261030537,9.04483115542007,0.4598667025566101,0.4532186985015869,0.4598667025566101,0.5064930319786072,0.5725560188293457,0.6866901516914368,0.9278355240821838,0.5725560188293457,0.28081359688023416,0.8600037242427017,0.06124245497850573,0.06842313857414627,0.3967138584617361
251,8.366666666666667,65.92169822441369,138.12845883070625,0.45944225788116455,0.38009846249909324,6.845628771485281,0.45944225788116455,0.4525607228279114,0.45944225788116455,0.5048523098230362,0.5745430290699005,0.6870639324188232,0.9276153743267059,0.5745430290699005,0.23710357551809264,0.8611261271166079,0.06044313454805652,0.058660105778877376,0.3843645971667152
252,8.4,75.39192060300128,143.1505614644327,0.4583207964897156,0.3929490038445892,8.281326658875173,0.4583207964897156,0.45217186212539673,0.4583207964897156,0.5051816701889038,0.5743257999420166,0.6832273900508881,0.9283750057220459,0.5743257999420166,0.2982606200746887,0.8639567566640449,0.05804550848808257,0.05849649141605185,0.4362576558964319
253,8.433333333333334,80.37852967249071,133.27954455182797,0.4562453031539917,0.4086137578407369,9.397060108587993,0.4562453031539917,0.4519199728965759,0.4562453031539917,0.5048763304948807,0.5742834508419037,0.6827786862850189,0.9275064468383789,0.5742834508419037,0.35202043540954386,0.8668748840238109,0.040178418686773014,0.041596640363932715,0.45860091267542474
254,8.466666666666667,74.18911854659389,129.76729287348587,0.45472294092178345,0.4005978450930986,5.221353530173019,0.45472294092178345,0.45231348276138306,0.45472294092178345,0.5053736567497253,0.5723125040531158,0.6769874393939972,0.9269639849662781,0.5723125040531158,0.36465467607614777,0.8710918449091188,0.04301018899869132,0.040749825395999514,0.42506482640290677
255,8.5,60.029162533472416,137.9932990489642,0.4550149440765381,0.32138234159325985,6.031318021309062,0.4550149440765381,0.45379340648651123,0.4550149440765381,0.5057187080383301,0.5715366303920746,0.6714054346084595,0.9260099530220032,0.5715366303920746,0.24815159277942603,0.867667147155964,0.061945712663060905,0.06758581197875461,0.35207906120709836
256,8.533333333333333,60.07917949652068,124.782483352211,0.4551467299461365,0.3318923218042168,9.442297433579483,0.4551467299461365,0.4560968279838562,0.4560968279838562,0.5062814950942993,0.5699344575405121,0.6715174913406372,0.9250690340995789,0.5699344575405121,0.26127658832150236,0.8680297470454014,0.09913374280595674,0.11335619462351008,0.3635133422669019
257,8.566666666666666,60.77101290120188,136.70105565448264,0.45535802841186523,0.3436670103622999,10.716916893789744,0.45535802841186523,0.45907723903656006,0.45907723903656006,0.5081210881471634,0.567214697599411,0.6698901653289795,0.9205635488033295,0.567214697599411,0.29454983398657236,0.8677640719847246,0.15398560316819368,0.16625611262721393,0.38381241929046855
258,8.6,66.93588589969215,140.93956285005407,0.4559679627418518,0.31178182529041143,13.344591582753083,0.4559679627418518,0.46385204792022705,0.46385204792022705,0.5095626711845398,0.5661098659038544,0.6689400374889374,0.9121376872062683,0.5661098659038544,0.27326493728895523,0.8668407504305695,0.22198302127778188,0.23308975932238674,0.4384609391594021
259,8.633333333333333,61.4334974610233,131.88650175644304,0.45591187477111816,0.3003065225274052,9.543349818121214,0.45591187477111816,0.464577853679657,0.464577853679657,0.511365994811058,0.5646181106567383,0.6635434627532959,0.9013797342777252,0.5646181106567383,0.24906238257849309,0.8591417345133695,0.28172311923886634,0.2887500893555068,0.425814143888456
260,8.666666666666666,58.63536218635175,121.91255622927034,0.45590901374816895,0.31440480071635885,5.33373577532052,0.45590901374816895,0.4685578942298889,0.4685578942298889,0.5126481652259827,0.5636490881443024,0.6609024703502655,0.8890491127967834,0.5636490881443024,0.2637890754792349,0.8536306330651948,0.3249624111578942,0.3094880472648611,0.42324073549376684
261,8.7,58.43183280716511,115.68267631189626,0.45635348558425903,0.2754432836467432,4.055526789480382,0.45635348558425903,0.47343510389328003,0.47343510389328003,0.5128429532051086,0.5613638460636139,0.6594193279743195,0.8781513869762421,0.5613638460636139,0.21864636602999313,0.8513316385673754,0.2932762436506046,0.2798569917533787,0.4126041664683209
262,8.733333333333333,56.3726669629905,110.66311427198718,0.4643239378929138,0.259632661861177,4.98450833918082,0.4643239378929138,0.47274255752563477,0.47274255752563477,0.5130937993526459,0.5598596632480621,0.6577147841453552,0.8695630431175232,0.5598596632480621,0.18922487255681367,0.8498956750739705,0.26236646260306257,0.24827678559895355,0.39189142190864373
263,8.766666666666667,60.46831120765812,128.131316112127,0.46460485458374023,0.2676481112187937,7.624981510858106,0.46460485458374023,0.47281068563461304,0.47281068563461304,0.5136141628026962,0.5582105219364166,0.6565200388431549,0.86640864610672,0.5582105219364166,0.21144268154412496,0.8481409588094914,0.21531908992533494,0.19848049353348826,0.4005307892423678
264,8.8,61.39402280414043,144.4952842087428,0.4640577435493469,0.25625956380704323,17.699519977188174,0.4640577435493469,0.47317641973495483,0.47317641973495483,0.5132607668638229,0.5586566925048828,0.6567588448524475,0.8608289361000061,0.5586566925048828,0.21004290351321142,0.844959108441165,0.1795766116638499,0.16138087034191345,0.39495088796660177
265,8.833333333333334,59.576719889161325,159.46026515552913,0.4621407985687256,0.23356610254679122,18.822707841417696,0.4621407985687256,0.47223377227783203,0.47223377227783203,0.5129745900630951,0.5583758354187012,0.655698299407959,0.8567693829536438,0.5583758354187012,0.2021812686478505,0.8417128832502798,0.14224028340957112,0.12824038234760257,0.3736538621848787
266,8.866666666666667,59.847349832848465,164.90553924091702,0.46175986528396606,0.2363459006802816,8.709076674343237,0.46175986528396606,0.4714004397392273,0.4714004397392273,0.5116992443799973,0.5587792098522186,0.6542467176914215,0.8518343567848206,0.5587792098522186,0.20612125346601312,0.8423017626910498,0.17486392304475817,0.13643835125289336,0.38494445376258557
267,8.9,57.223546231556455,167.43298009457922,0.4662361145019531,0.1570935307934811,5.732707652575527,0.4662361145019531,0.4714067578315735,0.4714067578315735,0.5110613107681274,0.5590283870697021,0.6533319652080536,0.8486484289169312,0.5590283870697021,0.23128121194582746,0.8406049065066107,0.17780343838426343,0.13136388646363065,0.37124962169059267
268,8.933333333333334,60.058072594506065,166.5466664409896,0.459173321723938,0.17752945650673937,9.63682200863559,0.459173321723938,0.4710668921470642,0.4710668921470642,0.5103551894426346,0.5593677163124084,0.653323769569397,0.8437343239784241,0.5593677163124084,0.23904480695623195,0.8423937371734417,0.18043591189622896,0.13639506037800206,0.3877867324272357
269,8.966666666666667,64.32050634844349,158.8772021144965,0.4553524851799011,0.22231474553228436,9.6621294033622,0.4553524851799011,0.4708864092826843,0.4708864092826843,0.5101848542690277,0.5594782531261444,0.6527197659015656,0.8389838337898254,0.5594782531261444,0.24271526628155599,0.845909355942047,0.18964378425677803,0.14271362241773725,0.414229281657275
270,9.0,56.98345155134387,152.9245890455779,0.4558601975440979,0.2635215227350645,11.088981288399395,0.4558601975440979,0.4702059030532837,0.4702059030532837,0.5101804286241531,0.5592382848262787,0.6505894362926483,0.8340819180011749,0.5592382848262787,0.24183782995758607,0.8467471382834695,0.17449666635971,0.16093364674314653,0.3689237307487123
271,9.033333333333333,57.64878449707104,151.8636386415335,0.45868468284606934,0.2828820934025933,10.10991029830393,0.45868468284606934,0.46765005588531494,0.46765005588531494,0.5104853510856628,0.5578290820121765,0.6493164598941803,0.8282450437545776,0.5578290820121765,0.24687798418899282,0.8462840607672026,0.14602088697013804,0.15527898992410877,0.36407729107476944
272,9.066666666666666,60.5117636807703,147.66486761610153,0.4591265320777893,0.2844601468710256,18.31913991924762,0.4591265320777893,0.46454834938049316,0.46454834938049316,0.5120772123336792,0.5523320138454437,0.6457487046718597,0.8253083527088165,0.5523320138454437,0.2378026780815422,0.8475376498518568,0.12031999694468541,0.14343454629620483,0.37227246397657393
273,9.1,64.60536092209404,150.394727128346,0.4592500925064087,0.2980400513930536,12.079563802931489,0.4592500925064087,0.4593052268028259,0.4593052268028259,0.5127446204423904,0.5513336062431335,0.6430169939994812,0.8214521408081055,0.5513336062431335,0.22967255981409262,0.8475593493291826,0.10000812138238764,0.12332772027080259,0.3889211082041276
274,9.133333333333333,63.16607800037476,122.45915992963893,0.4592776894569397,0.31552773161257036,9.11504423644135,0.4592776894569397,0.45602256059646606,0.4592776894569397,0.5150950849056244,0.5492289066314697,0.641843318939209,0.8196394443511963,0.5492289066314697,0.2167164913571209,0.8495970092939608,0.2984409608121566,0.10342544908085856,0.4404549438012846
275,9.166666666666666,64.38312828576419,144.31142626247362,0.4594106674194336,0.31956468858678255,9.026461553269428,0.4594106674194336,0.4537299871444702,0.4594106674194336,0.5159670114517212,0.5494749248027802,0.638791412115097,0.8181023597717285,0.5494749248027802,0.2108760975538674,0.8485429616588535,0.34131310842146073,0.09327958066584542,0.46007797855846144
276,9.2,52.587309540999996,145.79615381406956,0.49887698888778687,0.3062030483535296,8.760489660149346,0.49887698888778687,0.4504544138908386,0.49887698888778687,0.5164222568273544,0.5497868955135345,0.6398118436336517,0.815432995557785,0.5497868955135345,0.197539493431032,0.8491624860149442,0.38756608913859897,0.09187251688552127,0.4084215464138019
277,9.233333333333333,36.85671242361608,132.75467513535472,0.489831805229187,0.2982478484895482,6.926375209130242,0.489831805229187,0.4494805335998535,0.489831805229187,0.5168102532625198,0.5494349002838135,0.6383983194828033,0.8109053075313568,0.5494349002838135,0.1949842328346303,0.8475984942280885,0.47018473913141046,0.11105081405162422,0.3247595134645338
278,9.266666666666667,44.42412555276568,111.92171040474744,0.4788527488708496,0.3013802924784094,4.161649601955304,0.4788527488708496,0.45148688554763794,0.4788527488708496,0.5168586522340775,0.5485418140888214,0.6404128968715668,0.8072643876075745,0.5485418140888214,0.19257977435233634,0.8491048476461208,0.49474632813264957,0.13551592890119035,0.3668006975153649
279,9.3,49.32178212626737,120.43242705772859,0.46445178985595703,0.2990565161491456,4.176932556742258,0.46445178985595703,0.4519691467285156,0.46445178985595703,0.516899049282074,0.5490491092205048,0.641205221414566,0.8013118803501129,0.5490491092205048,0.18595824620907506,0.8503008712873315,0.29906639471036595,0.1446407070428219,0.3637298191145952
280,9.333333333333334,46.949349440594496,131.65820485263342,0.4641164541244507,0.31542576462018124,9.784478384915928,0.4641164541244507,0.45207446813583374,0.4641164541244507,0.5160266757011414,0.5493440926074982,0.644005686044693,0.7956854403018951,0.5493440926074982,0.2536088271723863,0.8500293538425908,0.2964411061413939,0.14319804078255258,0.34976205095683205
281,9.366666666666667,53.048300851704504,159.03886277568026,0.4584898352622986,0.3033360395170621,37.55993005625095,0.4584898352622986,0.4514036774635315,0.4584898352622986,0.5148333013057709,0.5504217147827148,0.6483796536922455,0.7916174232959747,0.5504217147827148,0.3023610757359684,0.850384861005075,0.2555103162661201,0.1471866876605485,0.3713658773893055
282,9.4,49.42807853578931,169.1208885213846,0.4673401713371277,0.3429313224835079,24.55244299155015,0.4673401713371277,0.4517027735710144,0.4673401713371277,0.5132939517498016,0.5522024929523468,0.6512500643730164,0.7877025008201599,0.5522024929523468,0.36036963398460187,0.8532779738306999,0.19544294876254117,0.14389244282605793,0.333233320938703
283,9.433333333333334,62.493321296379236,163.60709162757757,0.4703017473220825,0.42892554423318513,12.96965301217358,0.4703017473220825,0.4521963596343994,0.4703017473220825,0.5122508704662323,0.5545970499515533,0.6521161198616028,0.7839949131011963,0.5545970499515533,0.28231311784958507,0.8586399333946633,0.18699986004115865,0.13532295208764825,0.40328507632556554
284,9.466666666666667,53.31221971873881,162.86264993448378,0.4727970361709595,0.39538469121747727,12.389134471540615,0.4727970361709595,0.4499583840370178,0.4727970361709595,0.5116511732339859,0.5567456483840942,0.6529520452022552,0.7790134847164154,0.5567456483840942,0.2770056825331016,0.8595152294093912,0.1645547384136087,0.1276743442171847,0.34554541996152044
285,9.5,63.599141456065425,162.26161339867463,0.474168598651886,0.3919667149649575,15.873663162224602,0.474168598651886,0.449052095413208,0.474168598651886,0.5107525140047073,0.558043509721756,0.6554348170757294,0.7750128209590912,0.558043509721756,0.28022251667139375,0.8652940862106554,0.13152496054780102,0.1267245238464644,0.3927860518091482
286,9.533333333333333,63.4225679363113,160.96705657562617,0.4754544496536255,0.38584417953023803,16.143756942839445,0.4754544496536255,0.4482300877571106,0.4754544496536255,0.5100870579481125,0.5581095814704895,0.6562102138996124,0.7720800042152405,0.5581095814704895,0.30070373835250463,0.8712317740375345,0.11879798623442471,0.11394948209622445,0.3879869955165013
287,9.566666666666666,58.238707395102516,145.58609339830997,0.4749451279640198,0.35479069786491996,14.464662215038288,0.4749451279640198,0.44825369119644165,0.4749451279640198,0.5089343041181564,0.5582097768783569,0.6585972011089325,0.7679386138916016,0.5582097768783569,0.23062391564664464,0.8739142968799128,0.1145047923492813,0.11022943143715337,0.3578998121220206
288,9.6,56.65351669193015,138.48972114759826,0.47623884677886963,0.3562741846654484,13.196750392432364,0.47623884677886963,0.4484090209007263,0.47623884677886963,0.5086458772420883,0.5582919120788574,0.6573005020618439,0.7656556367874146,0.5582919120788574,0.29151919837564977,0.8770813910347043,0.19105622349352433,0.11892802303741115,0.37205862644766924
289,9.633333333333333,48.01125983237738,120.56790080980352,0.4755063056945801,0.3503897151534552,13.16133580121027,0.4755063056945801,0.4480343461036682,0.4755063056945801,0.5083064287900925,0.5580797493457794,0.6556779146194458,0.7608552873134613,0.5580797493457794,0.2285627482576735,0.8772128292105414,0.1969915588074584,0.12512044568209393,0.3258266889332229
290,9.666666666666666,49.042330820825505,130.7377032027738,0.4594874978065491,0.3377290943805964,15.396572070578372,0.4594874978065491,0.44831013679504395,0.4594874978065491,0.5078045576810837,0.5580238401889801,0.6541925966739655,0.7551998794078827,0.5580238401889801,0.2865155363227257,0.8757224909283898,0.2017911284907614,0.1286112153857318,0.332994731996259
291,9.7,57.88081577757891,141.9165527424214,0.4575194716453552,0.32744300295202833,21.719941963922906,0.4575194716453552,0.4484553337097168,0.4575194716453552,0.5075362324714661,0.5594487488269806,0.65437912940979,0.7514990866184235,0.5594487488269806,0.30453164339773214,0.8756800244251887,0.21106458828671804,0.13718280167078378,0.3848794641392316
292,9.733333333333333,54.52960542717114,142.1987770680678,0.4593241214752197,0.3239738787694393,12.665665625831707,0.4593241214752197,0.4498799443244934,0.4593241214752197,0.5073508471250534,0.5603711009025574,0.6535825729370117,0.7468656003475189,0.5603711009025574,0.3258165650981375,0.8769722580909729,0.21287346227759124,0.138988187237574,0.3668042910564504
293,9.766666666666667,52.95975560675076,146.16259122089554,0.46133577823638916,0.3232204641481857,16.130424914880336,0.46133577823638916,0.4517937898635864,0.46133577823638916,0.5073496699333191,0.5610401630401611,0.6545867919921875,0.7432133257389069,0.5610401630401611,0.3194141469407001,0.876567574613022,0.1417609642843236,0.13588192343603844,0.33674915376724573
294,9.8,51.50658739145479,137.85759683803582,0.46206480264663696,0.32420773617723153,12.315984820171707,0.46206480264663696,0.45450782775878906,0.46206480264663696,0.5077919811010361,0.5610972046852112,0.6542258262634277,0.7381077110767365,0.5610972046852112,0.2755448704907701,0.8722964583924322,0.14211909296028633,0.1377656153249356,0.32878343561839024
295,9.833333333333334,49.45562311225803,116.59748557076449,0.4623149633407593,0.3068533206270327,6.530938966684403,0.4623149633407593,0.457794725894928,0.4623149633407593,0.507856085896492,0.5613898038864136,0.6591977179050446,0.7329780757427216,0.5613898038864136,0.2008771574391518,0.8681697818365964,0.1520370685591698,0.13359124804707437,0.32036458230251774
296,9.866666666666667,53.34728009156229,129.77460278110843,0.4626372456550598,0.2546945016414198,7.715045765076752,0.4626372456550598,0.4589095711708069,0.4626372456550598,0.5078116357326508,0.5619778037071228,0.6598971784114838,0.7287390828132629,0.5619778037071228,0.21372557099116535,0.8650026908426574,0.14550525232038808,0.1298534073191326,0.3400253539825736
297,9.9,56.074985946353976,147.12184208584753,0.4571593999862671,0.2666091378088851,9.336006620554258,0.4571593999862671,0.458080530166626,0.458080530166626,0.507676437497139,0.5635073482990265,0.662266731262207,0.7250120639801025,0.5635073482990265,0.21871340878725556,0.8605193066777606,0.1304170410620713,0.11193039954715191,0.3506528120205879
298,9.933333333333334,50.832469985398916,154.77955267180158,0.45756667852401733,0.29629150335203974,8.963438718731595,0.45756667852401733,0.4589870572090149,0.4589870572090149,0.5069998353719711,0.5639784038066864,0.6629532277584076,0.7219581007957458,0.5639784038066864,0.24984098951997424,0.8573892134608645,0.1167444596907736,0.09825929474922518,0.31742594893722603
299,9.966666666666667,51.14386023207487,165.79460427399408,0.45598602294921875,0.30908227090694496,9.040011216739686,0.45598602294921875,0.45972108840942383,0.45972108840942383,0.506375253200531,0.5639168918132782,0.6638307869434357,0.7198402285575867,0.5639168918132782,0.2722745928226645,0.8526987370216486,0.1146304263644982,0.09447002330734626,0.31852168475420983
300,10.0,49.16551502609736,165.07734761829985,0.4553501009941101,0.3136391771521528,9.813510397308505,0.4553501009941101,0.45964938402175903,0.45964938402175903,0.50545234978199,0.5645639002323151,0.6653498113155365,0.717054933309555,0.5645639002323151,0.26549667564930374,0.8491055279067068,0.10193059905387643,0.0901961334271923,0.30372092986114824
301,10.033333333333333,48.28749399181959,160.06496136920802,0.4539702534675598,0.31038428853935607,14.960545860234106,0.4539702534675598,0.4592706561088562,0.4592706561088562,0.5045882016420364,0.5646678805351257,0.6673701107501984,0.7134083807468414,0.5646678805351257,0.28209587364761685,0.8461493289831913,0.10890276438186632,0.09311219174184424,0.30093468482466873
302,10.066666666666666,50.01529806205831,176.55333406417128,0.45087963342666626,0.31211338369481734,11.480224318262344,0.45087963342666626,0.45913100242614746,0.45913100242614746,0.5035118758678436,0.5651370882987976,0.6673183441162109,0.7101253867149353,0.5651370882987976,0.29965415587641725,0.843809340487827,0.11880347244204963,0.10653775852338945,0.3135038087440499
303,10.1,50.6557760907583,164.405005256356,0.44833242893218994,0.31727112936850205,10.129767601475919,0.44833242893218994,0.45899128913879395,0.45899128913879395,0.5025593936443329,0.5662655234336853,0.6696126461029053,0.7067320048809052,0.5662655234336853,0.2937998615762383,0.842533323800925,0.12617868852492334,0.1137442829306646,0.3192745848394676
304,10.133333333333333,51.581866976161216,175.1047243142042,0.44747477769851685,0.3117454673758893,10.592779037992614,0.44747477769851685,0.458764910697937,0.458764910697937,0.501814216375351,0.5673991739749908,0.6742523908615112,0.7025257349014282,0.5673991739749908,0.28078432461350056,0.840929249245109,0.12092402571750598,0.110623394705175,0.3228431353605919
305,10.166666666666666,53.89138061143817,165.90039845968212,0.44659507274627686,0.31591604516773053,10.444370985871956,0.44659507274627686,0.45809948444366455,0.45809948444366455,0.5010704547166824,0.5681509077548981,0.6728082001209259,0.6985353827476501,0.5681509077548981,0.3132335012392403,0.8394657073147369,0.11355049472151069,0.10874838415612458,0.33346170736888747
306,10.2,54.72361152761066,155.3559329524396,0.4468998312950134,0.3192134770428086,10.825289554263009,0.4468998312950134,0.4576159715652466,0.4576159715652466,0.50058613717556,0.5690096020698547,0.6732328832149506,0.6955276727676392,0.5690096020698547,0.3004457481244519,0.8379183655435388,0.10688398757125503,0.10602614973977172,0.33608526031365793
307,10.233333333333333,54.537273112223424,156.59385555774435,0.4453144669532776,0.3183112999671685,10.421861346059586,0.4453144669532776,0.4569630026817322,0.4569630026817322,0.499857559800148,0.5698918700218201,0.6735211312770844,0.6926563084125519,0.5698918700218201,0.2966387585974409,0.8367153223265301,0.1139656076906241,0.09352592455621313,0.3371745329306507
308,10.266666666666667,55.51808784361987,141.85613239874263,0.4450276494026184,0.3221701680189452,8.595812021230131,0.4450276494026184,0.45687341690063477,0.45687341690063477,0.49910861253738403,0.5700417459011078,0.6740013659000397,0.689537525177002,0.5700417459011078,0.262789319263545,0.8360161300409924,0.1207363112273235,0.07668302637941338,0.3446547147216408
309,10.3,58.04024333813694,132.9530795010293,0.43998873233795166,0.3255013937912835,7.494941185349035,0.43998873233795166,0.45681989192962646,0.45681989192962646,0.4984763264656067,0.5708179473876953,0.674285888671875,0.6874011754989624,0.5708179473876953,0.24901283673729685,0.835428191179579,0.103437859740784,0.06631182268508137,0.3534771542452182
310,10.333333333333334,53.210683534350125,145.29960017058093,0.4451201558113098,0.33069058806230467,8.373390636970157,0.4451201558113098,0.4568130373954773,0.4568130373954773,0.49768030643463135,0.5716606974601746,0.6740332245826721,0.6864733994007111,0.5716606974601746,0.2120954653094084,0.8355000800255573,0.10685231351800817,0.058457776737835164,0.3276706025795698
311,10.366666666666667,52.24901601922103,160.56626839278596,0.44518786668777466,0.32591400189045017,9.667522944113102,0.44518786668777466,0.45664119720458984,0.45664119720458984,0.4973829984664917,0.5730546712875366,0.6738511025905609,0.6863508224487305,0.5730546712875366,0.2337393968156304,0.8358423057379145,0.10037147633191984,0.04673559005889711,0.32038375411747055
312,10.4,49.23013409445129,169.5533918092914,0.44875890016555786,0.3315422423962738,11.600076101892114,0.44875890016555786,0.4566320776939392,0.4566320776939392,0.4969259202480316,0.5739545226097107,0.6743371784687042,0.6849145889282227,0.5739545226097107,0.23486040997807636,0.8365563190344608,0.07976118775571625,0.03652567447848051,0.2974291012958887
313,10.433333333333334,48.30740885225326,166.97673560483133,0.450656533241272,0.3344312061875945,12.230214433677588,0.450656533241272,0.4566393494606018,0.4566393494606018,0.49616727232933044,0.5748245418071747,0.6748745739459991,0.6841342747211456,0.5748245418071747,0.23225179691923006,0.8382161562189911,0.050727882302471036,0.03023369562069463,0.28359285831437053
314,10.466666666666667,46.85821768889056,164.6415235675773,0.4526221752166748,0.3391649743156703,11.711995313362422,0.4526221752166748,0.4567232131958008,0.4567232131958008,0.4954982101917267,0.5750157833099365,0.6748934984207153,0.6846726536750793,0.5750157833099365,0.2271327082456502,0.8404971733689308,0.05413799465424818,0.024239163656043505,0.27656483000122206
315,10.5,46.682765158997995,162.11168011455746,0.4529826045036316,0.33542141971394007,13.842570881127358,0.4529826045036316,0.45672470331192017,0.45672470331192017,0.4950973391532898,0.5748407244682312,0.6742243468761444,0.6847788095474243,0.5748407244682312,0.23815335584950353,0.8414519088286342,0.03820691740983195,0.021998146469404577,0.27081077055071623
316,10.533333333333333,45.75667999907419,162.75643713068226,0.4536600708961487,0.3337564895847502,14.569382155238713,0.4536600708961487,0.4567081928253174,0.4567081928253174,0.49396246671676636,0.5751833021640778,0.6743568480014801,0.6845718026161194,0.5751833021640778,0.23396657148295003,0.8425301848487421,0.09752725250222019,0.01979612878391046,0.2834619535233004
317,10.566666666666666,45.600717656516096,163.5268780181395,0.4526243209838867,0.33532391552342855,16.133693513858475,0.4526243209838867,0.45657879114151,0.45657879114151,0.4932379424571991,0.576363742351532,0.6751392781734467,0.685165524482727,0.576363742351532,0.22835103797838316,0.8432030894539573,0.09352157380847588,0.025269846794219886,0.2813937924565211
318,10.6,48.80915370660264,159.59472760370784,0.4406859278678894,0.33591037213956565,14.569944120577361,0.4406859278678894,0.4560648798942566,0.4560648798942566,0.4924588203430176,0.577163428068161,0.676146000623703,0.6851089894771576,0.577163428068161,0.22235073848101186,0.8407041554649671,0.16005771957695994,0.026278877776807142,0.3191792809097693
319,10.633333333333333,47.316618844966264,159.03702232510815,0.44205451011657715,0.3346349300051075,15.584087230176237,0.44205451011657715,0.45419996976852417,0.45419996976852417,0.4914398193359375,0.5786453485488892,0.6781324148178101,0.6850379407405853,0.5786453485488892,0.23347858997102827,0.8399296965111386,0.1878822672640193,0.030769099479292628,0.3192347848734628
320,10.666666666666666,60.664004890512565,149.44397097894313,0.430589497089386,0.3378895951788971,18.935042086357157,0.430589497089386,0.45164602994918823,0.45164602994918823,0.4914625883102417,0.5782749652862549,0.6808810234069824,0.6850812137126923,0.5782749652862549,0.2409353053102874,0.8412090375116377,0.21928468172799123,0.04449633791200663,0.40280765391013384
321,10.7,53.887558606666076,141.32712858811203,0.43583762645721436,0.3200927828868877,15.907519112891237,0.43583762645721436,0.4493280053138733,0.4493280053138733,0.48993000388145447,0.5788083672523499,0.6829142272472382,0.6860984861850739,0.5788083672523499,0.2665381514029406,0.8413487397360079,0.16650986149984273,0.05200136391629643,0.3493282840425421
322,10.733333333333333,58.09674883841912,144.7558439811752,0.430425763130188,0.3284145231712259,16.422159617369118,0.430425763130188,0.4458063840866089,0.4458063840866089,0.48989981412887573,0.57980877161026,0.6845830082893372,0.6895662844181061,0.57980877161026,0.2620202706935978,0.8429420804887107,0.17760366754780865,0.06473814452330426,0.37604081603333767
323,10.766666666666667,55.09802705488926,146.5479477745322,0.42797327041625977,0.3165823616710985,18.064870921861512,0.42797327041625977,0.44161689281463623,0.44161689281463623,0.4886969029903412,0.5804010927677155,0.68597811460495,0.6915314793586731,0.5804010927677155,0.28603100298736095,0.8431669518803105,0.13307249049418685,0.08104599993512647,0.34602189745319634
324,10.8,56.67536399312418,155.4050657328664,0.4284917116165161,0.3280662746957182,43.109703730431846,0.4284917116165161,0.4381442666053772,0.4381442666053772,0.4881629943847656,0.5821071267127991,0.6864646673202515,0.6947088539600372,0.5821071267127991,0.26588159920881016,0.8433893842227531,0.11743143749495656,0.09294202494706205,0.3500925645436213
325,10.833333333333334,59.30816377605378,121.64992314850151,0.42570263147354126,0.32875600578070846,73.38179379214552,0.42570263147354126,0.43572384119033813,0.43572384119033813,0.487199604511261,0.5830994844436646,0.6874646246433258,0.6976360976696014,0.5830994844436646,0.24525253908460545,0.8437204559644064,0.11632296086426547,0.10632451621306402,0.364386687015134
326,10.866666666666667,53.73629906117941,118.84660919190634,0.4248273968696594,0.3330094785432096,154.69873933811994,0.4248273968696594,0.43294471502304077,0.43294471502304077,0.4861588180065155,0.5848513841629028,0.6877930164337158,0.7002314627170563,0.5848513841629028,0.2590864469559646,0.8435865383256566,0.11373460609857514,0.10188784252697461,0.3326553766139026
327,10.9,51.22078651202949,124.52235073342871,0.4271126985549927,0.33312491874479916,21.556373778365185,0.4271126985549927,0.4309796094894409,0.4309796094894409,0.4853834807872772,0.5854436755180359,0.6878072619438171,0.7060409784317017,0.5854436755180359,0.25656955926635355,0.8408110430746367,0.10315709497550936,0.09295444354189772,0.31550705355948333
328,10.933333333333334,52.06770484913695,130.86247786759517,0.42455440759658813,0.3359488956885483,170.24295691805446,0.42455440759658813,0.4299342632293701,0.4299342632293701,0.4842607080936432,0.586401641368866,0.6891163885593414,0.7051429450511932,0.586401641368866,0.2551945122229881,0.8414741253310983,0.0883743155387015,0.08872262812587493,0.31577732160126015
329,10.966666666666667,52.94586112195298,133.49604791779217,0.4238152503967285,0.33345917686958904,170.21323368452317,0.4238152503967285,0.4293699264526367,0.4293699264526367,0.4823693037033081,0.5881071984767914,0.6909879744052887,0.7063979208469391,0.5881071984767914,0.26570809472955603,0.84240309984395,0.08211469491603605,0.08489346595828672,0.31877808137454955
330,11.0,55.67211112619114,147.72532773393448,0.42437297105789185,0.33348241559510095,101.14825345058829,0.42437297105789185,0.42950284481048584,0.42950284481048584,0.4816403090953827,0.5899800062179565,0.6932350695133209,0.7078756093978882,0.5899800062179565,0.294645618843225,0.8456361867261656,0.05326067752172748,0.0597234413155368,0.32526770951313566
331,11.033333333333333,56.54946514880689,161.108912660795,0.4251784086227417,0.34073515833306056,16.75988991712981,0.4251784086227417,0.4279870390892029,0.4279870390892029,0.48045122623443604,0.5919772386550903,0.6948919892311096,0.7093678116798401,0.5919772386550903,0.330376875605932,0.8479462311123357,0.040354999499644384,0.05630818680783223,0.3262701951210427
332,11.066666666666666,62.59193626725959,169.08800849722905,0.42618417739868164,0.3465436341707055,11.060621972583306,0.42618417739868164,0.4273197650909424,0.4273197650909424,0.47892409563064575,0.5932658314704895,0.6962153017520905,0.7103897333145142,0.5932658314704895,0.35358025046884556,0.8518881605881633,0.0361794332541857,0.045635621288749546,0.35858680923880903
333,11.1,65.52325391922687,170.93703254986903,0.426580011844635,0.3463760821726409,16.595434201953168,0.426580011844635,0.4283928871154785,0.4283928871154785,0.4785231649875641,0.5938951075077057,0.6980315148830414,0.7099930644035339,0.5938951075077057,0.3393871374698423,0.8552098617409215,0.03170150500788583,0.03474056125783779,0.3735285288314039
334,11.133333333333333,55.23896329128721,170.4519117969097,0.4272620677947998,0.33733565117779585,16.522773163435403,0.4272620677947998,0.42897993326187134,0.42897993326187134,0.47750920057296753,0.5938560366630554,0.699785977602005,0.7096565663814545,0.5938560366630554,0.3271156664726506,0.8574505764426608,0.025338121598293725,0.021507298803731187,0.3144845658755282
335,11.166666666666666,45.02792784894188,170.07354176654653,0.4264944791793823,0.34431269485895044,13.859484376175914,0.4264944791793823,0.4294884204864502,0.4294884204864502,0.476752907037735,0.5943247675895691,0.7012486755847931,0.7099804282188416,0.5943247675895691,0.3402078210093078,0.8578173676223466,0.04122481752202033,0.014027088176274783,0.26252259997294985
336,11.2,42.92893659963426,172.54817248320842,0.4270857572555542,0.3473887887454478,16.44413157109804,0.4270857572555542,0.43006837368011475,0.43006837368011475,0.4757150709629059,0.5944947898387909,0.7026828825473785,0.7097485065460205,0.5944947898387909,0.34515820551324344,0.8566944156632279,0.04551818870589688,0.01809469623036186,0.2521495488319594
337,11.233333333333333,43.38320238759143,170.58790456616455,0.43115121126174927,0.30940747497422644,19.403435720574777,0.43115121126174927,0.4306144714355469,0.43115121126174927,0.4747430980205536,0.5946579575538635,0.7038401067256927,0.7093855738639832,0.5946579575538635,0.3605166525210333,0.8564677807417783,0.05385772716155079,0.02662063285650719,0.25717510919063985
338,11.266666666666667,40.40053202591541,170.688165250959,0.4312785267829895,0.3035649391420599,22.93792633455061,0.4312785267829895,0.4293925166130066,0.4312785267829895,0.473763108253479,0.5952980220317841,0.705524206161499,0.7081159949302673,0.5952980220317841,0.37233420127939754,0.85529553528988,0.11438324927857814,0.031090553223616552,0.25876237492754794
339,11.3,46.53818865016228,168.10566675021263,0.43001431226730347,0.29496064061097454,20.100605424272658,0.43001431226730347,0.4286671280860901,0.43001431226730347,0.4729864001274109,0.5955634117126465,0.7060957252979279,0.7063763737678528,0.5955634117126465,0.34693432729285606,0.854718500691833,0.13934334688423766,0.03760938308923204,0.3003484965661729
340,11.333333333333334,53.53422958203232,157.6597539668067,0.41915977001190186,0.301603189712806,17.203550862757595,0.41915977001190186,0.4243716597557068,0.4243716597557068,0.47253939509391785,0.5960999429225922,0.7076326310634613,0.7051761150360107,0.5960999429225922,0.31740520855010546,0.8556269344055292,0.12744277878285096,0.04411640632046832,0.3356452202017015
341,11.366666666666667,56.78176077720068,140.95032850839277,0.41452640295028687,0.3237738838457883,16.95463425087297,0.41452640295028687,0.4213733673095703,0.4213733673095703,0.47232455015182495,0.5967020988464355,0.7084937691688538,0.7039410471916199,0.5967020988464355,0.2749438031278682,0.8558914959430695,0.13491271387832454,0.04546374991898097,0.35592804070350115
342,11.4,55.246135943534746,141.4363653964354,0.4128561019897461,0.33838408116339463,16.022010317014775,0.4128561019897461,0.4182049036026001,0.4182049036026001,0.4719901978969574,0.5974670052528381,0.7096099555492401,0.7026712000370026,0.5974670052528381,0.2754330835732569,0.8560465271725799,0.13315580573057711,0.03654136074529182,0.34686971918325504
343,11.433333333333334,50.1758215669301,123.90592813411227,0.41519904136657715,0.3408067053956855,16.49429130689566,0.41519904136657715,0.4162776470184326,0.4162776470184326,0.4712388515472412,0.598825216293335,0.7103588879108429,0.7017407417297363,0.598825216293335,0.22617561189690308,0.854609209931258,0.0744763768759184,0.032862360623861206,0.3010974773234983
344,11.466666666666667,58.70867527907766,126.22765308121083,0.41334235668182373,0.3681745260628519,14.596801173909114,0.41334235668182373,0.413707971572876,0.413707971572876,0.47117453813552856,0.5990912318229675,0.7108857929706573,0.7016808092594147,0.5990912318229675,0.2607571620229013,0.8558302697810259,0.05208968878284656,0.03012740962118884,0.34178621374084095
345,11.5,58.90141319837657,118.72013911344327,0.4123801589012146,0.3612071943371642,13.51888102616303,0.4123801589012146,0.4124627113342285,0.4124627113342285,0.4710123836994171,0.5994326770305634,0.7111214995384216,0.7010679543018341,0.5994326770305634,0.24855247462189606,0.8573252852215911,0.044983403661186645,0.025256892140997373,0.34072509442267024
346,11.533333333333333,58.602897006585785,115.3208674801352,0.4115833044052124,0.3559092587342164,11.15298486719982,0.4115833044052124,0.4126967787742615,0.4126967787742615,0.47086000442504883,0.6000208258628845,0.7119894325733185,0.7003628313541412,0.6000208258628845,0.24169420014693807,0.8589922478704741,0.03979533049689916,0.017006275814262756,0.3375102491856574
347,11.566666666666666,56.102810363075044,113.02867474358578,0.4107516407966614,0.3475172944848769,9.918441356165914,0.4107516407966614,0.412050724029541,0.412050724029541,0.47046369314193726,0.6005743741989136,0.7144501507282257,0.7007414996623993,0.6005743741989136,0.2572343079779993,0.8609304423585082,0.031655369972724175,0.01672764392330409,0.3211788907866786
348,11.6,57.644475463284394,102.2651380820061,0.4091082811355591,0.3467231117962974,9.262181018223998,0.4091082811355591,0.41064316034317017,0.41064316034317017,0.47052910923957825,0.6003982424736023,0.7138941287994385,0.7005352079868317,0.6003982424736023,0.23107358266355219,0.8635920995112621,0.04448955806160428,0.013378267084817676,0.3335939533256168
349,11.633333333333333,50.563748763621525,112.20570461393008,0.4095996022224426,0.3362617089625004,9.104372282739462,0.4095996022224426,0.4107835292816162,0.4107835292816162,0.47058382630348206,0.6001943051815033,0.7158094346523285,0.7004372477531433,0.6001943051815033,0.22258898958161827,0.8639282968008157,0.04998741495158734,0.00860869695102539,0.29590593983892916
350,11.666666666666666,50.65609216545644,112.73083154959959,0.40632015466690063,0.3205954907430763,7.984510478070661,0.40632015466690063,0.4084193706512451,0.4084193706512451,0.470666766166687,0.6000599563121796,0.7168693542480469,0.7003873288631439,0.6000599563121796,0.21876070434747016,0.8650813337528345,0.048121708295771747,0.00987765235110118,0.2958592467412673
351,11.7,51.31540982479833,109.01593084717803,0.4043436050415039,0.3374221886749821,8.009937516105339,0.4043436050415039,0.4066329598426819,0.4066329598426819,0.47116619348526,0.6000467538833618,0.7168157696723938,0.7002647519111633,0.6000467538833618,0.21575677579339939,0.8671604209777081,0.0453094428921634,0.016508414016433996,0.2986784430054175
352,11.733333333333333,53.848119773078096,117.5240736653616,0.403777539730072,0.3579616027560325,9.628234040330824,0.403777539730072,0.4053593873977661,0.4053593873977661,0.4716220200061798,0.6009041965007782,0.7167962193489075,0.7000573575496674,0.6009041965007782,0.22779804977760817,0.8680085923635599,0.06241525554139274,0.017505805846283782,0.3178807976239628
353,11.766666666666667,49.67686457533124,131.55754618944638,0.4026762843132019,0.3682430114681076,11.940589589203398,0.4026762843132019,0.403145968914032,0.403145968914032,0.4718174636363983,0.6022068560123444,0.716442346572876,0.7005017697811127,0.6022068560123444,0.2310005209445068,0.8678752080057607,0.05321962186263893,0.019509034877947466,0.2919484675328541
354,11.8,52.7632495125125,143.47419194727493,0.3993415832519531,0.3663992797651491,13.055143456040923,0.3993415832519531,0.3997006416320801,0.3997006416320801,0.4719679355621338,0.6024034023284912,0.7148336172103882,0.7001620531082153,0.6024034023284912,0.23494811500264612,0.8664410877408404,0.05165882803947203,0.023987036177380988,0.30862681237024436
355,11.833333333333334,56.891103993727675,147.46854786618272,0.4010274410247803,0.3607320581500116,10.79237905883457,0.4010274410247803,0.39997005462646484,0.4010274410247803,0.472441166639328,0.6022728383541107,0.7138668298721313,0.7006210386753082,0.6022728383541107,0.24493090904676046,0.8652770699876727,0.07116179680492886,0.022780496216307507,0.3374102278955213
356,11.866666666666667,60.37049077702917,149.03078685827376,0.39954227209091187,0.35606015669576635,8.987732517843966,0.39954227209091187,0.39982670545578003,0.39982670545578003,0.4728958308696747,0.6022196710109711,0.7130576074123383,0.7014890313148499,0.6022196710109711,0.2423416122448053,0.8648413139762301,0.07529918993556715,0.0266210941199235,0.35798137240860994
357,11.9,64.13873447414935,153.24932535495265,0.3956974744796753,0.35492015216969136,8.975297073536353,0.3956974744796753,0.3961554765701294,0.3961554765701294,0.47283411026000977,0.6028505265712738,0.7129041254520416,0.7017457187175751,0.6028505265712738,0.24521789770092062,0.8633779987241282,0.05821376192873846,0.028894619003408444,0.37379043121278455
358,11.933333333333334,61.66992513676827,156.18858665199255,0.3970820903778076,0.35371121461329275,9.539077050213876,0.3970820903778076,0.395441472530365,0.3970820903778076,0.47263678908348083,0.6044189035892487,0.712596595287323,0.703013151884079,0.6044189035892487,0.23510053583924984,0.8621236221356825,0.050311669450979035,0.032235169103963526,0.3577041960395619
359,11.966666666666667,65.67608944957198,158.54822890756472,0.3975408673286438,0.359258927233016,8.957192903648888,0.3975408673286438,0.3971098065376282,0.3975408673286438,0.47243133187294006,0.6051612794399261,0.7134404182434082,0.7032227516174316,0.6051612794399261,0.234201126730497,0.8616865683685649,0.04590967648969826,0.03683119899918538,0.37864006655564264
360,12.0,64.46284749431045,160.1203822528954,0.3972328305244446,0.3574926931815351,11.777982692199089,0.3972328305244446,0.39772337675094604,0.39772337675094604,0.4722841680049896,0.6061506569385529,0.7135362327098846,0.7029224336147308,0.6061506569385529,0.23818285189823885,0.8600197736964081,0.034019559485082417,0.04672437760103489,0.3683327983694717
361,12.033333333333333,63.83551020941287,165.16313106366306,0.3971506357192993,0.35396170284542094,10.052356072335442,0.3971506357192993,0.39801478385925293,0.39801478385925293,0.471881240606308,0.607457846403122,0.7154323756694794,0.7039055526256561,0.607457846403122,0.2790597402614103,0.8593101031852491,0.03543507427669382,0.047072868824227086,0.3652722456686352
362,12.066666666666666,69.98134636420677,171.1371103398995,0.3984525203704834,0.3667970901850211,12.13195160292912,0.3984525203704834,0.3965498208999634,0.3984525203704834,0.4711231291294098,0.6093605756759644,0.7157116830348969,0.7052502632141113,0.6093605756759644,0.3041721489375785,0.8568872859080633,0.05341908389656034,0.061879248761834434,0.4048109827478946
363,12.1,68.85322057409022,168.89960158676246,0.3980504274368286,0.35418076177379587,9.049220916699596,0.3980504274368286,0.39611321687698364,0.3980504274368286,0.4709177315235138,0.6093363165855408,0.716694176197052,0.7073246836662292,0.6093363165855408,0.27759373430765033,0.8549271885192755,0.0688914164446842,0.07375583074701698,0.40318531701168425
364,12.133333333333333,66.07160813749447,170.43515857700254,0.3961644172668457,0.33726642301037835,9.827802367491131,0.3961644172668457,0.3910735249519348,0.3961644172668457,0.47012028098106384,0.6106730699539185,0.7174090147018433,0.7102751135826111,0.6106730699539185,0.2962308626177495,0.8521810241720893,0.07094560979591653,0.0720897529238882,0.388348172591522
365,12.166666666666666,65.09334525511667,172.2322956662133,0.39612680673599243,0.3321921658127345,8.219685678967153,0.39612680673599243,0.38911986351013184,0.39612680673599243,0.46983033418655396,0.6105050146579742,0.71834397315979,0.7132838070392609,0.6105050146579742,0.3294512135059474,0.8487602305231672,0.07131084135772126,0.06986752896984648,0.3830229482690757
366,12.2,64.85259480977462,171.85105723817637,0.3962854743003845,0.3509158273907184,11.850262788443615,0.3962854743003845,0.39065617322921753,0.3962854743003845,0.46971529722213745,0.6101838052272797,0.7192836403846741,0.7146032154560089,0.6101838052272797,0.3183491639554083,0.8472556094780113,0.0782813247229835,0.07934191297634305,0.3837765908045318
367,12.233333333333333,58.98466785346354,171.0315732316897,0.39620280265808105,0.36481487247798566,10.64985854372344,0.39620280265808105,0.39135807752609253,0.39620280265808105,0.46962401270866394,0.6098490953445435,0.7205883264541626,0.7165339887142181,0.6098490953445435,0.3567268156520218,0.8440196624759472,0.07903806997604407,0.0694606624303111,0.35140402017872174
368,12.266666666666667,57.25894287931233,152.194810024967,0.39635664224624634,0.38212303615217014,7.6497807769106885,0.39635664224624634,0.39197421073913574,0.39635664224624634,0.4695856273174286,0.6082216799259186,0.7221232056617737,0.7198051512241364,0.6082216799259186,0.33890896668788684,0.843797937487111,0.08612345840916909,0.07651977644645849,0.34394227574115255
369,12.3,58.561504226740944,142.47415930276526,0.39983803033828735,0.37202367125354635,3.813711437673902,0.39983803033828735,0.3948661684989929,0.39983803033828735,0.4697575569152832,0.6069993674755096,0.7227888703346252,0.7208255529403687,0.6069993674755096,0.3164196693009096,0.8434274743000666,0.09260219252953392,0.08282478894250632,0.353122347907421
370,12.333333333333334,66.75834860466354,153.7830185285538,0.3998459577560425,0.3780602355236639,9.118065115204871,0.3998459577560425,0.39801573753356934,0.3998459577560425,0.4699152112007141,0.6069729626178741,0.724246472120285,0.7250153720378876,0.6069729626178741,0.30274741294460045,0.8406205590475689,0.08311710178614204,0.0731656374223392,0.3958148450061956
371,12.366666666666667,65.73066518128711,158.671971332675,0.3997970223426819,0.38003283879433664,15.08438161513439,0.3997970223426819,0.39997243881225586,0.39997243881225586,0.4699332118034363,0.6069203913211823,0.7247105836868286,0.7274235785007477,0.6069203913211823,0.30651194298554435,0.839147354165713,0.07648635367034924,0.06674436355775308,0.38811626821936646
372,12.4,58.99690696329451,140.27936382436013,0.39975935220718384,0.3625079193015673,1.9214537493545834,0.39975935220718384,0.40236860513687134,0.40236860513687134,0.469908744096756,0.6069150269031525,0.7239486873149872,0.7277732491493225,0.6069150269031525,0.3148499691634249,0.8385078794125355,0.06384183687510223,0.0675857138512932,0.3469131453030557
373,12.433333333333334,57.49128052190488,113.49799379478385,0.3993180990219116,0.36777675411961397,0.13540424322721378,0.3993180990219116,0.40580493211746216,0.40580493211746216,0.4688381850719452,0.6083851754665375,0.7225219905376434,0.7298975586891174,0.6083851754665375,0.312195577484605,0.8385957224350987,0.04229935501450346,0.049941751737771226,0.3320858094038226
374,12.466666666666667,55.44837435969645,94.08746707865807,0.3994654417037964,0.36835251558660076,2.810356916716728,0.3994654417037964,0.4079478979110718,0.4079478979110718,0.4680664539337158,0.6092286705970764,0.7209253013134003,0.7314108312129974,0.6092286705970764,0.27499044272659623,0.8382915459347494,0.0494385163411979,0.03783561788195107,0.32287807912289523
375,12.5,56.813884038444236,85.9073660786613,0.3993533253669739,0.3881084462450759,4.510174604159829,0.3993533253669739,0.40949541330337524,0.40949541330337524,0.4675968289375305,0.6103304326534271,0.7199826240539551,0.7319996654987335,0.6103304326534271,0.2512928184789641,0.8373139746712915,0.06973412244822791,0.050517397346242915,0.33655292583693636
376,12.533333333333333,54.490490894067534,68.77517930405584,0.4029344916343689,0.3786222846100111,4.541808067637447,0.4029344916343689,0.4101250171661377,0.4101250171661377,0.46745580434799194,0.6104978919029236,0.7189476788043976,0.7316462397575378,0.6104978919029236,0.23779318023620966,0.8359158436457316,0.08682539761052549,0.04748017172164106,0.32877256869464394
377,12.566666666666666,51.55232475027867,71.20802450730504,0.4059007167816162,0.38690258201940164,5.08174545811292,0.4059007167816162,0.4105311632156372,0.4105311632156372,0.4674389660358429,0.611457884311676,0.7180644869804382,0.7293776571750641,0.611457884311676,0.21440713093998295,0.8346333560166936,0.08913060803486425,0.04876423741482077,0.3131409865786741
378,12.6,49.44025060805217,62.0799696216058,0.41048991680145264,0.39677850852571056,9.160884622341456,0.41048991680145264,0.4110732674598694,0.4110732674598694,0.4665933847427368,0.6118974685668945,0.7170695960521698,0.7273474931716919,0.6118974685668945,0.2133511752754039,0.8341774859211661,0.11097910325389945,0.05820260157886612,0.307961789909793
379,12.633333333333333,57.359002642571006,65.95857873441246,0.4108312726020813,0.41076112038604373,8.822424130546779,0.4108312726020813,0.4105581045150757,0.4108312726020813,0.46559372544288635,0.6124244630336761,0.7161571979522705,0.7254737019538879,0.6124244630336761,0.21212994296082624,0.8364694691968687,0.10900055523181847,0.07285541128952663,0.3513612923616067
380,12.666666666666666,64.2065062378886,77.30148950913453,0.414120614528656,0.4660680409904323,10.620319185199037,0.414120614528656,0.4093976616859436,0.414120614528656,0.464995414018631,0.6133191883563995,0.7152523398399353,0.7227969765663147,0.6133191883563995,0.20302150907695762,0.8395187170668081,0.10846685329509585,0.07979621638072008,0.3892428684212432
381,12.7,61.819493133005494,86.57611483801665,0.415763258934021,0.5309705021106752,8.752893546032453,0.415763258934021,0.4064655900001526,0.415763258934021,0.4642235040664673,0.613520085811615,0.7138499915599823,0.7199708819389343,0.613520085811615,0.21116921293249472,0.8458006059130033,0.11009614928608853,0.10008281595999291,0.37647047330252376
382,12.733333333333333,62.997310179818776,86.96967682759657,0.41631174087524414,0.48171337676055664,7.245366310320264,0.41631174087524414,0.4004051089286804,0.41631174087524414,0.462999165058136,0.6138631999492645,0.7148544788360596,0.7163670361042023,0.6138631999492645,0.3058162910930874,0.8540919856591658,0.1334425605698426,0.12372961604185428,0.39001782472550156
383,12.766666666666667,70.34098846355924,148.7386820292807,0.41667693853378296,0.5249443266113161,8.967368843593249,0.41667693853378296,0.3980882167816162,0.41667693853378296,0.4611753225326538,0.6152578592300415,0.7152150869369507,0.7110899090766907,0.6152578592300415,0.37041250400104553,0.8618301424113187,0.14108661212962692,0.14127466662791932,0.43310925288088387
384,12.8,73.29221751668754,135.40271792007124,0.4167608618736267,0.481175278052099,8.712347323323343,0.4167608618736267,0.39609217643737793,0.4167608618736267,0.46007660031318665,0.616297572851181,0.7183732688426971,0.7052948176860809,0.616297572851181,0.26040143454435544,0.8679818280718543,0.17348686213378384,0.17628930173675458,0.4592250448439549
385,12.833333333333334,83.30547905900872,139.95138100870264,0.4161520004272461,0.6502120587151132,5.804496279207342,0.4161520004272461,0.3974002003669739,0.4161520004272461,0.4585321247577667,0.6180236339569092,0.7182609736919403,0.6998136937618256,0.6180236339569092,0.33891490045842826,0.8775715475732629,0.18356679419236344,0.18648709558521903,0.5178782552522019
386,12.866666666666667,83.8362455094136,111.91103208969416,0.4162684679031372,0.5925059448554346,6.960483801144846,0.4162684679031372,0.39760708808898926,0.4162684679031372,0.4576353132724762,0.6178964078426361,0.7188132107257843,0.6911456286907196,0.6178964078426361,0.37634033666630395,0.886174019538995,0.18402664435146232,0.18600064015485138,0.5209649128021809
387,12.9,64.25137094768115,86.77087229129613,0.41601312160491943,0.44375698682485115,8.341378164795515,0.41601312160491943,0.3983699083328247,0.41601312160491943,0.4570632576942444,0.6178187429904938,0.7190009951591492,0.6858264207839966,0.6178187429904938,0.3218440429526155,0.8951065657716809,0.17062492351463632,0.17082550362069673,0.40813953787484175
388,12.933333333333334,64.31178905638274,80.66823760781287,0.4159085750579834,0.4503974845115247,9.956251175040904,0.4159085750579834,0.39934730529785156,0.4159085750579834,0.4556697905063629,0.6181757152080536,0.7190656960010529,0.680461049079895,0.6181757152080536,0.3058371210826773,0.9027013011050947,0.14701318304595598,0.14621996767079357,0.40139167189369085
389,12.966666666666667,63.433100152541826,83.47668660628611,0.414706826210022,0.4394368775656274,9.969187974217817,0.414706826210022,0.39982616901397705,0.414706826210022,0.4550808072090149,0.6179890036582947,0.7181123793125153,0.6771078109741211,0.6179890036582947,0.2995359595740163,0.9104770196206642,0.1087181355568615,0.10243756867603822,0.38502155262562415
390,13.0,64.46791362666697,83.06742555307572,0.41452956199645996,0.4373900105207168,9.889445666515002,0.41452956199645996,0.3999983072280884,0.41452956199645996,0.454203724861145,0.6174947321414948,0.716374933719635,0.6755382418632507,0.6174947321414948,0.30497964650604,0.9177903695539995,0.10290872480226348,0.07278030922189127,0.38902769314438446
391,13.033333333333333,64.73734959083828,79.95420283521617,0.41258668899536133,0.42913389805989144,8.733021871305993,0.41258668899536133,0.40013134479522705,0.41258668899536133,0.4540935754776001,0.6168392896652222,0.7151007652282715,0.67433300614357,0.6168392896652222,0.2812067197548285,0.9243538921529596,0.08792284021587612,0.047397179912037006,0.3860287942360866
392,13.066666666666666,68.17200989635715,102.9023456800413,0.40824592113494873,0.42384150432802925,10.380455209963998,0.40824592113494873,0.3987390995025635,0.40824592113494873,0.4532643258571625,0.6168355941772461,0.7140803039073944,0.6747098863124847,0.6168355941772461,0.3200310305537038,0.9295848698327036,0.08398193886729717,0.03987430696161227,0.40392796997328445
393,13.1,71.36429394515413,101.44343973822485,0.4056156277656555,0.4232879491179604,11.431931026982198,0.4056156277656555,0.3989698886871338,0.4056156277656555,0.45208147168159485,0.6168964803218842,0.7140932679176331,0.6735647916793823,0.6168964803218842,0.3132840451038565,0.9337240620092913,0.08913824082693089,0.04397798678218217,0.42320977194338
394,13.133333333333333,78.70379069819253,125.42824343831899,0.40361249446868896,0.4042887185290383,13.243171635617216,0.40361249446868896,0.39854729175567627,0.40361249446868896,0.4508481025695801,0.6168587803840637,0.7140186727046967,0.6714605093002319,0.6168587803840637,0.37870567227140045,0.9361327380845041,0.08849202669871055,0.048201477841590755,0.4637908896662383
395,13.166666666666666,81.71521420949773,115.97809483643086,0.40289002656936646,0.40289841691354306,14.260343349470247,0.40289002656936646,0.3986967206001282,0.40289002656936646,0.449169784784317,0.616871178150177,0.7141603529453278,0.6691310405731201,0.616871178150177,0.3711486352149145,0.9389341365207325,0.07332360170063684,0.05704305610147728,0.47597049278517845
396,13.2,83.14135542063279,109.49153446613776,0.40218210220336914,0.40155104733671354,13.485937659187925,0.40218210220336914,0.39764344692230225,0.40218210220336914,0.4483942687511444,0.6166185140609741,0.7129704356193542,0.6670706272125244,0.6166185140609741,0.3708808898034639,0.9416275385654334,0.058677384347082535,0.052454361926172095,0.4794996343076403
397,13.233333333333333,79.40253454772588,106.40249394830349,0.4022890329360962,0.4064287271805518,12.545853741604276,0.4022890329360962,0.39750391244888306,0.4022890329360962,0.4481027126312256,0.6163178086280823,0.7120558321475983,0.6652447283267975,0.6163178086280823,0.35861907966875506,0.9436085657639937,0.04648397530137872,0.047202773441110825,0.45507038452222404
398,13.266666666666667,82.76551752561139,96.53449380367549,0.4019862413406372,0.40828620777827046,12.531271868935647,0.4019862413406372,0.3963819742202759,0.4019862413406372,0.44764459133148193,0.616084098815918,0.7119796276092529,0.6655468046665192,0.616084098815918,0.2986321978380119,0.9448324478033817,0.03717439077776071,0.04680370374769164,0.47096074793116927
399,13.3,83.1625509246673,95.19361689630503,0.40210556983947754,0.41371571383103534,12.151394591067685,0.40210556983947754,0.3942720293998718,0.40210556983947754,0.4473296105861664,0.6152103841304779,0.7110218703746796,0.6664116382598877,0.6152103841304779,0.28635047181156936,0.9457886562202916,0.027901532145837987,0.04940672764837111,0.4703846314474586
400,13.333333333333334,85.80851814951737,95.20679329106655,0.40225857496261597,0.418086747624614,11.74583366249513,0.40225857496261597,0.39380574226379395,0.40225857496261597,0.4474409818649292,0.6131229996681213,0.7109304964542389,0.667285680770874,0.6131229996681213,0.27435732452257267,0.9459917707876726,0.018922197940377628,0.04661357232891004,0.48239064910165425
401,13.366666666666667,85.58763392341545,95.83769305220724,0.40196382999420166,0.41959547502094735,11.754828203179414,0.40196382999420166,0.39399009943008423,0.40196382999420166,0.4475344121456146,0.6106766760349274,0.7101440131664276,0.6678460538387299,0.6106766760349274,0.26363348301972594,0.9467371413201997,0.01794402942514368,0.04693141661789343,0.480870063957629
402,13.4,82.28731550485112,94.61291893284275,0.40183931589126587,0.4188765199925619,10.53920234022516,0.40183931589126587,0.3942714333534241,0.40183931589126587,0.4474492371082306,0.6093264520168304,0.7098768353462219,0.6681543290615082,0.6093264520168304,0.26196301216408513,0.9469869498050574,0.014850205030367759,0.04977119706776758,0.4616068143138388
403,13.433333333333334,80.99675696354565,96.19468479529509,0.4019203186035156,0.42153868433874325,10.508219478244598,0.4019203186035156,0.39447319507598877,0.4019203186035156,0.4475713074207306,0.6089719831943512,0.7095186412334442,0.6679023504257202,0.6089719831943512,0.2616283736728049,0.9472271944537307,0.010544762404910726,0.04064430630248137,0.4531454118522824
404,13.466666666666667,80.3940849257015,96.24119591598019,0.4022059440612793,0.41899173497501757,10.723376027466145,0.4022059440612793,0.3961029648780823,0.4022059440612793,0.4480230212211609,0.6072829365730286,0.7089384496212006,0.6681171655654907,0.6072829365730286,0.25495299388980763,0.9476316119685317,0.009111863739217263,0.025937031223801928,0.44936736426455137
405,13.5,80.16747718535962,94.45069359991041,0.4022548198699951,0.42048309955345986,10.62275039855382,0.4022548198699951,0.39670294523239136,0.4022548198699951,0.44828447699546814,0.6065591275691986,0.7086056172847748,0.6682797372341156,0.6065591275691986,0.260276398440503,0.9475977511116953,0.011454502007030104,0.019726313938155462,0.4488112238541069
406,13.533333333333333,76.87261213809003,94.56678396930856,0.4026491641998291,0.4216185424272022,10.950875984558024,0.4026491641998291,0.3972964286804199,0.4026491641998291,0.44853997230529785,0.6066175997257233,0.7078878283500671,0.6682796776294708,0.6066175997257233,0.2569105069886072,0.9479706251260006,0.01235041975095935,0.0215177659769429,0.43077519335912134
407,13.566666666666666,77.83436659999055,97.42679130170842,0.4033668041229248,0.42255032348961175,11.054638440590793,0.4033668041229248,0.3976573944091797,0.4033668041229248,0.44922178983688354,0.6062787771224976,0.7073241174221039,0.6683668196201324,0.6062787771224976,0.25882697123594645,0.9480265324765985,0.013957545936202695,0.014662599388746615,0.4366004115585861
408,13.6,78.09948039498347,100.89382563472086,0.4037771224975586,0.42439909890368405,10.188206352590413,0.4037771224975586,0.3983370065689087,0.4037771224975586,0.4506794512271881,0.6055473685264587,0.7065370380878448,0.66831174492836,0.6055473685264587,0.2587143834573134,0.9480132099353906,0.01593142122567116,0.014372844922314552,0.438665428562054
409,13.633333333333333,76.07745711606188,100.40381224486238,0.4040558338165283,0.42399464714119905,9.850984431888264,0.4040558338165283,0.39843612909317017,0.4040558338165283,0.4509863257408142,0.6055252552032471,0.706640899181366,0.6677520573139191,0.6055252552032471,0.2530720893531985,0.9480244824380586,0.018597933512107048,0.015250133512506375,0.4282319195873092
410,13.666666666666666,76.41033261225083,101.94886125959877,0.404554545879364,0.4235574716887877,9.834717444030588,0.404554545879364,0.3981848359107971,0.404554545879364,0.4517839252948761,0.604831725358963,0.7058688998222351,0.6677468717098236,0.604831725358963,0.25399896895471574,0.9481018474607756,0.019276196950561666,0.013803713138781357,0.43028470693100646
411,13.7,73.97234182742206,101.78483276633533,0.4053899049758911,0.4215170173164283,8.3375527883382,0.4053899049758911,0.3988468647003174,0.4053899049758911,0.45191437005996704,0.60464146733284,0.7060617208480835,0.6676713824272156,0.60464146733284,0.24619304686034973,0.9481551177573927,0.018905057174821133,0.012520292263314239,0.4166289717492356
412,13.733333333333333,73.73424493237022,101.77056569998916,0.40622586011886597,0.4203533644833252,8.078653669411466,0.40622586011886597,0.3991674780845642,0.40622586011886597,0.45193591713905334,0.6045326888561249,0.7057061493396759,0.6676717698574066,0.6045326888561249,0.24216137875991653,0.9481134342424797,0.018788612762800784,0.012660189918998763,0.4152712778975637
413,13.766666666666667,74.90681274812398,106.43096569537688,0.40624916553497314,0.4122340060053628,8.480272004491496,0.40624916553497314,0.399471640586853,0.40624916553497314,0.4519534409046173,0.6041499376296997,0.7049018144607544,0.6673204004764557,0.6041499376296997,0.17216448266663206,0.9466922156738512,0.019525489138692214,0.011143173278613024,0.42200660645340754
414,13.8,74.3221692121151,100.5197238433262,0.4064197540283203,0.4164234049876182,8.63864637102759,0.4064197540283203,0.39949506521224976,0.4064197540283203,0.45207223296165466,0.6041995882987976,0.7052989304065704,0.6667390763759613,0.6041995882987976,0.19843673333874773,0.946419667113911,0.027525691319304556,0.023041211435629733,0.42115864746309745
415,13.833333333333334,85.73074986907743,133.04766277233276,0.4070160388946533,0.41020833053395106,8.685380211437632,0.4070160388946533,0.3998238444328308,0.4070160388946533,0.45258283615112305,0.6037952899932861,0.7039608955383301,0.6669144928455353,0.6037952899932861,0.24320081680644337,0.9456509785218672,0.030017225316781866,0.022767484171901272,0.48528711131213137
416,13.866666666666667,80.61004103912308,111.3092340315662,0.40725207328796387,0.41397347064493084,11.034015715875682,0.40725207328796387,0.3999900221824646,0.40725207328796387,0.452866792678833,0.6034437716007233,0.7044470608234406,0.6647552251815796,0.6034437716007233,0.2131246305217412,0.9440721652724526,0.030802623680627562,0.021760196097629136,0.45707434843264977
417,13.9,83.90177011030268,111.46441775347776,0.40850281715393066,0.409441196571868,11.312788089474225,0.40850281715393066,0.3999106287956238,0.40850281715393066,0.45289134979248047,0.6034968793392181,0.7023217082023621,0.6647894084453583,0.6034968793392181,0.1708345846004783,0.9424960468754624,0.03502027261710999,0.026301127910263986,0.4766270268423701
418,13.933333333333334,80.29411315443546,122.69987077223017,0.40894806385040283,0.4050501541259388,10.560831613203561,0.40894806385040283,0.3998969793319702,0.40894806385040283,0.4531767666339874,0.6031992137432098,0.7023240029811859,0.6646021008491516,0.6031992137432098,0.2203826955361888,0.9404219352837765,0.035994527371511056,0.024463588618238694,0.45687676462498367
419,13.966666666666667,80.39530169041184,108.26163807403637,0.40898585319519043,0.4094165732815833,11.689941046878289,0.40898585319519043,0.4009627103805542,0.40898585319519043,0.4538286626338959,0.6029079556465149,0.7027358114719391,0.663293868303299,0.6029079556465149,0.1718778538309973,0.9387624299887455,0.031716509476396836,0.019097577538077375,0.45615551778965147
420,14.0,83.26649268925337,107.66315547245595,0.4097612500190735,0.4095236133575848,11.090454481008095,0.4097612500190735,0.4006989002227783,0.4097612500190735,0.4541708827018738,0.6028388440608978,0.7019003033638,0.6634092032909393,0.6028388440608978,0.17043001371573532,0.9373072891524343,0.030456660100755106,0.021224375999050776,0.47172862408163413
421,14.033333333333333,73.65810400961666,98.50081116849164,0.41059410572052,0.41525427673424786,11.07733281803965,0.41059410572052,0.4008769392967224,0.41059410572052,0.4545512795448303,0.6023516356945038,0.702660322189331,0.6622111201286316,0.6023516356945038,0.22929525954178556,0.9385882778601213,0.03925901410267007,0.029007054686638226,0.42098939317311584
422,14.066666666666666,77.90867000067709,85.2678790812893,0.4116346836090088,0.41303231026768816,10.77882649731066,0.4116346836090088,0.40085434913635254,0.4116346836090088,0.4550474286079407,0.6019356548786163,0.7025037109851837,0.6622481346130371,0.6019356548786163,0.1813298213548529,0.9372318856643908,0.032685103539981476,0.02224414850394905,0.4426314755102005
423,14.1,74.53086396337149,94.72748554884556,0.4128692150115967,0.41945434708409385,10.749068084281731,0.4128692150115967,0.4008432626724243,0.4128692150115967,0.4551795721054077,0.6012725234031677,0.7028697431087494,0.6607385575771332,0.6012725234031677,0.23273624421293107,0.9387634089498809,0.04699990238679734,0.02611375716853806,0.428160326068103
424,14.133333333333333,78.15457693496822,94.21201261516153,0.4128906726837158,0.4204982894811489,10.234663255506945,0.4128906726837158,0.4006385803222656,0.4128906726837158,0.45531630516052246,0.6012512147426605,0.7016320824623108,0.6605265140533447,0.6012512147426605,0.1687550613703859,0.9374883572260538,0.05089106356647919,0.024897561135084977,0.44945941315310056
425,14.166666666666666,80.91082357183335,96.71326161609893,0.41596347093582153,0.41925072548334197,10.048455819951329,0.41596347093582153,0.4003429412841797,0.41596347093582153,0.45526838302612305,0.6012998819351196,0.702134519815445,0.6597486436367035,0.6012998819351196,0.16899429104523367,0.9364504091667406,0.052062258539815824,0.029794877572047684,0.4651232529610189
426,14.2,88.52052112046484,97.58617564511648,0.41776782274246216,0.434391255750589,9.56339369771274,0.41776782274246216,0.399810791015625,0.41776782274246216,0.4556587040424347,0.6013548076152802,0.7011722922325134,0.6586593687534332,0.6013548076152802,0.2285839507087792,0.9363918322505373,0.05309135741818172,0.03145852068540115,0.5077080801169258
427,14.233333333333333,88.25080214795018,100.04660016853055,0.41810113191604614,0.42931858379881116,10.44906408131817,0.41810113191604614,0.39938992261886597,0.41810113191604614,0.45614996552467346,0.6010312438011169,0.7004798054695129,0.6574687063694,0.6010312438011169,0.25554741935519804,0.9370797890605349,0.06272202569457266,0.04107978607056055,0.5090988418636506
428,14.266666666666667,88.72118660736541,99.60166748125847,0.4189971089363098,0.4315569584557355,11.291323128303219,0.4189971089363098,0.399333655834198,0.4189971089363098,0.4567759335041046,0.6009249091148376,0.7000182569026947,0.655545562505722,0.6009249091148376,0.2579491655217047,0.9375206810055356,0.04867969908135551,0.041181806759960984,0.5074993908764367
429,14.3,86.6639828610915,95.75965683904258,0.4192020893096924,0.42782210217386135,11.428285063412858,0.4192020893096924,0.399397611618042,0.4192020893096924,0.4568411111831665,0.6007344722747803,0.7007753849029541,0.6537389159202576,0.6007344722747803,0.2685786449874157,0.9385564851038384,0.0431546411833055,0.04150085614668243,0.4944129638055
430,14.333333333333334,81.03511747341382,91.74350776033013,0.41890066862106323,0.42538834922269564,10.408492176144676,0.41890066862106323,0.3993798494338989,0.41890066862106323,0.4570780098438263,0.600541353225708,0.7009348273277283,0.6529662907123566,0.600541353225708,0.26386339407410736,0.9399667418364323,0.037520875752676125,0.035571322104242825,0.46145135980032403
431,14.366666666666667,75.47626192396707,92.75600989184049,0.4185526371002197,0.42348765372600816,10.192334868085538,0.4185526371002197,0.3993895649909973,0.4185526371002197,0.45732539892196655,0.6003965735435486,0.7009385228157043,0.6518316566944122,0.6003965735435486,0.26076850902945553,0.9411727424823877,0.029125995386845575,0.025451046133805506,0.42805036486031517
432,14.4,75.95165004816768,88.10748575168498,0.4183511734008789,0.42093462493711004,9.454978551763674,0.4183511734008789,0.3995401859283447,0.4183511734008789,0.4572976231575012,0.6002851724624634,0.7009432911872864,0.6520505249500275,0.6002851724624634,0.2663715930916069,0.942216208486846,0.050618194105175054,0.0181790501307516,0.4371390696102619
433,14.433333333333334,77.16719874609001,88.06258117017518,0.4176326394081116,0.4142445004056583,9.295883361075852,0.4176326394081116,0.39970773458480835,0.4176326394081116,0.4574439823627472,0.6000579595565796,0.699998289346695,0.6519752144813538,0.6000579595565796,0.26662605378458637,0.943456257834579,0.07605138015662427,0.014238138589765687,0.4515220737474873
434,14.466666666666667,81.48533640273762,75.99676767715697,0.4122651219367981,0.41355536507269947,9.051494628155098,0.4122651219367981,0.3997347354888916,0.4122651219367981,0.45740753412246704,0.6001716554164886,0.7000357508659363,0.6513813436031342,0.6001716554164886,0.2417530449207142,0.9441890409498503,0.09500877962937905,0.01231522933527586,0.481198947237356
435,14.5,85.25044252006745,80.70911983796712,0.4173315763473511,0.4190667053965363,9.359428954377279,0.4173315763473511,0.3997238278388977,0.4173315763473511,0.4573366045951843,0.600213497877121,0.7002078294754028,0.6515145003795624,0.600213497877121,0.2656086572955962,0.943590395378344,0.10129691512875222,0.01437971361415757,0.504002644094556
436,14.533333333333333,78.6213924886335,94.35758571748204,0.4216012954711914,0.4241712913181546,10.133315555884764,0.4216012954711914,0.40087032318115234,0.4216012954711914,0.45758870244026184,0.6003454327583313,0.7001663446426392,0.6507017910480499,0.6003454327583313,0.27263985140111907,0.9425968636165966,0.10759110739478307,0.020601533278188533,0.46906284604417664
437,14.566666666666666,74.39464959575425,93.78726739359362,0.42282092571258545,0.4088921501035621,9.667364277827744,0.42282092571258545,0.40110790729522705,0.42282092571258545,0.45777392387390137,0.6005030572414398,0.7003151774406433,0.6501335799694061,0.6005030572414398,0.27594770711652017,0.9431731682835203,0.07928167375063164,0.01878343882681251,0.4370881109904909
438,14.6,73.97267552994803,94.23266589097373,0.4240519404411316,0.4087631438502461,8.69453696783333,0.4240519404411316,0.4012371897697449,0.4240519404411316,0.45863157510757446,0.600424200296402,0.7001656591892242,0.6488596796989441,0.600424200296402,0.2746291408713895,0.9430921348658475,0.054890591574809654,0.023896910843832,0.4274264859721542
439,14.633333333333333,72.317669592375,92.2476222973663,0.4246637225151062,0.40442024659026765,8.31577241214194,0.4246637225151062,0.4014238715171814,0.4246637225151062,0.4591688811779022,0.6004340350627899,0.7001899182796478,0.6485581994056702,0.6004340350627899,0.27901958731653886,0.9439745256395051,0.04274889648435237,0.03267373279579337,0.4145895000140557
440,14.666666666666666,73.55537023858346,92.9829719233289,0.4248132109642029,0.40818103677690093,7.851978878673123,0.4248132109642029,0.4014567732810974,0.4248132109642029,0.45992836356163025,0.6004333198070526,0.7004438042640686,0.6475663781166077,0.6004333198070526,0.2792156310729733,0.9441880692135204,0.047544661938306004,0.04195375520485858,0.4229043443513999
441,14.7,72.0294353549614,92.0019270413423,0.42529386281967163,0.40925645057612914,7.277869006624769,0.42529386281967163,0.40126878023147583,0.42529386281967163,0.45988166332244873,0.6006829142570496,0.7004405558109283,0.6452938914299011,0.6006829142570496,0.28092743231715367,0.9445362976103118,0.04028637349012212,0.03769121061488348,0.41224944179682216
442,14.733333333333333,73.19124990411119,92.3536718410923,0.42510342597961426,0.40874131711028594,7.806681785643889,0.42510342597961426,0.40251511335372925,0.42510342597961426,0.4599836766719818,0.6006738245487213,0.7004654407501221,0.643157571554184,0.6006738245487213,0.28144609871257004,0.9447959878227927,0.04009733462890775,0.040213295251797954,0.41864725541151226
443,14.766666666666667,73.78858089870194,93.57791084055538,0.4251539707183838,0.406799108009812,7.674257826456454,0.4251539707183838,0.4025328755378723,0.4251539707183838,0.46025940775871277,0.6007587313652039,0.7006546854972839,0.6425980627536774,0.6007587313652039,0.2829402191049582,0.9447406151077964,0.03773126357879371,0.038357419114023565,0.4212559396219822
444,14.8,73.15045890491267,92.04307116898256,0.42526495456695557,0.39950920787064315,7.562006479297281,0.42526495456695557,0.40245628356933594,0.42526495456695557,0.4601999819278717,0.6010909974575043,0.7006407380104065,0.6419570744037628,0.6010909974575043,0.28310235124062133,0.9452542716806586,0.029213377441498267,0.030020420361799038,0.4151554515930754
445,14.833333333333334,72.03777866133728,94.82086235351461,0.4252937436103821,0.39847152611294795,7.472993337183198,0.4252937436103821,0.40239566564559937,0.4252937436103821,0.4601704776287079,0.6014010906219482,0.7007166147232056,0.6413490772247314,0.6014010906219482,0.29298956055493475,0.9460616671677792,0.021255925609468426,0.02213475456460856,0.4065866591347143
446,14.866666666666667,70.77606108285764,95.39186411155913,0.4251857399940491,0.3961080430824325,7.699161983772285,0.4251857399940491,0.40190380811691284,0.4251857399940491,0.46018698811531067,0.6013951003551483,0.700762152671814,0.6404524445533752,0.6013951003551483,0.28786658251914393,0.9468162312652125,0.022613340624655334,0.01941062136031674,0.3999843415366057
447,14.9,71.70235545870712,96.18043038556681,0.42507845163345337,0.3955647616156708,8.044910419297622,0.42507845163345337,0.40171360969543457,0.42507845163345337,0.46016544103622437,0.6012636721134186,0.7007643580436707,0.6396409571170807,0.6012636721134186,0.27982151126347377,0.9471684477545999,0.02431259625138909,0.02002504558123821,0.40564019809045626
448,14.933333333333334,73.96982238430533,95.54721737621175,0.42429083585739136,0.3983391677670915,8.07337546180645,0.42429083585739136,0.40158361196517944,0.42429083585739136,0.4599034786224365,0.6013726592063904,0.7011818587779999,0.6396156251430511,0.6013726592063904,0.27362893215649087,0.9471532594073903,0.025921849168844144,0.021070414131965223,0.4187200124412384
449,14.966666666666667,74.23483251713728,94.4494350284451,0.42385149002075195,0.4021344386641924,8.243937900367172,0.42385149002075195,0.4009958505630493,0.42385149002075195,0.45955321192741394,0.6013446152210236,0.7013949155807495,0.6387917101383209,0.6013446152210236,0.27493705297184556,0.9468362403638435,0.03636740269168416,0.0313682606109163,0.4233259570138235
450,15.0,76.40326707374541,93.95290108557901,0.4236387014389038,0.4095203063025295,8.593194270587588,0.4236387014389038,0.4004671573638916,0.4236387014389038,0.4589965045452118,0.6012428998947144,0.7014621198177338,0.6379410326480865,0.6012428998947144,0.2724827441964137,0.9467159292914651,0.049449526479949324,0.04469013925464948,0.439297452798126
451,15.033333333333333,77.04312739151699,89.18532187062242,0.423234224319458,0.41235910317473856,8.05397363809169,0.423234224319458,0.39976757764816284,0.423234224319458,0.45826256275177,0.6012576818466187,0.7013603150844574,0.6353281140327454,0.6012576818466187,0.272227870051639,0.9468388521310055,0.06556314675285675,0.06236788118343095,0.44768631842317363
452,15.066666666666666,76.77708417958397,88.81501847979582,0.4232591986656189,0.41440372046552537,8.113653226615412,0.4232591986656189,0.3984867334365845,0.4232591986656189,0.45763468742370605,0.6017707586288452,0.7017958462238312,0.6323293149471283,0.6017707586288452,0.2728970879067856,0.9466863744186632,0.1734521158878481,0.07570559178430437,0.4785749913195987
453,15.1,86.8989118079531,85.23083644889874,0.42551589012145996,0.41804646702292697,9.11600852338833,0.42551589012145996,0.398080050945282,0.42551589012145996,0.4566224217414856,0.6033131778240204,0.7022572159767151,0.6296885907649994,0.6033131778240204,0.2840162741773447,0.9457834290735649,0.22862871781001803,0.09063065129760799,0.5513603476094115
454,15.133333333333333,88.4685009947115,79.80263550021898,0.44421350955963135,0.4149912961234651,8.4964311727054,0.44421350955963135,0.3983007073402405,0.44421350955963135,0.4558910131454468,0.6043626368045807,0.702358067035675,0.6268276572227478,0.6043626368045807,0.27517420249177854,0.9447827953280825,0.26463116841666257,0.10694693728985996,0.5708810227178405
455,15.166666666666666,103.66644157804788,75.99752943345585,0.453718364238739,0.41249943469710004,8.092059544421943,0.453718364238739,0.39981698989868164,0.453718364238739,0.4554326832294464,0.6041153073310852,0.7029544115066528,0.623492568731308,0.6041153073310852,0.2791059886931878,0.9442549781365828,0.2806814536336489,0.12267721546935816,0.660129111523694
456,15.2,116.48611177482637,63.388325509318435,0.4605240225791931,0.40698019905878285,7.559724853366561,0.4605240225791931,0.40158677101135254,0.4605240225791931,0.4546157717704773,0.604271411895752,0.7029172778129578,0.6181625127792358,0.604271411895752,0.2548603063312299,0.9442664655772123,0.3089322926395748,0.14589107336722545,0.7575495056337219
457,15.233333333333333,124.22941549186521,62.84188017816821,0.4599849581718445,0.4166254241855056,4.172823989720115,0.4599849581718445,0.4052032232284546,0.4599849581718445,0.4543328583240509,0.6038486063480377,0.7030439376831055,0.6125142276287079,0.6038486063480377,0.2707544469957178,0.9455079923976552,0.26297245569140704,0.18032734957361915,0.786011455650054
458,15.266666666666667,122.66074590180827,80.71913162047412,0.45563018321990967,0.43233886330084265,3.9144138433422597,0.45563018321990967,0.4063248038291931,0.45563018321990967,0.45424413681030273,0.6039019227027893,0.7028922736644745,0.6055872738361359,0.6039019227027893,0.28735973948641635,0.9445120349074855,0.2748408913138494,0.21840661237954787,0.7680589949663549
459,15.3,117.83664500654224,91.19613538101044,0.4485384225845337,0.4294420908681765,4.028413267816745,0.4485384225845337,0.40596193075180054,0.4485384225845337,0.4539622366428375,0.6048067808151245,0.7026640176773071,0.596847265958786,0.6048067808151245,0.2948218861926752,0.9416575865312056,0.2790570410753245,0.23520039486343453,0.7383651401367209
460,15.333333333333334,95.88537641251722,64.37787248485945,0.44137465953826904,0.41484821931433946,2.838901357595887,0.44137465953826904,0.4055789113044739,0.44137465953826904,0.45409297943115234,0.604753166437149,0.7022555470466614,0.5871566236019135,0.604753166437149,0.2661611364900426,0.9414770621241946,0.2857355408584657,0.23002337269848083,0.6184171978826354
461,15.366666666666667,89.88191479419561,67.57678363966369,0.4366756081581116,0.40992105004845,3.894309443691327,0.4366756081581116,0.40554624795913696,0.4366756081581116,0.4540369510650635,0.6056643128395081,0.7020367980003357,0.5790765285491943,0.6056643128395081,0.2811507503284314,0.9414266998117621,0.27137923679936504,0.21360090040710766,0.580757742118674
462,15.4,86.8246016505709,67.31764809144046,0.4318782091140747,0.4026815949156601,3.237223368030868,0.4318782091140747,0.40511929988861084,0.4318782091140747,0.4537973999977112,0.6056075990200043,0.7021404206752777,0.5742756128311157,0.6056075990200043,0.27916707204895347,0.9439623879663872,0.26955394945005406,0.20031815220656574,0.5632250828937434
463,15.433333333333334,96.13870247878786,63.856210049543584,0.42788082361221313,0.40473435619829123,5.799283592973893,0.42788082361221313,0.4048125743865967,0.42788082361221313,0.45190805196762085,0.6057451367378235,0.7026033997535706,0.5700877904891968,0.6057451367378235,0.25227926047376525,0.9451883706179532,0.32191128227091154,0.1852446446628741,0.630677287341206
464,15.466666666666667,107.11670191261088,55.88012304574075,0.41911906003952026,0.3929425796541036,4.26732803975645,0.41911906003952026,0.40379828214645386,0.41911906003952026,0.45044437050819397,0.6059610247612,0.7030302882194519,0.5635184049606323,0.6059610247612,0.20589270527343032,0.9453577327005791,0.33576263207396173,0.1842383314869109,0.6958215780255823
465,15.5,94.65652205458609,61.735975592284895,0.3996206521987915,0.3924072940113325,2.423376764908909,0.3996206521987915,0.40258800983428955,0.40258800983428955,0.4488658905029297,0.6061155498027802,0.7031996250152588,0.5563415288925171,0.6061155498027802,0.20173009830618366,0.9465487725806959,0.33831264424965235,0.19345477802516944,0.6273633602448184
466,15.533333333333333,67.22858065475444,62.51412585474677,0.3910839557647705,0.35618556698366965,1.8029888742609899,0.3910839557647705,0.4014650583267212,0.4014650583267212,0.4475748836994171,0.6067778170108795,0.7028599381446838,0.5484055280685425,0.6067778170108795,0.19205479473479467,0.9439445914644183,0.40872980993718105,0.22128175548089596,0.49349211474863575
467,15.566666666666666,51.56920899674437,97.34131523913453,0.3868604302406311,0.30753096310755634,2.6140324968447715,0.3868604302406311,0.3996778130531311,0.3996778130531311,0.4450225532054901,0.6092245280742645,0.7020822465419769,0.5425595641136169,0.6092245280742645,0.17167070962289352,0.9364567507397045,0.3827614558404849,0.22015954575426838,0.40132404228961416
468,15.6,57.21055009697749,64.34774733624891,0.37125664949417114,0.31748054842165513,6.576661520927928,0.37125664949417114,0.3958468437194824,0.3958468437194824,0.4422282576560974,0.6130013167858124,0.7005608081817627,0.5345803499221802,0.6130013167858124,0.20718407136823982,0.9382086649085536,0.304531409701122,0.21308954092907928,0.40919581233798935
469,15.633333333333333,47.959487815798425,58.102472924112924,0.37436336278915405,0.28947077612499167,12.171043423052453,0.37436336278915405,0.3928428292274475,0.3928428292274475,0.4400582015514374,0.6155640184879303,0.700544148683548,0.5287312269210815,0.6155640184879303,0.14448797971850258,0.9377688729401791,0.2629809609980579,0.19151923557931266,0.3453358872760753
470,15.666666666666666,52.30968124261913,55.13110207495512,0.36779844760894775,0.2822294004171185,15.085206747781086,0.36779844760894775,0.3906339406967163,0.3906339406967163,0.43666526675224304,0.6199468672275543,0.7003021836280823,0.5246332883834839,0.6199468672275543,0.17038197265064697,0.93715936126131,0.25239847717118385,0.18478239824572357,0.3663288833881281
471,15.7,57.5512795792046,45.41329027633129,0.37041836977005005,0.2602932004498925,15.034135372825489,0.37041836977005005,0.389418363571167,0.389418363571167,0.43475982546806335,0.6218361258506775,0.6966385543346405,0.5206944048404694,0.6218361258506775,0.1198151431078083,0.937426922899304,0.18126201060158723,0.16220546917770526,0.3741079341760573
472,15.733333333333333,58.06778724485685,55.4078717306942,0.3684682250022888,0.26287940744504457,12.273052164568753,0.3684682250022888,0.3904355764389038,0.3904355764389038,0.43330174684524536,0.6206913888454437,0.69423708319664,0.515607088804245,0.6206913888454437,0.16555820770636717,0.9386045228351246,0.16789980948714114,0.1509338178778798,0.37296876087312486
473,15.766666666666667,54.06120807498002,52.70336197572828,0.36590713262557983,0.25242299445473737,9.527166112560792,0.36590713262557983,0.3914719223976135,0.3914719223976135,0.43252304196357727,0.6209580302238464,0.6945723593235016,0.5105490237474442,0.6209580302238464,0.1960815355082988,0.9404318730036417,0.12870471438952077,0.12137020557392042,0.33895145917785635
474,15.8,51.86566487283837,52.53960304442639,0.3665546774864197,0.2546776698583879,7.3813622683455264,0.3665546774864197,0.39195674657821655,0.39195674657821655,0.4321381747722626,0.6221457123756409,0.6944117248058319,0.5062010288238525,0.6221457123756409,0.20475857350924853,0.9434293183413419,0.11604873376662445,0.11002511530555087,0.3229572027568672
475,15.833333333333334,70.59778637162083,132.5830371414153,0.3672761917114258,0.24436668104210116,4.65871475623851,0.3672761917114258,0.3926224112510681,0.3926224112510681,0.43226659297943115,0.6226108074188232,0.6919889748096466,0.5052341371774673,0.6226108074188232,0.3063565782031334,0.9465116316621954,0.12190316849134537,0.11687417459574037,0.428780874834186
476,15.866666666666667,56.43928830331956,80.63734131953312,0.36819911003112793,0.2234905510711494,3.558056172670348,0.36819911003112793,0.392971932888031,0.392971932888031,0.43253013491630554,0.6222650706768036,0.6894209980964661,0.5027806907892227,0.6222650706768036,0.22860197028678955,0.9482625072652643,0.11876577768067718,0.11739825850644844,0.3491813349893118
477,15.9,53.400164042039336,42.27292774048113,0.36928391456604004,0.24828870728858587,0.03267246041272642,0.36928391456604004,0.3931125998497009,0.3931125998497009,0.4357176125049591,0.6217103004455566,0.6950852870941162,0.49644891917705536,0.6217103004455566,0.19516809453207637,0.9496379928155378,0.14975745414441172,0.10937788314847217,0.34159481425465316
478,15.933333333333334,48.049660690483385,52.179339835344926,0.370294988155365,0.25340872040884127,1.7588568304533112,0.370294988155365,0.39330118894577026,0.39330118894577026,0.4393310844898224,0.6206699311733246,0.6975982189178467,0.49140261113643646,0.6206699311733246,0.17756471749978756,0.9513448639349504,0.1715836744871154,0.1128355437576792,0.31841766173770897
479,15.966666666666667,54.516256443062844,59.122331662486836,0.3793987035751343,0.21326981565324768,1.3087336298705168,0.3793987035751343,0.39342355728149414,0.39342355728149414,0.44306057691574097,0.6194398999214172,0.7026197016239166,0.4884803742170334,0.6194398999214172,0.15276418618250479,0.953315379041614,0.22440694502405273,0.13678253785539124,0.37019017485756495
480,16.0,55.95846542786035,45.81695469109841,0.3840625286102295,0.1995193764914189,0.00885452716389068,0.3840625286102295,0.3934476375579834,0.3934476375579834,0.4452802836894989,0.6184371113777161,0.7032970786094666,0.4871710538864136,0.6184371113777161,0.2529849853453048,0.9540883266564572,0.29963762965135127,0.1900656506397592,0.4007716523835184
481,16.033333333333335,59.89647862028103,42.9343641972381,0.3934985399246216,0.20882459713375198,2.4985146961834914,0.3934985399246216,0.39365845918655396,0.39365845918655396,0.44609150290489197,0.6190285682678223,0.6984322965145111,0.4807292968034744,0.6190285682678223,0.2120604279797115,0.9541374155969331,0.4917471663325768,0.2633048974975972,0.45275821455711684
482,16.066666666666666,57.22729574360864,54.13257587857441,0.4048537611961365,0.26562550764380033,3.711082464110092,0.4048537611961365,0.39612525701522827,0.4048537611961365,0.44660720229148865,0.620260626077652,0.6984813809394836,0.46554264426231384,0.620260626077652,0.12302118646283441,0.9537470431038828,0.5470371538091043,0.3566999536068705,0.43792942079782576
483,16.1,127.48131403795344,57.670800542502434,0.4377176761627197,0.19064931140408928,3.312755923086854,0.4377176761627197,0.4036915898323059,0.4377176761627197,0.44793564081192017,0.6198805868625641,0.6984220743179321,0.44818782806396484,0.6198805868625641,0.19894146752322317,0.9503831520225062,0.5802506053828896,0.41029735269473366,0.8282295224330747
484,16.133333333333333,152.3597719701237,38.95897992433247,0.43647128343582153,0.16829921219002336,4.142141985307319,0.43647128343582153,0.4127291440963745,0.43647128343582153,0.44912081956863403,0.6201246082782745,0.6984512507915497,0.4294530153274536,0.6201246082782745,0.32913864780388086,0.9484542048338688,0.5683440287953091,0.39704983979966857,0.9664431776117982
485,16.166666666666668,141.33021009035303,30.03597434234507,0.432714581489563,0.16353806056337608,5.262900273169805,0.432714581489563,0.4206772446632385,0.432714581489563,0.45331794023513794,0.6158402562141418,0.6970327794551849,0.4197769910097122,0.6158402562141418,0.3141051652020758,0.9454903729034193,0.4771929580474839,0.32384936199591513,0.9051678338352946
486,16.2,157.51882956746374,38.43177564493956,0.442078173160553,0.1458288170227423,6.962666558034243,0.442078173160553,0.4174116849899292,0.442078173160553,0.45576566457748413,0.6117531061172485,0.6955000460147858,0.4185725152492523,0.6117531061172485,0.20411443997920944,0.9425758033087759,0.3857287624406873,0.25579189545671865,0.9908232374403381
487,16.233333333333334,149.00401094490525,122.6650106947665,0.4451481103897095,0.177600003606846,9.185133157819592,0.4451481103897095,0.41780251264572144,0.4451481103897095,0.45737460255622864,0.6096490621566772,0.6958609223365784,0.41638319194316864,0.6096490621566772,0.0344289791220481,0.9402139493913362,0.43716903499381526,0.18987493305405245,0.9478000608050291
488,16.266666666666666,41.15540350647957,88.9519284947739,0.4240674376487732,0.134600073028158,5.040122868871151,0.4240674376487732,0.41481488943099976,0.4240674376487732,0.4564126431941986,0.6093935370445251,0.694402664899826,0.4223938286304474,0.6093935370445251,0.0782770803419601,0.9317939046657446,0.4000009031871272,0.14884439214621714,0.3486411305915532
489,16.3,69.38423676363209,140.3824411466901,0.39781850576400757,0.10930077234235393,4.018855752336123,0.39781850576400757,0.4135379195213318,0.4135379195213318,0.4560956656932831,0.6104287803173065,0.691349983215332,0.43007461726665497,0.6104287803173065,0.05036232739485341,0.9237665606267524,0.5478903713667137,0.14183495147551922,0.5054679820201783
490,16.333333333333332,51.667600176399134,92.45365489903031,0.3998819589614868,0.19553621911586855,5.531416996562598,0.3998819589614868,0.41338223218917847,0.41338223218917847,0.45328107476234436,0.6112998127937317,0.6945340037345886,0.4337155669927597,0.6112998127937317,0.08755167118243154,0.9160019538619302,0.6128206869172386,0.21601071654390847,0.4070422232022174
491,16.366666666666667,138.15778356493823,56.67260360732449,0.4338352680206299,0.3240634738140572,5.210915124862709,0.4338352680206299,0.410733699798584,0.4338352680206299,0.452991247177124,0.6118768155574799,0.7007720172405243,0.4367539584636688,0.6118768155574799,0.2018107392589091,0.9141207554123618,0.5035667439620943,0.1967980381139337,0.8875432420274346
492,16.4,92.85170079249936,55.57461511572576,0.433113694190979,0.23586278324277057,4.746745838397601,0.433113694190979,0.3999934792518616,0.433113694190979,0.4466811418533325,0.616848349571228,0.7068641781806946,0.45132845640182495,0.616848349571228,0.32784019343830917,0.9119997945698824,0.4785416269625062,0.29775898515995736,0.635842782180552
493,16.433333333333334,144.53074779098358,24.60091233701733,0.4294653534889221,0.3114892578560995,6.230991020370084,0.4294653534889221,0.38817667961120605,0.4294653534889221,0.44602200388908386,0.6195780038833618,0.7007412910461426,0.4520120620727539,0.6195780038833618,0.5630801809763613,0.9160635525530035,0.50532381638842,0.2903770905937403,0.9229485988387977
494,16.466666666666665,136.05232888272846,42.45640021991033,0.4269167184829712,0.2642952669590949,3.267186378376067,0.4269167184829712,0.39032405614852905,0.4269167184829712,0.44515788555145264,0.6281379759311676,0.6933811604976654,0.42897385358810425,0.6281379759311676,0.5131346457416973,0.9214630072767084,0.40644860511308506,0.2789574528131443,0.8758462715707137
495,16.5,133.98885829823305,26.217664507687974,0.41855359077453613,0.3732149360778067,1.7175542272764233,0.41855359077453613,0.3922913074493408,0.41855359077453613,0.4434147775173187,0.6269302070140839,0.6875822246074677,0.431178018450737,0.6269302070140839,0.6530165327726644,0.9277211806990884,0.4276536636547909,0.25211634145347506,0.8643825461012947
496,16.533333333333335,92.3346693160579,51.16014956370153,0.40096229314804077,0.2853561074178135,2.06759390055214,0.40096229314804077,0.39349180459976196,0.40096229314804077,0.4417477548122406,0.6278042495250702,0.6852216422557831,0.43037131428718567,0.6278042495250702,0.36869492270516985,0.9268175742842935,0.48930847710925496,0.3170211005426853,0.6329703850892106
497,16.566666666666666,78.75504492609961,29.18261145122709,0.38649845123291016,0.3488482234088511,2.703597260826541,0.38649845123291016,0.39375001192092896,0.39375001192092896,0.4393138587474823,0.6278084218502045,0.6881994009017944,0.419445738196373,0.6278084218502045,0.27656620022870654,0.9243368596741648,0.49272044826262534,0.1992530741905145,0.5575280273672201
498,16.6,89.16141842817444,61.82840282029005,0.38207143545150757,0.47903106438339127,112.62234322388277,0.38207143545150757,0.39237266778945923,0.39237266778945923,0.4432036876678467,0.6246843338012695,0.6907445192337036,0.4061771482229233,0.6246843338012695,0.23758219699001895,0.9068397951848579,0.5298856379735278,0.19844158809080648,0.6153412134898579
499,16.633333333333333,130.70623994409019,51.433358283923724,0.3583263158798218,0.31976464806195953,12.036901693577192,0.3583263158798218,0.3925037980079651,0.3925037980079651,0.44156357645988464,0.6197462975978851,0.6972175240516663,0.40650731325149536,0.6197462975978851,0.2634073687140162,0.910367463574265,0.4678929423125652,0.22124661960877368,0.8461457774671677
500,16.666666666666668,146.33753368733758,54.521156053960105,0.3731685280799866,0.42195411540356065,7.302490363604079,0.3731685280799866,0.39387279748916626,0.39387279748916626,0.4419788122177124,0.6173725426197052,0.7047766447067261,0.40636318922042847,0.6173725426197052,0.3811390265982637,0.9129328474853978,0.4460561032842474,0.23356386795632936,0.9329862982629865
501,16.7,146.15983559411592,53.190080358901504,0.36759257316589355,0.4007009279245112,1.506047990231906,0.36759257316589355,0.393934428691864,0.393934428691864,0.4426199495792389,0.6156319975852966,0.6963385939598083,0.4110400676727295,0.6156319975852966,0.5539817456507216,0.9127758506572607,0.5693716856556583,0.300227521356506,0.9319990866339773
502,16.733333333333334,147.7643344232688,100.48001421989329,0.37494027614593506,0.296200956543924,5.714694186608739,0.37494027614593506,0.3945010304450989,0.3945010304450989,0.4425901174545288,0.6120887994766235,0.6960512399673462,0.42352549731731415,0.6120887994766235,0.29987977071943306,0.9135817758964769,0.5439463120930548,0.3663644512692416,0.9409129690181599
503,16.766666666666666,160.0358280801193,80.0853186460099,0.39907193183898926,0.36713587825441696,5.457025377235823,0.39907193183898926,0.3986266851425171,0.39907193183898926,0.4438520669937134,0.6108735799789429,0.6945206820964813,0.44823765754699707,0.6108735799789429,0.371977193591175,0.918413752859289,0.5310140182018586,0.4054598416724779,1.0090879337784404
504,16.8,154.15899929921625,81.15877166752841,0.41029423475265503,0.20537632115449697,2.4120538197408905,0.41029423475265503,0.4104169011116028,0.4104169011116028,0.444976806640625,0.6115113794803619,0.6938944756984711,0.4641968011856079,0.6115113794803619,0.3439610079169683,0.9227707223458723,0.5887230219039818,0.4217535945249422,0.9764388849956458
505,16.833333333333332,50.123879836003866,92.50138826778128,0.4195334315299988,0.08149064351831967,7.564152304727713,0.4195334315299988,0.42501890659332275,0.42501890659332275,0.44758954644203186,0.6096424162387848,0.6891085803508759,0.47289223968982697,0.6096424162387848,0.33790182629023113,0.9152471441211123,0.5102524832194488,0.37797138225171095,0.39846599908891034
506,16.866666666666667,91.5891771578949,72.61476176903383,0.43551433086395264,0.31505540050520253,3.728916009068172,0.43551433086395264,0.4381009340286255,0.4381009340286255,0.45222461223602295,0.6042294204235077,0.6845633685588837,0.4783767759799957,0.6042294204235077,0.2603216717062726,0.9046112461523577,0.34721929256755485,0.2589737474554861,0.6129945497585714
507,16.9,37.32258871985347,74.07937954592164,0.43412429094314575,0.012532464507780795,4.2121937156626075,0.43412429094314575,0.43503206968307495,0.43503206968307495,0.45833325386047363,0.5985525846481323,0.6831036806106567,0.4781486839056015,0.5985525846481323,0.21363329265889805,0.8966062087001223,0.2684379840275657,0.21111205110902345,0.2878791103185668
508,16.933333333333334,42.92481020646177,50.709237634649504,0.4273201823234558,0.028024242947699503,0.1171260847143003,0.4273201823234558,0.43226808309555054,0.43226808309555054,0.4617098867893219,0.594539225101471,0.6768335998058319,0.4809757024049759,0.594539225101471,0.18245294893184397,0.8981721617958762,0.21655952425813557,0.20199748725407388,0.3034390250911172
509,16.966666666666665,101.41332014974628,54.67542639427044,0.42323368787765503,0.06290977173748478,3.1854827616283785,0.42323368787765503,0.43375396728515625,0.43375396728515625,0.4664422571659088,0.5882211029529572,0.6708517074584961,0.4858747124671936,0.5882211029529572,0.27237304746031094,0.9032027125358582,0.17974783698892238,0.23034262446685502,0.6173316852619338
510,17.0,138.54846150424987,83.4732496104008,0.4233837127685547,0.24021078899771342,5.373786530264141,0.4233837127685547,0.43188029527664185,0.43188029527664185,0.4723179042339325,0.582050085067749,0.6655382215976715,0.48991304636001587,0.582050085067749,0.27519390912972164,0.9061088363329569,0.20280156135757796,0.22034725434177668,0.8305541434308839
511,17.033333333333335,145.0478159714372,60.21331327267964,0.4217560887336731,0.24812728281147675,4.071730400850697,0.4217560887336731,0.43052661418914795,0.43052661418914795,0.47584667801856995,0.5756184160709381,0.655979722738266,0.5005497932434082,0.5756184160709381,0.3181799985873708,0.9139508749499465,0.19814804671181238,0.226218241612496,0.8652656138548614
512,17.066666666666666,127.48992895522612,56.53123420760917,0.4177069067955017,0.28486132007510434,2.6642217260861685,0.4177069067955017,0.42907238006591797,0.42907238006591797,0.47389286756515503,0.5778428614139557,0.6520536839962006,0.5038928836584091,0.5778428614139557,0.4401730018281457,0.9212569883375457,0.22106750344253773,0.2295424057335205,0.7745976341173508
513,17.1,128.16317284159288,66.50435209392411,0.41437387466430664,0.3059234911973104,3.5066009903278825,0.41437387466430664,0.42776167392730713,0.42776167392730713,0.47186368703842163,0.5793634951114655,0.6500680446624756,0.5095807015895844,0.5793634951114655,0.5355482200332516,0.9253523711002234,0.224671702734841,0.22057212461294343,0.7794191377181906
514,17.133333333333333,133.3512216968239,93.88838232871805,0.40878164768218994,0.3263058262559648,32.77965637166179,0.40878164768218994,0.4247094392776489,0.4247094392776489,0.473426878452301,0.5799353718757629,0.6498996615409851,0.5181105136871338,0.5799353718757629,0.45193433060007704,0.9220309058825175,0.20757781731055447,0.20811956091888645,0.8031134657310769
515,17.166666666666668,90.70829442992131,101.75217850226136,0.40691596269607544,0.39787999990516054,8.151501052695238,0.40691596269607544,0.42150479555130005,0.42150479555130005,0.46957167983055115,0.583998292684555,0.6530649065971375,0.5223608911037445,0.583998292684555,0.34469399691211033,0.9097015099091963,0.2981690193286025,0.2259141668239759,0.5933856748536991
516,17.2,78.34657937131838,124.38535251515712,0.4030917286872864,0.3895573293723218,44.353612785905625,0.4030917286872864,0.42417365312576294,0.42417365312576294,0.46346035599708557,0.5916957259178162,0.6644848883152008,0.529286801815033,0.5916957259178162,0.2699840649630861,0.8994306000796232,0.35367374638458166,0.25389069256048963,0.5413608982004766
517,17.233333333333334,118.94906054256109,89.41155912576616,0.3827593922615051,0.5487975971951744,20.425786313148876,0.3827593922615051,0.4331132173538208,0.4331132173538208,0.45778390765190125,0.598626971244812,0.6803314089775085,0.5301212072372437,0.598626971244812,0.18654884128349933,0.8875419334931807,0.4876618353957055,0.21920873271285132,0.7808281141253394
518,17.266666666666666,53.13396715346863,77.66316744221245,0.39714598655700684,0.32031744963860787,56.597642123122455,0.39714598655700684,0.41213250160217285,0.41213250160217285,0.4513944685459137,0.6068291366100311,0.6841665804386139,0.523485392332077,0.6068291366100311,0.2163766258419088,0.8782830473148462,0.4767430977654233,0.2015882424714405,0.4151887064081591
519,17.3,134.5812651459068,87.0833241805504,0.429646372795105,0.6993252882955341,42.49963870186434,0.429646372795105,0.408078134059906,0.429646372795105,0.44914278388023376,0.609212726354599,0.6901422142982483,0.5220769047737122,0.609212726354599,0.2805952114771423,0.8750331582445087,0.46181724318832773,0.16096137157503304,0.8676736952550378
520,17.333333333333332,129.1607924541207,104.74444935307258,0.4321225881576538,0.6184725546796499,49.38759830510287,0.4321225881576538,0.3949679136276245,0.4321225881576538,0.44783228635787964,0.6118261218070984,0.6979154646396637,0.5234304964542389,0.6118261218070984,0.24544485808061264,0.8733126882350806,0.6226856758138295,0.14378958687283566,0.8375599580784483
521,17.366666666666667,134.52297487171205,65.36905751208873,0.4371735453605652,0.5524417792355183,23.38717786992919,0.4371735453605652,0.38480013608932495,0.4371735453605652,0.44889339804649353,0.6088370382785797,0.6976242065429688,0.525407075881958,0.6088370382785797,0.27525621686499446,0.8703877971027837,0.6187438431019388,0.10207563632981292,0.8673498603984002
522,17.4,107.82030268570921,47.486982201538204,0.3901374936103821,0.45763904344826956,1.676907914836562,0.3901374936103821,0.40481895208358765,0.40481895208358765,0.4395301640033722,0.6111201643943787,0.6993721723556519,0.521978348493576,0.6111201643943787,0.22085676726643344,0.8597511640100768,0.4681826480115492,0.11308355210086629,0.7190016815872734
523,17.433333333333334,104.7453881553774,39.562864667284636,0.3750661611557007,0.252333334702586,1.8319990044773533,0.3750661611557007,0.3814411163330078,0.3814411163330078,0.4296850860118866,0.6141971945762634,0.7006706595420837,0.5201135277748108,0.6141971945762634,0.2933869409532981,0.8564999320290305,0.5041963500097577,0.10984910968743795,0.70191882308543
524,17.466666666666665,104.00812252651359,37.318645206835974,0.38157445192337036,0.3495402419314313,0.7459470835044328,0.38157445192337036,0.39124447107315063,0.39124447107315063,0.42845720052719116,0.6170666515827179,0.7005414068698883,0.5165140181779861,0.6170666515827179,0.29599954988203614,0.8531061212221781,0.6091892445016441,0.18894096550589895,0.6978229029250755
525,17.5,142.65206792755063,46.785567075116454,0.3903312087059021,0.18053818871408828,0.635526296005338,0.3903312087059021,0.3904610276222229,0.3904610276222229,0.432923287153244,0.619209498167038,0.7028682827949524,0.5154241919517517,0.619209498167038,0.29273210042305164,0.854024841929927,0.34683452412673704,0.1898748289911084,0.8965618457244136
526,17.533333333333335,116.55766256025358,63.277194553746334,0.4060559868812561,0.39521252098877413,46.830116700374845,0.4060559868812561,0.4091174602508545,0.4091174602508545,0.4390007555484772,0.620911717414856,0.7047929763793945,0.532103031873703,0.620911717414856,0.33381593733098774,0.8503852486610413,0.336415445797706,0.2383577866221284,0.7484672035184984
527,17.566666666666666,97.84908574035154,60.88471831744612,0.40665411949157715,0.6880845640055054,4.494470208356319,0.40665411949157715,0.4164659380912781,0.4164659380912781,0.45026615262031555,0.6182976365089417,0.7050489485263824,0.5354856252670288,0.6182976365089417,0.32458978916470393,0.848023101235881,0.38612204192541655,0.29800004514776285,0.6594426444684669
528,17.6,62.19468893504877,84.9430974676234,0.39944934844970703,0.6785820216526534,3.6101803263092904,0.39944934844970703,0.4217606782913208,0.4217606782913208,0.4530164897441864,0.6210179924964905,0.7057766318321228,0.5468428730964661,0.6210179924964905,0.3963838573353254,0.8424087582212506,0.4482939966512963,0.39953020499014097,0.46552604963915983
529,17.633333333333333,72.41415025026676,74.84136615414836,0.3934122323989868,0.47363990632203146,4.057585591301688,0.3934122323989868,0.40507709980010986,0.40507709980010986,0.4530788064002991,0.6201290786266327,0.7002155184745789,0.5613593459129333,0.6201290786266327,0.42013277860345183,0.8431040689800725,0.48752565116427304,0.4752431012445158,0.5223008347237041
530,17.666666666666668,68.28084654893394,83.74184543257003,0.39354580640792847,0.489464520652516,3.963172568339502,0.39354580640792847,0.41524654626846313,0.41524654626846313,0.45347246527671814,0.6178078055381775,0.7002558708190918,0.58054518699646,0.6178078055381775,0.3084107710206441,0.8463399870829149,0.6140551628010054,0.5967281778734325,0.4993380363829663
531,17.7,74.54289120640553,108.25202293920863,0.391315758228302,0.40052637785950695,26.12591637548141,0.391315758228302,0.4068167805671692,0.4068167805671692,0.4528040587902069,0.6171457469463348,0.6997097134590149,0.6099220216274261,0.6171457469463348,0.30577142579042277,0.844242664900693,0.6098756953681866,0.6045188256527038,0.5341271733689196
532,17.733333333333334,95.99968238364846,123.46106200017046,0.39153575897216797,0.35806586673702834,168.47515405164756,0.39153575897216797,0.41229408979415894,0.41229408979415894,0.45229458808898926,0.6172306835651398,0.703134149312973,0.6344443559646606,0.6172306835651398,0.28998298421807917,0.8462844743873134,0.5578192792325358,0.5595798042826099,0.653331568798047
533,17.766666666666666,128.24489889321464,123.87190240559997,0.39189571142196655,0.29093221954551873,3.561620544162821,0.39189571142196655,0.41811656951904297,0.41811656951904297,0.4496040940284729,0.619657039642334,0.6982600688934326,0.6471924483776093,0.619657039642334,0.4192222526481513,0.8531601117415861,0.467448382911341,0.4683002767684157,0.8324716605178591
534,17.8,117.27304903780484,71.8409827828984,0.3919832110404968,0.15708870317521342,0.6360782680512216,0.3919832110404968,0.4252532124519348,0.4252532124519348,0.4479212462902069,0.6200062036514282,0.6967108845710754,0.6542376279830933,0.6200062036514282,0.4376911783854206,0.8609641817483035,0.30931865969107986,0.3102560668909618,0.7443125370062397
535,17.833333333333332,125.537086690766,72.29254326160876,0.3923434615135193,0.27998983084381607,1.5466759184525927,0.3923434615135193,0.43021875619888306,0.43021875619888306,0.44713830947875977,0.6198300719261169,0.7024043500423431,0.6583463549613953,0.6198300719261169,0.36080777104434775,0.867325942624699,0.17806657909207052,0.18271497541075096,0.7508482331207657
536,17.866666666666667,134.6064125022241,60.55513760738291,0.3915914297103882,0.2675800875013564,1.780995964525232,0.3915914297103882,0.43283289670944214,0.43283289670944214,0.44712117314338684,0.619406670331955,0.7008451223373413,0.66136035323143,0.619406670331955,0.31006840684277753,0.8736790256066755,0.10561152785927329,0.12377307179032934,0.7794968611479158
537,17.9,138.31774164314825,63.26410272081684,0.3917202949523926,0.26258765493338765,1.3118685419345297,0.3917202949523926,0.43293851613998413,0.43293851613998413,0.44807854294776917,0.6174911558628082,0.6959175765514374,0.6640051901340485,0.6174911558628082,0.3722498506234218,0.8807499372597897,0.07701391803266702,0.09993461147772911,0.7915360734272905
538,17.933333333333334,142.33861986388592,61.30263658525506,0.39225059747695923,0.24994126065536637,3.3809136357491525,0.39225059747695923,0.42995595932006836,0.42995595932006836,0.4506013095378876,0.6143661439418793,0.6944848001003265,0.6644265651702881,0.6143661439418793,0.3666093410185791,0.8878468040264014,0.0713853096281828,0.09213234650713477,0.8121857032433767
539,17.966666666666665,140.4245384730324,61.33753940756661,0.39452993869781494,0.28567829815937457,1.4829956274212748,0.39452993869781494,0.42531150579452515,0.42531150579452515,0.4528181850910187,0.6112854778766632,0.6971910893917084,0.6644493043422699,0.6112854778766632,0.3682245060385768,0.8936632383953441,0.07155446199339809,0.0933448173229301,0.8016026634481994
540,18.0,133.63024018667082,70.75927669987333,0.3973656892776489,0.25262573790843584,0.20100113173742784,0.3973656892776489,0.41779863834381104,0.41779863834381104,0.4551634192466736,0.6088778972625732,0.7017900049686432,0.6659024357795715,0.6088778972625732,0.2532604640275954,0.8977166603912007,0.0741840440575035,0.07863697373518673,0.7646454364765334
541,18.033333333333335,112.47240322346968,68.33017990451985,0.39953404664993286,0.22176970847057423,0.5437525014685889,0.39953404664993286,0.41480177640914917,0.41480177640914917,0.4576759934425354,0.606551855802536,0.7055205404758453,0.6681660413742065,0.606551855802536,0.21399707885956326,0.9018766338174994,0.09171433805238152,0.07971915568370144,0.652360985990546
542,18.066666666666666,125.15058959449392,79.66629334679621,0.40254873037338257,0.22176528160330009,1.6816275409412924,0.40254873037338257,0.4069535732269287,0.4069535732269287,0.4594012200832367,0.6060758531093597,0.7067233622074127,0.6688267588615417,0.6060758531093597,0.16211530966928764,0.904280606544379,0.11454606950842211,0.07094547643516765,0.7296448741552707
543,18.1,129.4517782219187,66.80802881027398,0.40390872955322266,0.187502222529556,2.808324516008838,0.40390872955322266,0.4010707139968872,0.40390872955322266,0.45898810029029846,0.6061744689941406,0.7061912417411804,0.67215895652771,0.6061744689941406,0.18276452746859254,0.9098975712602789,0.1130281433495479,0.07019530627164901,0.7530849886821904
544,18.133333333333333,135.27048115675686,79.85847898711198,0.40987831354141235,0.1947491655403224,2.6788101652792875,0.40987831354141235,0.39800524711608887,0.40987831354141235,0.45864877104759216,0.6050648391246796,0.7059954106807709,0.6733371615409851,0.6050648391246796,0.20225634626509364,0.9134022647684271,0.11682536092800509,0.07274335039316013,0.7865502813714952
545,18.166666666666668,133.8263714206272,72.75471248302132,0.4113224148750305,0.1989646270998487,2.8700694480630204,0.4113224148750305,0.38885557651519775,0.4113224148750305,0.45767277479171753,0.6059021353721619,0.7066139578819275,0.6758904755115509,0.6059021353721619,0.19462585463214271,0.9182892658493735,0.112593465052875,0.08265341447258631,0.7772578807415691
546,18.2,130.63588251653906,77.90816103644391,0.4123573303222656,0.20823499635842363,2.2991809265625704,0.4123573303222656,0.3855489492416382,0.4123573303222656,0.4565025568008423,0.6064926385879517,0.7075836658477783,0.67951300740242,0.6064926385879517,0.21854985839231533,0.9215331222071792,0.09649922178458709,0.07688979655063226,0.7547046694050376
547,18.233333333333334,123.9439419196756,80.52748504873733,0.41354459524154663,0.2142415279847103,2.350336696167915,0.41354459524154663,0.3841107487678528,0.41354459524154663,0.4546057879924774,0.6078424453735352,0.7105508744716644,0.6815767884254456,0.6078424453735352,0.1974353287747704,0.9255073124712164,0.06404078163317192,0.0800635467021679,0.7077896895992605
548,18.266666666666666,115.58799701932213,76.94533375542025,0.4134516716003418,0.19855795401130305,2.5009849439661025,0.4134516716003418,0.3814997673034668,0.4134516716003418,0.45287731289863586,0.6100332736968994,0.7125226855278015,0.682488739490509,0.6100332736968994,0.17930144238368076,0.9295109058871414,0.05295685045164667,0.06720316507115776,0.658042594131728
549,18.3,120.32289478671483,109.74611504316132,0.41278618574142456,0.18636148080411705,3.223759512404797,0.41278618574142456,0.3816147446632385,0.41278618574142456,0.4524114429950714,0.6121777296066284,0.7132125794887543,0.6823757886886597,0.6121777296066284,0.08964341861477138,0.9335712989171346,0.034229341328715086,0.04714851163122619,0.6787293289914746
550,18.333333333333332,125.53181245359818,101.25149139282675,0.4118335247039795,0.19707739343023126,2.971788580321032,0.4118335247039795,0.38396739959716797,0.4118335247039795,0.45251747965812683,0.612331360578537,0.7135990262031555,0.6828973293304443,0.612331360578537,0.07703710087964274,0.9377729405056346,0.04333675417500624,0.03667283969854775,0.7103999843280473
551,18.366666666666667,106.79436465254607,100.12144710344587,0.41127312183380127,0.15945949450751615,2.3465712074215332,0.41127312183380127,0.3857195973396301,0.41127312183380127,0.4528563618659973,0.6123944520950317,0.7136835753917694,0.6825755536556244,0.6123944520950317,0.08379630678909764,0.9414531100880016,0.04579011008214698,0.029179677134514373,0.6070390588721223
552,18.4,74.32331948890263,97.35793135192907,0.4074402451515198,0.11962585205505905,2.570291117457998,0.4074402451515198,0.38720810413360596,0.4074402451515198,0.4534103274345398,0.6124871671199799,0.7123994529247284,0.6818614900112152,0.6124871671199799,0.08825748122418428,0.9442471554785064,0.08202992844879967,0.025322315299608336,0.4375163090285434
553,18.433333333333334,60.276322836193295,102.10091631059,0.4067291021347046,0.12451192051057541,2.432445334187804,0.4067291021347046,0.3873852491378784,0.4067291021347046,0.4540608823299408,0.6125985682010651,0.7115100920200348,0.6807428300380707,0.6125985682010651,0.09520181707839978,0.946190306634614,0.10183146117572571,0.032360340015318276,0.3654178985537916
554,18.466666666666665,51.040956939975054,107.33938228414225,0.4001848101615906,0.13574363134022044,2.074524273694067,0.4001848101615906,0.3891182541847229,0.4001848101615906,0.4549069404602051,0.612621396780014,0.7116878628730774,0.6792384684085846,0.612621396780014,0.10390787958495787,0.949405368530389,0.10972682381836558,0.036624666969800476,0.31647891903425995
555,18.5,57.348308239356406,105.32019432753091,0.3961380124092102,0.145937284694073,0.9172441721475479,0.3961380124092102,0.3907787799835205,0.3961380124092102,0.4552619457244873,0.6123320758342743,0.7118788063526154,0.6775463223457336,0.6123320758342743,0.11269516912359542,0.9524935520056522,0.09866524933619247,0.04293831012757801,0.34820128724172666
556,18.533333333333335,56.51590430708986,92.3897718642785,0.39445382356643677,0.1569194676386804,0.03891640743154312,0.39445382356643677,0.39386165142059326,0.39445382356643677,0.45552873611450195,0.6120764017105103,0.711358517408371,0.6765396595001221,0.6120764017105103,0.11928915653514356,0.9552705865917783,0.1055477523173934,0.05100859868796857,0.3456415718457172
557,18.566666666666666,54.16259565660518,98.74087037934325,0.3955022096633911,0.1712566552973162,1.6204793710247998,0.3955022096633911,0.39674288034439087,0.39674288034439087,0.4563930928707123,0.611948698759079,0.7113090455532074,0.6747719347476959,0.611948698759079,0.1276827067463149,0.9580882968324603,0.07362338924248278,0.04922310331480582,0.32299032597610694
558,18.6,55.108666648635165,90.21746338595418,0.3956342339515686,0.1868496225675392,2.1051797417664773,0.3956342339515686,0.3983273506164551,0.3983273506164551,0.45658594369888306,0.6119729280471802,0.7105513215065002,0.6723028123378754,0.6119729280471802,0.1432203024666962,0.9608548211328911,0.059985476940665354,0.051937816104647296,0.32415490224128385
559,18.633333333333333,54.37787253785734,80.29765613778389,0.3963325619697571,0.19969036836038923,2.3009656036289243,0.3963325619697571,0.39838385581970215,0.39838385581970215,0.45664894580841064,0.6119947135448456,0.7098524868488312,0.6710960566997528,0.6119947135448456,0.13927909961591073,0.9630377527439233,0.0651550503622605,0.06150989339161395,0.3216458069856634
560,18.666666666666668,57.2669107684007,75.68322914921855,0.39647674560546875,0.2139422513498842,3.149987037592666,0.39647674560546875,0.39983654022216797,0.39983654022216797,0.45691636204719543,0.6114850342273712,0.708626925945282,0.6689876317977905,0.6114850342273712,0.13812093404095077,0.9650221448956113,0.07427061097343035,0.07147174599307621,0.3404306875609219
561,18.7,61.19223512838731,76.5201433663557,0.39749836921691895,0.20796349972306244,3.258157629528,0.39749836921691895,0.40074992179870605,0.40074992179870605,0.4570343792438507,0.6113943755626678,0.7081519663333893,0.6663552224636078,0.6113943755626678,0.1391058501619138,0.9670045249389879,0.0789350030688718,0.07569051952570047,0.3636373627450355
562,18.733333333333334,58.974753254669686,87.28080222105467,0.39850354194641113,0.20762836886982686,3.0236190432882495,0.39850354194641113,0.4012904167175293,0.4012904167175293,0.4572693705558777,0.6112662255764008,0.7079170346260071,0.6629249751567841,0.6112662255764008,0.14240996631681793,0.968316087217042,0.09791485003806605,0.09597678921082214,0.3570119730929181
563,18.766666666666666,56.9700500166234,79.37931772278476,0.3992183804512024,0.20622586358354517,2.716791838795416,0.3992183804512024,0.40080153942108154,0.40080153942108154,0.4572315812110901,0.611156165599823,0.7081142961978912,0.6597545146942139,0.611156165599823,0.14386295918185868,0.9687516183564158,0.10618906294653598,0.10391809815148803,0.34835699675409076
564,18.8,50.98153792840699,75.33855356406407,0.39930421113967896,0.24108366054499586,1.535275450650687,0.39930421113967896,0.40056371688842773,0.40056371688842773,0.45721232891082764,0.6106215715408325,0.708608090877533,0.6551977694034576,0.6106215715408325,0.16100277016455766,0.9683317614324165,0.1200595633109524,0.11869625606259264,0.3192486352622135
565,18.833333333333332,47.597030297855135,72.06233034247978,0.39933300018310547,0.2524889454544671,1.2446296130512167,0.39933300018310547,0.4005235433578491,0.4005235433578491,0.45703360438346863,0.6105661690235138,0.7086601555347443,0.6517055034637451,0.6105661690235138,0.17147300780788197,0.9663554086829677,0.13721359975269354,0.13498461165557585,0.30559202602500324
566,18.866666666666667,45.935106406718376,84.94315855364403,0.3986704349517822,0.251001709336369,1.1403996733742758,0.3986704349517822,0.3971427083015442,0.3986704349517822,0.456839382648468,0.6107794642448425,0.7083861231803894,0.6466129720211029,0.6107794642448425,0.17605800933475654,0.9640900275923989,0.2701338994579441,0.14408595534261268,0.3362352054302631
567,18.9,49.39048136363511,83.03175922440136,0.39675867557525635,0.23738821849405878,1.418107628112466,0.39675867557525635,0.39558279514312744,0.39675867557525635,0.4568387567996979,0.6110141575336456,0.7083144783973694,0.6404700875282288,0.6110141575336456,0.17817645284678657,0.9621566208926114,0.3645799343862455,0.15983639786367276,0.38376554344717984
568,18.933333333333334,95.63803888246869,85.61872049585202,0.4217257499694824,0.12961072042638316,1.15775486139583,0.4217257499694824,0.39572465419769287,0.4217257499694824,0.4566790759563446,0.6111123263835907,0.7089242339134216,0.635781854391098,0.6111123263835907,0.14550297148658953,0.960999638745279,0.35871914731571103,0.14599555647426815,0.6389381824306505
569,18.966666666666665,53.42642115212328,79.59805272022265,0.402712881565094,0.25019350545795427,2.030160179377731,0.402712881565094,0.3958287835121155,0.402712881565094,0.456469863653183,0.612331360578537,0.7091062963008881,0.6286725401878357,0.612331360578537,0.18140290357811184,0.9570214820630623,0.36478722117196527,0.13665624705958662,0.4062496171967189
570,19.0,45.72962793102973,99.43965018799945,0.40042412281036377,0.27463901164560056,1.7283987522494328,0.40042412281036377,0.39594340324401855,0.40042412281036377,0.4568456709384918,0.6117686927318573,0.7079209387302399,0.6276286244392395,0.6117686927318573,0.20625705208653297,0.9541948889241074,0.3362121727690647,0.11512264195712088,0.3549171403364401
571,19.033333333333335,56.87424447852526,94.61194628317445,0.3953225612640381,0.2803052436122219,3.099336907084563,0.3953225612640381,0.3964737057685852,0.3964737057685852,0.4575573205947876,0.6108869016170502,0.7068762481212616,0.6241997480392456,0.6108869016170502,0.1739411877490177,0.9516771417675596,0.2006474900793849,0.1043742959454268,0.3761622719045114
572,19.066666666666666,50.62398547394944,106.96734991032893,0.39614254236221313,0.2978460055400782,0.20708496437981694,0.39614254236221313,0.3970080614089966,0.3970080614089966,0.4582007825374603,0.6087831556797028,0.7046080231666565,0.6227437853813171,0.6087831556797028,0.17427134738652447,0.9485390836542303,0.09219217145629208,0.07019200810873066,0.3089020151810512
573,19.1,49.037794376376105,102.00739728997364,0.39846235513687134,0.3058878093721045,1.7869436263760576,0.39846235513687134,0.39867109060287476,0.39867109060287476,0.45905476808547974,0.6063568592071533,0.7030708491802216,0.6211592555046082,0.6063568592071533,0.20715887781021333,0.9467396212346626,0.09818147225363996,0.08575817342494155,0.3018866326559593
574,19.133333333333333,46.224099339312204,99.34509000487905,0.40043509006500244,0.31279140542917766,2.2704293674964333,0.40043509006500244,0.40168648958206177,0.40168648958206177,0.4594248831272125,0.6052389442920685,0.7028601169586182,0.6201352477073669,0.6052389442920685,0.19367432962785439,0.9443924860520796,0.0664453555733667,0.07059697444029885,0.2767341585570778
575,19.166666666666668,44.916554620505494,94.64938459789293,0.4006268382072449,0.31810058705368177,2.6295851348779706,0.4006268382072449,0.4032760262489319,0.4032760262489319,0.4600643813610077,0.6038317084312439,0.7015917897224426,0.6166266798973083,0.6038317084312439,0.175466470869569,0.9413207263657541,0.0750893001120456,0.0729969736878707,0.2720632045919775
576,19.2,45.48866645275932,92.42828555981943,0.4010927081108093,0.3103680137156018,1.5761747994147868,0.4010927081108093,0.40512096881866455,0.40512096881866455,0.46074536442756653,0.6031181514263153,0.7008211016654968,0.6173465251922607,0.6031181514263153,0.16210451135303425,0.9381561387668956,0.06644401855270225,0.06039073703183006,0.27264801919225135
577,19.233333333333334,44.54363449239702,90.93983740576594,0.402082622051239,0.34948541225208635,1.0572512154193987,0.402082622051239,0.4064435362815857,0.4064435362815857,0.4610954225063324,0.6033415794372559,0.7012693881988525,0.6143965423107147,0.6033415794372559,0.14481058890159598,0.93375394561074,0.06254723536095608,0.06045352016985647,0.26622880667715915
578,19.266666666666666,43.02005946201302,87.3776195223563,0.40336811542510986,0.3330453680018776,0.3073051985415134,0.40336811542510986,0.4062787890434265,0.4062787890434265,0.46131375432014465,0.6026975214481354,0.7017160952091217,0.6139273643493652,0.6026975214481354,0.14778750397893534,0.9301768143971761,0.05485986749682354,0.051045503280047,0.25545829059356384
579,19.3,42.19827146687874,91.02739057676277,0.4043063521385193,0.33519899422886923,0.888938827234,0.4043063521385193,0.4056466817855835,0.4056466817855835,0.46165966987609863,0.6018399298191071,0.7017591893672943,0.6126645505428314,0.6018399298191071,0.19124820412563548,0.9275711377461752,0.05903302285019939,0.055389242795208564,0.25214474833771944
580,19.333333333333332,44.92055492948911,90.51213660725458,0.4046068787574768,0.35518408650250693,1.2181628822795858,0.4046068787574768,0.4059944748878479,0.4059944748878479,0.4617634415626526,0.6018386781215668,0.7014077603816986,0.6104522943496704,0.6018386781215668,0.18077642596724336,0.9246189269152555,0.04988255729482474,0.050051326071085936,0.2645234056856091
581,19.366666666666667,54.2434178383453,141.8241292853994,0.40512704849243164,0.35869190923551425,0.43832201272843463,0.40512704849243164,0.407453715801239,0.407453715801239,0.46224310994148254,0.60090172290802,0.7014136612415314,0.608989030122757,0.60090172290802,0.34426205652937664,0.924660431616234,0.0625734983794484,0.06527558672318182,0.3201243708379751
582,19.4,51.459406046993124,153.0664407207405,0.4050567150115967,0.350891874879098,0.8712053058974334,0.4050567150115967,0.4071977734565735,0.4071977734565735,0.46258485317230225,0.5995722115039825,0.7011772990226746,0.6074040234088898,0.5995722115039825,0.25448555146166807,0.9239267363692775,0.0643147745995662,0.06735215322244945,0.3051800215298317
583,19.433333333333334,46.2102416953551,145.12347502955836,0.40616488456726074,0.3335544584357006,2.0991657518592035,0.40616488456726074,0.4070236086845398,0.4070236086845398,0.46275001764297485,0.6000299751758575,0.7009376287460327,0.6041013896465302,0.6000299751758575,0.30686883256475683,0.9243767767241506,0.06537192430121379,0.06855889195529279,0.27633514226455913
584,19.466666666666665,47.11624260686759,149.73634502877331,0.4060227870941162,0.33855543000674376,3.1778738393654464,0.4060227870941162,0.40678954124450684,0.40678954124450684,0.4627259075641632,0.600263237953186,0.7004244327545166,0.6022433936595917,0.600263237953186,0.3382395299466292,0.9242628921161998,0.07824034517666498,0.0805378882941255,0.2852290069244861
585,19.5,50.53034273183057,146.56234301906736,0.40616440773010254,0.3524130051545414,3.682809311496243,0.40616440773010254,0.40659695863723755,0.40659695863723755,0.4626266062259674,0.6004689037799835,0.7004684805870056,0.5998387932777405,0.6004689037799835,0.28139268262139,0.9241110158689094,0.08609055279171544,0.08554129222213622,0.3065512921254623
586,19.533333333333335,49.052575452908464,142.84920622845934,0.4061119556427002,0.34369581744699884,4.401558310653428,0.4061119556427002,0.4064905643463135,0.4064905643463135,0.46245431900024414,0.6009911298751831,0.700739860534668,0.5961414575576782,0.6009911298751831,0.26140558415271575,0.9250404274824894,0.0889471126168173,0.08930292309311019,0.29919844185675887
587,19.566666666666666,45.34303679060025,141.013158493091,0.40627217292785645,0.32674856047958795,3.965350174877102,0.40627217292785645,0.40717601776123047,0.40717601776123047,0.4624047577381134,0.601256787776947,0.7010357975959778,0.593250960111618,0.601256787776947,0.26280629105719655,0.9255355867472562,0.09984381296369126,0.10002008770972769,0.28185890383688655
588,19.6,46.4978544619885,144.45085870608696,0.4062343239784241,0.3183816897287823,3.724478781372426,0.4062343239784241,0.40751999616622925,0.40751999616622925,0.4624073803424835,0.6013707220554352,0.7000619769096375,0.5892914533615112,0.6013707220554352,0.33204800573233934,0.9270376852064421,0.105911926756684,0.10649202985687814,0.2900949917047191
589,19.633333333333333,48.056513953682575,159.39759774998083,0.40662914514541626,0.3502129819168249,4.0705039453608265,0.40662914514541626,0.4081875681877136,0.4081875681877136,0.46281322836875916,0.6014300286769867,0.6988054811954498,0.5856331586837769,0.6014300286769867,0.403030040157836,0.92851635723403,0.0965482297647909,0.09732732724527211,0.2959451020054516
590,19.666666666666668,47.516372964594176,159.38774156175492,0.40707677602767944,0.33801039308025826,4.048350121805413,0.40707677602767944,0.4083479046821594,0.4083479046821594,0.46405330300331116,0.6005948781967163,0.698311060667038,0.5822424590587616,0.6005948781967163,0.4093561170058636,0.9303590962381074,0.096481014585813,0.09710043454875984,0.2929241541790449
591,19.7,45.547389151504376,161.12993852089687,0.4076075553894043,0.33609093093869113,4.874536847898298,0.4076075553894043,0.40829479694366455,0.40829479694366455,0.46539053320884705,0.5998309552669525,0.6963524520397186,0.5801723301410675,0.5998309552669525,0.4518427105359158,0.9304167267047998,0.08522739396811427,0.08566864215883634,0.27860926903212524
592,19.733333333333334,44.876062112347824,160.3452424109277,0.4071838855743408,0.3059575746827318,5.1914807411012305,0.4071838855743408,0.4076458811759949,0.4076458811759949,0.46696189045906067,0.5995644330978394,0.6947323977947235,0.5773198902606964,0.5995644330978394,0.46512016004890344,0.9290694124770887,0.06791806374981231,0.06873422154047004,0.2696868753046538
593,19.766666666666666,44.4777216264852,156.87613906229066,0.4078856110572815,0.29307474764323627,6.0439294154596155,0.4078856110572815,0.40808022022247314,0.40808022022247314,0.4683338701725006,0.5989516377449036,0.6928719282150269,0.5753574967384338,0.5989516377449036,0.40635999783426635,0.9273481224522446,0.06930917090034275,0.06860734908400995,0.26789120475057615
594,19.8,43.97501199460212,151.7577899535075,0.4078505039215088,0.28531042034331544,5.880451187376366,0.4078505039215088,0.4079079031944275,0.4079079031944275,0.46894919872283936,0.5986884236335754,0.6921889781951904,0.5745636224746704,0.5986884236335754,0.4101739821412709,0.9264763828479883,0.06311370524170419,0.06355506140299291,0.26323973376474524
595,19.833333333333332,43.69014902673739,137.47713842346045,0.4090403914451599,0.2717785431515747,5.4724036866681445,0.4090403914451599,0.40712088346481323,0.4090403914451599,0.4693598449230194,0.5983334183692932,0.6895721554756165,0.5711109340190887,0.5983334183692932,0.40546849287871867,0.924718672578985,0.05637595324907192,0.05728884917551024,0.25963583612326263
596,19.866666666666667,44.723212146638296,112.59885740496163,0.40917813777923584,0.2838145114576845,5.644788037867556,0.40917813777923584,0.4080241918563843,0.40917813777923584,0.47006934881210327,0.5975204110145569,0.6862731277942657,0.5700150430202484,0.5975204110145569,0.2844569370516263,0.9234613306594618,1.0806301777103393,1.0779669371435814,0.3684622897035461
597,19.9,45.01886810291113,94.95103444429907,0.40909963846206665,0.29647923454860164,6.2565383949983016,0.40909963846206665,0.40917909145355225,0.40917909145355225,0.4708593785762787,0.5970513224601746,0.6874293982982635,0.5682560205459595,0.5970513224601746,0.2204326593764717,0.9228676882657137,1.1254845252616577,1.0781107798926781,0.3701048227939507
599,19.966666666666665,107.85835043603385,127.61992818168842,0.49412161111831665,0.09806898353304586,4.048273562028527,0.49412161111831665,0.4958513379096985,0.4958513379096985,0.5534854233264923,0.5172556340694427,0.6177175641059875,0.23329167068004608,0.5172556340694427,0.12542562961037884,0.9258339350873773,1.1194885202831426,1.0666093673545145,0.7192130579779658
600,20.0,99.15652525684834,128.54199444917907,0.4858958125114441,0.09423934409189214,3.3026267686406072,0.4858958125114441,0.5435712337493896,0.5435712337493896,0.553115501999855,0.5171859264373779,0.6187346875667572,0.23243415355682373,0.5171859264373779,0.07671780153132768,0.9290744192672499,1.131829398928602,1.061682334788399,0.6708695847602686
601,20.033333333333335,109.66197754314392,91.86378220524614,0.4837425947189331,0.18871069711202507,3.514932967572122,0.4837425947189331,0.48857301473617554,0.48857301473617554,0.551916316151619,0.5173073709011078,0.6195581555366516,0.23088491708040237,0.5173073709011078,0.17634093967920744,0.9294832944869995,1.158032972965067,1.0601808721153663,0.7292332085730218
602,20.066666666666666,109.78554431518764,99.69910205163973,0.4806216359138489,0.23545118986130764,2.2386158332160164,0.4806216359138489,0.4807409644126892,0.4807409644126892,0.5496816337108612,0.5175114274024963,0.6211959421634674,0.2303813248872757,0.5175114274024963,0.2530926819660078,0.9283058553030996,0.16002415199434977,0.04372180249795897,0.6579269362382363
603,20.1,119.48032091662745,79.18998493379415,0.47450363636016846,0.21264811845737713,0.23450456528456698,0.47450363636016846,0.47823500633239746,0.47823500633239746,0.5463565587997437,0.519042044878006,0.6178417205810547,0.23073189705610275,0.519042044878006,0.36991072263163893,0.9257760860703208,0.12834783984022755,0.05440891143419542,0.7022839125999986
604,20.133333333333333,124.5204940164189,91.75638408414227,0.46805471181869507,0.2410543480529199,0.7021436147326483,0.46805471181869507,0.47299909591674805,0.47299909591674805,0.5429921299219131,0.5217790007591248,0.6231999695301056,0.2310800999403,0.5217790007591248,0.24960047832302726,0.9246436303312128,0.12607414956589721,0.06004546754993274,0.7296027671832075
605,20.166666666666668,134.52224819294054,85.25945579342088,0.465162992477417,0.2582277287792656,3.6734568326272665,0.465162992477417,0.47422927618026733,0.47422927618026733,0.5406601130962372,0.5243075788021088,0.6235239505767822,0.23184428364038467,0.5243075788021088,0.24340083358054415,0.9225771047852256,0.12810852498725456,0.09708533017073465,0.7857783807902905
606,20.2,135.57166717150645,85.67886131380271,0.4634484052658081,0.2604437314857075,3.7803182799916613,0.4634484052658081,0.47095298767089844,0.47095298767089844,0.5393721461296082,0.5263043940067291,0.6231182515621185,0.23333755135536194,0.5263043940067291,0.2944165027172496,0.9207546765154059,0.1130246888114379,0.11402454118721117,0.7870833353740228
607,20.233333333333334,122.19724896247695,122.74050652852041,0.4612879753112793,0.2709879090544368,3.5554754344565254,0.4612879753112793,0.46934443712234497,0.46934443712234497,0.537195235490799,0.5324304401874542,0.6274601817131042,0.23609168827533722,0.5324304401874542,0.16013493859379777,0.9167316917217139,0.08623712481454411,0.10574657848857719,0.7047447427914574
608,20.266666666666666,123.03354385063207,117.48240865124646,0.4621995687484741,0.26985566875212486,4.379622704740029,0.4621995687484741,0.4622700810432434,0.4622700810432434,0.5353087037801743,0.535089761018753,0.6291808485984802,0.2395888939499855,0.535089761018753,0.10774015463016233,0.9152362581455347,0.07570743720995911,0.09588169166245265,0.7062319192220547
609,20.3,137.36924095289356,125.5573761117077,0.4637107849121094,0.30729654835806436,4.650160749013082,0.4637107849121094,0.46018874645233154,0.4637107849121094,0.535369336605072,0.5346299111843109,0.6295859813690186,0.24088934063911438,0.5346299111843109,0.1503423835210201,0.9167369080312324,0.11110472362022596,0.09037127855841609,0.7964938668243654
610,20.333333333333332,136.38589579756214,139.50806493877124,0.46255970001220703,0.32528573277804634,3.965501192953667,0.46255970001220703,0.4625691771507263,0.4625691771507263,0.5363927185535431,0.5337399840354919,0.6292620897293091,0.24133967608213425,0.5337399840354919,0.18740000733846693,0.918610950311025,0.1318153034280283,0.08191444126279068,0.797244012125976
611,20.366666666666667,130.392535690536,129.36942405010066,0.47066736221313477,0.3326112879710736,4.348612628386348,0.47066736221313477,0.4652368426322937,0.47066736221313477,0.5363598018884659,0.53492870926857,0.6305526196956635,0.24237292259931564,0.53492870926857,0.10095989902059885,0.9191107587380842,0.14888080066738485,0.05907411993950158,0.7690672162587487
612,20.4,125.81052320643336,123.79754230583146,0.4753602147102356,0.3793424837575157,5.396938042449079,0.4753602147102356,0.466518759727478,0.4753602147102356,0.536051869392395,0.5362913608551025,0.6360101699829102,0.24750220775604248,0.5362913608551025,0.20425396741514376,0.9145258556712758,0.16631503003222078,0.05378443480483709,0.7488418601565182
613,20.433333333333334,141.88664450679894,69.39334797595663,0.4817996025085449,0.4388584945598683,2.4185262775284286,0.4817996025085449,0.4681563377380371,0.4817996025085449,0.5358499884605408,0.5359748601913452,0.6365777552127838,0.2479962557554245,0.5359748601913452,0.2875115866932835,0.9164408571792372,0.1654892104633822,0.04991737924786811,0.8379058992878976
614,20.466666666666665,151.08083603225808,63.23151128602678,0.4866746664047241,0.4372310402652022,2.331651626488309,0.4866746664047241,0.4694250226020813,0.4866746664047241,0.5341249704360962,0.5360727906227112,0.6370356976985931,0.247508242726326,0.5360727906227112,0.08484363937691257,0.9173996159524629,0.11884985173479638,0.04422254536416625,0.8749929334774282
615,20.5,151.7476810142381,72.65883045238911,0.48776018619537354,0.4162376378982888,0.8715135400607039,0.48776018619537354,0.4728289842605591,0.48776018619537354,0.532940611243248,0.5363832414150238,0.6381464302539825,0.24734049290418625,0.5363832414150238,0.2731285747621276,0.9181532028949622,0.09322135166690035,0.02720315946242526,0.8710090778013929
616,20.533333333333335,143.43590038947934,73.44252731879264,0.48804497718811035,0.30380697156755565,0.03748740799386496,0.48804497718811035,0.4744584560394287,0.48804497718811035,0.5312212854623795,0.5369425415992737,0.6450541615486145,0.24705959856510162,0.5369425415992737,0.19026823002454502,0.920805710734743,0.07398128650995729,0.045298097698049405,0.8190604992278724
617,20.566666666666666,134.6949377056692,89.03392094366488,0.4867464303970337,0.2806783510942142,0.9295234709561839,0.4867464303970337,0.47665935754776,0.4867464303970337,0.5278356075286865,0.5377196669578552,0.6483875811100006,0.24471436440944672,0.5377196669578552,0.37636758294093187,0.9239969777338433,0.0551221678852785,0.06940706244264794,0.7648418598415234
618,20.6,136.99633001713684,104.37382280006936,0.48780304193496704,0.29652990208849317,1.7090304298662886,0.48780304193496704,0.4763914942741394,0.48780304193496704,0.5254170745611191,0.539596289396286,0.6533864736557007,0.24163918942213058,0.539596289396286,0.3724933144142717,0.9282707897099581,0.06274818248231558,0.10475551705381794,0.7799151770621215
619,20.633333333333333,134.45269961714865,99.57473843364787,0.48674339056015015,0.30458664200116126,2.485616904993549,0.48674339056015015,0.4737061858177185,0.48674339056015015,0.5204492509365082,0.5438895225524902,0.6552674770355225,0.24023864418268204,0.5438895225524902,0.41590178665664834,0.93246012023001,0.10039942592599632,0.1381758937866804,0.7770792700952914
620,20.666666666666668,138.1619373813877,70.45689855575688,0.4843994975090027,0.3409157852175407,2.197818077931288,0.4843994975090027,0.46991342306137085,0.4843994975090027,0.5158123075962067,0.5501241683959961,0.6570371985435486,0.23989186435937881,0.5501241683959961,0.4759995793729294,0.9360585050149397,0.13043247031209237,0.15050592677650884,0.8066960598791149
621,20.7,137.67772811823187,63.346248104268774,0.4777262210845947,0.5100640065521747,1.4086483993929733,0.4777262210845947,0.4669092893600464,0.4777262210845947,0.5118155032396317,0.5563180148601532,0.6581923961639404,0.24005279690027237,0.5563180148601532,0.5410815105828612,0.9387051860491434,0.14507273674975685,0.14948233694470878,0.8083980883484374
622,20.733333333333334,129.37988355507747,59.49362772845024,0.4702668786048889,0.45094061610703623,1.3294671839304613,0.4702668786048889,0.4611237049102783,0.4702668786048889,0.5075165629386902,0.560446560382843,0.6589842438697815,0.24190659075975418,0.560446560382843,0.5092517358724837,0.941898403745709,0.1909530594509782,0.12749641761256325,0.776063048696835
623,20.766666666666666,114.45014731631453,61.62676067092891,0.46462810039520264,0.32031523769389836,3.894103290900574,0.46462810039520264,0.4545881152153015,0.46462810039520264,0.5028731971979141,0.5637900531291962,0.6575056612491608,0.24268079549074173,0.5637900531291962,0.3799400169412769,0.9438871127186399,0.2233523160365949,0.11718437323203663,0.7028398465682815
624,20.8,97.38718994306204,58.43334993446225,0.45523691177368164,0.37620413609255027,7.6944985005767705,0.45523691177368164,0.44689589738845825,0.45523691177368164,0.49850471317768097,0.5644999146461487,0.6572619378566742,0.24221038073301315,0.5644999146461487,0.3508137380545032,0.9396204623309049,0.27619886295710333,0.09762681808839851,0.6238996030152534
625,20.833333333333332,100.46122994885606,82.78788434258789,0.44747138023376465,0.49015193577754884,6.763229886550334,0.44747138023376465,0.4343408942222595,0.44747138023376465,0.49173852801322937,0.569019079208374,0.6525458097457886,0.24245180189609528,0.569019079208374,0.43357624443607357,0.9307803005883188,0.3380799798168031,0.10015283260725222,0.6595419381053524
626,20.866666666666667,69.10276242476282,33.596777594084884,0.43199580907821655,0.259421102433755,2.0982554870971626,0.43199580907821655,0.43115729093551636,0.43199580907821655,0.48356688022613525,0.5719161331653595,0.6542233228683472,0.24197305738925934,0.5719161331653595,0.3372379326699617,0.9134761691093445,0.4255104472305711,0.12005266888655866,0.5039042356931267
627,20.9,50.46205742623257,30.142192914778622,0.41434168815612793,0.3383256407513623,1.5685602575042878,0.41434168815612793,0.4157176613807678,0.4157176613807678,0.476809024810791,0.5754012167453766,0.6636533737182617,0.23846257477998734,0.5754012167453766,0.3222856959349198,0.8998892524025657,0.44716883177128647,0.1627055291350154,0.40034476347906983
628,20.933333333333334,66.18945126567866,75.57639788035796,0.395124614238739,0.36864561141800634,31.02462739296388,0.395124614238739,0.4097387194633484,0.4097387194633484,0.47085902094841003,0.5774586796760559,0.6674551367759705,0.23203525692224503,0.5774586796760559,0.3013380121671062,0.8903993891947197,0.4317653950904899,0.1695176698803897,0.48771917369821477
629,20.966666666666665,111.42581492655563,65.64260627768542,0.38314735889434814,0.31755456070202825,133.1573520510534,0.38314735889434814,0.3916194438934326,0.3916194438934326,0.4658049941062927,0.5835817754268646,0.6705531775951385,0.2371220588684082,0.5835817754268646,0.2999148057850843,0.8833031004125421,0.43337369027589734,0.23204380956848247,0.7390323051475313
630,21.0,107.38294336803915,63.137916923759434,0.37966740131378174,0.2827111940798592,127.97886565201124,0.37966740131378174,0.3867807388305664,0.3867807388305664,0.4613281190395355,0.5877164304256439,0.669977068901062,0.24098873138427734,0.5877164304256439,0.34867210210931676,0.8771897256374359,0.47186857660976833,0.27762922824707503,0.7165719076002175
631,21.033333333333335,101.22097743875253,78.57463502809996,0.3712230920791626,0.3114270776359677,141.05694208757015,0.3712230920791626,0.38816529512405396,0.38816529512405396,0.4574669897556305,0.588993489742279,0.6751991212368011,0.25428491085767746,0.588993489742279,0.33630900586086543,0.8711260322368506,0.4007010794835957,0.2802312969875598,0.6823387635486251
632,21.066666666666666,131.7755422899422,112.19749446395271,0.39220213890075684,0.18070718816491768,125.53146198841519,0.39220213890075684,0.4024270176887512,0.4024270176887512,0.4612017273902893,0.5878284573554993,0.675383597612381,0.26677490770816803,0.5878284573554993,0.29997278734233734,0.8602347644892606,0.4027282563997288,0.2993247293085302,0.8520863460552344
633,21.1,121.95438879103575,146.59710386319617,0.3872673511505127,0.1918686138281889,130.39824422886522,0.3872673511505127,0.40432214736938477,0.40432214736938477,0.46179357171058655,0.5901394486427307,0.6752410531044006,0.27357523143291473,0.5901394486427307,0.23305772620998957,0.8512475364135973,0.4082704204227324,0.29161182293282073,0.7975243821724208
634,21.133333333333333,134.70774490568402,163.93897438035904,0.3946905732154846,0.19294962111749134,101.84499308892866,0.3946905732154846,0.40730059146881104,0.40730059146881104,0.4639604091644287,0.5911519229412079,0.6732338666915894,0.28467176854610443,0.5911519229412079,0.2266970109455955,0.8405480032617395,0.41153314481753733,0.31350710889529576,0.8683763605871334
635,21.166666666666668,136.0657793168468,155.79386925290243,0.3996017575263977,0.1623508571922268,74.45327703445592,0.3996017575263977,0.4070226550102234,0.4070226550102234,0.46509024500846863,0.5935477316379547,0.6734782755374908,0.2883330434560776,0.5935477316379547,0.2542563717776797,0.8308766755190763,0.3438338895485303,0.3108089165351116,0.8590711630692636
636,21.2,102.51543471062625,157.62537091206832,0.4012771248817444,0.2725237503071836,27.92092902882618,0.4012771248817444,0.419900119304657,0.419900119304657,0.46621525287628174,0.5883989632129669,0.6690433323383331,0.3045414984226227,0.5883989632129669,0.3002639295850846,0.8241293610948505,0.33783959666298286,0.28028544892189217,0.6708820718357074
637,21.233333333333334,161.4471361014825,131.431779272258,0.4100103974342346,0.29339530888870247,98.97612595882501,0.4100103974342346,0.4294680953025818,0.4294680953025818,0.4659285247325897,0.581321656703949,0.6684064269065857,0.31434909999370575,0.581321656703949,0.30066201237831475,0.8154719873811259,0.33195694853955826,0.28650818555172153,0.9965156184589925
638,21.266666666666666,87.37886384304264,109.82788676933423,0.4171115756034851,0.2835443585009133,63.66813315171083,0.4171115756034851,0.40460699796676636,0.4171115756034851,0.45937544107437134,0.5814197361469269,0.6654371023178101,0.3164418339729309,0.5814197361469269,0.2933139462502737,0.8135770640589974,0.3521563765740928,0.30805063663025223,0.5910850454335759
639,21.3,159.5100892339358,72.41582780858022,0.42045629024505615,0.23403197929441918,1.8486847774337605,0.42045629024505615,0.4104911684989929,0.42045629024505615,0.4551795721054077,0.5788675248622894,0.662428230047226,0.3283511847257614,0.5788675248622894,0.23579854599446803,0.8163744491158109,0.29994738170099017,0.2544800954373754,0.9761513769210514
640,21.333333333333332,100.076207462554,86.24526921409668,0.4256446957588196,0.3455547335427174,138.68965355648214,0.4256446957588196,0.4108346104621887,0.4256446957588196,0.4566122591495514,0.5783469378948212,0.6646071374416351,0.3204023241996765,0.5783469378948212,0.23407894040569363,0.8148579904527375,0.3288052768038844,0.2868346802646461,0.6546205133886875
641,21.366666666666667,169.74002774732915,45.3272957467234,0.42819398641586304,0.2998921192376774,10.802138044405893,0.42819398641586304,0.41923463344573975,0.42819398641586304,0.45184439420700073,0.5821015536785126,0.6628486216068268,0.31324973702430725,0.5821015536785126,0.14196523820053764,0.8117884754231481,0.3385910659874191,0.29093188323535607,1.0445774739480542
642,21.4,164.93699017750404,63.676873635090395,0.42402392625808716,0.15816470458321458,0.16352874847109433,0.42402392625808716,0.41311848163604736,0.42402392625808716,0.4493822753429413,0.5832270383834839,0.6739911437034607,0.33070042729377747,0.5832270383834839,0.1733404297463683,0.815614022991874,0.4158225208672165,0.3691950092783696,1.0363166120972447
643,21.433333333333334,107.0456348321741,95.64317493755759,0.41538745164871216,0.2629856029327938,10.897143559436131,0.41538745164871216,0.4113215208053589,0.41538745164871216,0.45100313425064087,0.582396000623703,0.6828117370605469,0.33335110545158386,0.582396000623703,0.1411081070482939,0.8171703752243158,0.4312768130906155,0.3412065608012721,0.7146979712898561
644,21.466666666666665,126.6766112880194,106.06720217058945,0.4107879400253296,0.1048285575110015,2.525760211795415,0.4107879400253296,0.4165765047073364,0.4165765047073364,0.4563535153865814,0.5778986513614655,0.6801467537879944,0.3581705391407013,0.5778986513614655,0.15036088951806217,0.8188674982750055,0.4371407189253991,0.3438627523303678,0.8237589516001078
645,21.5,137.9127669193411,151.66892499879415,0.39914876222610474,0.11011240545612712,2.4965129504353456,0.39914876222610474,0.4111632704734802,0.4111632704734802,0.46799156069755554,0.5787535309791565,0.6789688766002655,0.3613590747117996,0.5787535309791565,0.09444884540956737,0.8166407139012308,0.4066569814912384,0.3144453571009449,0.8861820384407838
646,21.533333333333335,122.85339044928682,118.17529922636088,0.40015316009521484,0.22273163168035068,6.5499935927566355,0.40015316009521484,0.42082691192626953,0.42082691192626953,0.47472885251045227,0.5783558785915375,0.6698172092437744,0.3698706477880478,0.5783558785915375,0.2369008136293301,0.8168251785365018,0.4102323399433683,0.35595282046180354,0.8025188358293712
647,21.566666666666666,152.94700964328902,165.99490850448058,0.403672993183136,0.2626102242259264,7.676210388876228,0.403672993183136,0.41995519399642944,0.41995519399642944,0.47465780377388,0.5806649923324585,0.6684954762458801,0.38224102556705475,0.5806649923324585,0.10454444973595964,0.8269946376482645,0.42401068004414383,0.3542384317952837,0.9697056091293834
648,21.6,165.97371805384594,173.32344446156458,0.40495288372039795,0.2316030474404949,8.519171592578573,0.40495288372039795,0.4235437512397766,0.4235437512397766,0.47297203540802,0.582370936870575,0.655936062335968,0.3917855769395828,0.582370936870575,0.07331627629775285,0.8372062345345815,0.3766278966721658,0.3453791980149533,1.035064580411905
649,21.633333333333333,163.1606743007914,166.3532928136899,0.41667836904525757,0.16309545358187738,2.3776073229128087,0.41667836904525757,0.425476610660553,0.425476610660553,0.475992888212204,0.5833811163902283,0.6504091620445251,0.4167029857635498,0.5833811163902283,0.08555708626005348,0.8397601833849242,0.4092267956879632,0.3301279555251343,1.0264481905599523
650,21.666666666666668,142.3314806191565,158.99052717913835,0.41289645433425903,0.09097883849858537,4.3124489977498115,0.41289645433425903,0.4259974956512451,0.4259974956512451,0.47778257727622986,0.5838666260242462,0.6552289426326752,0.4184618145227432,0.5838666260242462,0.03221755972595543,0.841012878851457,0.42194342662070383,0.3370405755229146,0.9107304478842028
651,21.7,154.22981046057816,164.38428368215176,0.4257192015647888,0.1401479218525203,10.134356698622213,0.4257192015647888,0.4195879101753235,0.4257192015647888,0.48468223214149475,0.5858828723430634,0.6589628159999847,0.42409057915210724,0.5858828723430634,0.09334408157743734,0.8434313183481043,0.5145627922000052,0.42864964645287285,0.9768322803365453
652,21.733333333333334,114.12999129599159,156.61643955110222,0.4197359085083008,0.17675480403764662,14.91225333012838,0.4197359085083008,0.4195794463157654,0.4197359085083008,0.4896937310695648,0.5856456458568573,0.669072300195694,0.43782468140125275,0.5856456458568573,0.13625300989540176,0.8457742342443177,0.43505732976987105,0.36488181036687706,0.7540555071999533
653,21.766666666666666,158.94364011576874,175.786123730762,0.4220510721206665,0.2952852009747744,6.80388301597614,0.4220510721206665,0.41904282569885254,0.4220510721206665,0.4916840195655823,0.5851671099662781,0.6808790564537048,0.462784081697464,0.5851671099662781,0.2504546717759976,0.8567096934174047,0.44833055413520956,0.37474404414224866,1.003020222865382
654,21.8,157.28091558601892,162.22802728714677,0.4210743308067322,0.2439995717097746,6.685869900194376,0.4210743308067322,0.4152863621711731,0.4210743308067322,0.49271345138549805,0.5864298939704895,0.6874315440654755,0.4770381599664688,0.5864298939704895,0.3508663259321995,0.8675712166410504,0.405176817964934,0.3587605281056358,0.9937828643667718
655,21.833333333333332,158.8700264818566,153.5297744867623,0.4155593514442444,0.24466566741799317,3.9835772619628074,0.4155593514442444,0.41367751359939575,0.4155593514442444,0.49217674136161804,0.5877338349819183,0.6897599697113037,0.4802520275115967,0.5877338349819183,0.3548360942836482,0.8769294113823862,0.3481955710725118,0.3162029921354622,0.9870699295542902
656,21.866666666666667,152.42663733661345,158.7186435765432,0.4088866114616394,0.17473258188148594,2.112465562932641,0.4088866114616394,0.41404080390930176,0.41404080390930176,0.4897395074367523,0.5907535552978516,0.6969442367553711,0.4788842052221298,0.5907535552978516,0.27554729148746915,0.879428384882031,0.3867475694259172,0.19920464089910447,0.9628389226978499
657,21.9,144.5273276755033,97.98317619643109,0.4084218144416809,0.1905024421253934,0.9594957614520183,0.4084218144416809,0.41628026962280273,0.41628026962280273,0.4886513352394104,0.5945317447185516,0.699904590845108,0.4734199792146683,0.5945317447185516,0.2133219249426373,0.8767143939480637,0.3387957635690132,0.145040384504386,0.9045683272679444
658,21.933333333333334,156.79608426646183,107.93976662452005,0.43971407413482666,0.2797437161498804,0.12255271438522186,0.43971407413482666,0.4172058701515198,0.43971407413482666,0.48583316802978516,0.5986941158771515,0.7042569816112518,0.46987980604171753,0.5986941158771515,0.2239703771346754,0.8699704444769657,0.3086342929334085,0.15170198224324324,0.9636796449159216
659,21.966666666666665,141.00956635379342,112.56688567009846,0.43392378091812134,0.21960460627304443,1.386850322315496,0.43392378091812134,0.41432303190231323,0.43392378091812134,0.4812048375606537,0.603363037109375,0.7072016000747681,0.4674087166786194,0.603363037109375,0.2532492568336891,0.8715223561633717,0.2925678015591292,0.1471829915163811,0.8711568202110356
660,22.0,136.65489050852557,147.2245773551248,0.43278229236602783,0.21565129658008592,1.5826921516947152,0.43278229236602783,0.4105249047279358,0.43278229236602783,0.4760618805885315,0.6078826785087585,0.7077875137329102,0.46667642891407013,0.6078826785087585,0.25212567021922977,0.8762476931918751,0.28338798559965633,0.11828628459914106,0.8442102318383723
661,22.033333333333335,137.63533285754764,155.8332592215492,0.43649113178253174,0.19010347324571356,3.0414662260511136,0.43649113178253174,0.4078923463821411,0.43649113178253174,0.47521495819091797,0.60968017578125,0.7081826031208038,0.4648509621620178,0.60968017578125,0.2453554200881026,0.8810153585491758,0.10213233975600097,0.0957988678487071,0.7952804400242872
662,22.066666666666666,134.13560319049452,143.5441109205599,0.43253856897354126,0.19603826559318782,0.12126061820436007,0.43253856897354126,0.4021263122558594,0.43253856897354126,0.4746888279914856,0.6115041971206665,0.706794410943985,0.4649571627378464,0.6115041971206665,0.23366262278424768,0.8849979241689047,0.08440712315762612,0.07397035011625812,0.7705199324500351
663,22.1,76.34941653444305,132.09731608978333,0.43253976106643677,0.27433770662099516,0.02594414363471742,0.43253976106643677,0.40253299474716187,0.43253976106643677,0.4741058051586151,0.6103636622428894,0.7041939795017242,0.46367456018924713,0.6103636622428894,0.3070504385468756,0.8890607104156957,0.1139016060656057,0.08318633385317505,0.458333907011032
664,22.133333333333333,91.68134272383108,153.15218850558688,0.43585264682769775,0.33726957286743764,0.038568398698231476,0.43585264682769775,0.4026995897293091,0.43585264682769775,0.4747120141983032,0.6087778210639954,0.7033356726169586,0.46323947608470917,0.6087778210639954,0.3628828016867563,0.89543447711251,0.15958997258281538,0.12955978875696572,0.5572177846850173
665,22.166666666666668,102.58571684182112,154.42503395528215,0.4339990019798279,0.4306701747935023,0.415473310277207,0.4339990019798279,0.4027755856513977,0.4339990019798279,0.4749413728713989,0.6075584292411804,0.7062277495861053,0.457247719168663,0.6075584292411804,0.25958659853395494,0.8956951679605426,0.27532041454666173,0.18813425539140866,0.652516773485227
666,22.2,35.538232816084665,139.85433899792207,0.427639365196228,0.44610239712185085,1.4109566880827344,0.427639365196228,0.4014320373535156,0.427639365196228,0.47620999813079834,0.6046741306781769,0.7067790925502777,0.44736938178539276,0.6046741306781769,0.2736870870330316,0.8915012316270308,0.32895757799056247,0.2372388502318909,0.2961219001531946
667,22.233333333333334,93.46847504581787,153.22296112061656,0.40703660249710083,0.24884260764739155,3.215004857341796,0.40703660249710083,0.407260537147522,0.407260537147522,0.47953322529792786,0.6003634631633759,0.707171231508255,0.4366113543510437,0.6003634631633759,0.19345391705808096,0.8780714652755044,0.35197552460173753,0.2699079493710905,0.6248619631906205
668,22.266666666666666,96.24048800990043,135.8288668822891,0.4099191427230835,0.26333714199976577,6.718460400279014,0.4099191427230835,0.41038358211517334,0.41038358211517334,0.4813153147697449,0.5990084111690521,0.7085322737693787,0.4268040657043457,0.5990084111690521,0.25755941965792456,0.8608015251882148,0.3336255646331579,0.24799242800675894,0.6347570472227275
669,22.3,127.75749165852822,154.1305465070449,0.4112590551376343,0.25173874675784275,8.841216685036102,0.4112590551376343,0.4101521968841553,0.4112590551376343,0.48365283012390137,0.59827721118927,0.7091961205005646,0.4197525829076767,0.59827721118927,0.21627863474633965,0.856027828021483,0.36198461061838955,0.20817452644784823,0.8183592257328959
670,22.333333333333332,94.62143494686697,155.5722040786198,0.41346585750579834,0.32530646510330136,7.96794652531392,0.41346585750579834,0.41051560640335083,0.41346585750579834,0.48468005657196045,0.5974999666213989,0.7103880941867828,0.4174164980649948,0.5974999666213989,0.23680556160888092,0.8543340193502831,0.23063150455727893,0.14671143877293327,0.594864089960889
671,22.366666666666667,88.08231026916145,169.11283175929063,0.4295315146446228,0.35317872501399544,10.975313302929095,0.4295315146446228,0.4122617840766907,0.4295315146446228,0.4847806394100189,0.5976891219615936,0.7101452052593231,0.41376690566539764,0.5976891219615936,0.2900694891705434,0.8515034968202765,0.22868986993841733,0.1532246469824292,0.5579531291435333
672,22.4,91.2472573325155,169.20062648175707,0.430785596370697,0.2719408604114136,9.675472645906353,0.430785596370697,0.4117518663406372,0.430785596370697,0.4837377071380615,0.5989383161067963,0.7143594622612,0.4132665544748306,0.5989383161067963,0.2677440614409469,0.8578198353449503,0.21329643038988746,0.14253759411817515,0.5709181365198301
673,22.433333333333334,86.41133911504087,171.81768603378327,0.4291088581085205,0.2951151960060811,10.164088548246184,0.4291088581085205,0.40980786085128784,0.4291088581085205,0.48040980100631714,0.6039903163909912,0.7168513834476471,0.40351107716560364,0.6039903163909912,0.2314455920105095,0.8606795713757024,0.2311845639108291,0.16855758598104292,0.5494183642568091
674,22.466666666666665,93.28533118105061,178.82415748540953,0.42573434114456177,0.3757804047056648,8.169669593943581,0.42573434114456177,0.4063369631767273,0.42573434114456177,0.4772021770477295,0.6082672476768494,0.717776358127594,0.40036720037460327,0.6082672476768494,0.26540943158520797,0.8643751135378173,0.1410924250223932,0.16226629786278723,0.5605795674014435
675,22.5,111.51953640102501,154.20373718361876,0.42202067375183105,0.4003281262399258,5.920599294204237,0.42202067375183105,0.40261489152908325,0.42202067375183105,0.47355276346206665,0.6129186451435089,0.7200017869472504,0.3954087495803833,0.6129186451435089,0.21329815187337323,0.8704051727598364,0.15009075792325283,0.17624979098544605,0.6645802073826703
676,22.533333333333335,113.73085156359149,141.94592383899231,0.4216877222061157,0.537440956718427,2.3969104243091124,0.4216877222061157,0.4000117778778076,0.4216877222061157,0.4701710343360901,0.6151029765605927,0.7203747630119324,0.39398761093616486,0.6151029765605927,0.3469848400680687,0.8777002303889303,0.10006593547372712,0.12151731529860929,0.6618578448842931
677,22.566666666666666,104.58320884005595,138.8274337435981,0.42165881395339966,0.49970007746669043,1.3471705582134064,0.42165881395339966,0.39837032556533813,0.42165881395339966,0.46919766068458557,0.6174253821372986,0.7207560837268829,0.39113782346248627,0.6174253821372986,0.32926714407556357,0.8832730181289442,0.09121940498678505,0.10613650284987228,0.6083836483852352
678,22.6,89.6410021046374,124.54286903591318,0.42162787914276123,0.591103676192465,2.4138225188556817,0.42162787914276123,0.4029778242111206,0.42162787914276123,0.47038230299949646,0.6164064407348633,0.7186774015426636,0.38957707583904266,0.6164064407348633,0.27297826422902444,0.8803376194202539,0.08357778636456314,0.09325559233622743,0.5230789031573544
679,22.633333333333333,81.12025222636821,74.37466772755637,0.4195373058319092,0.5162907450374243,3.963082738827069,0.4195373058319092,0.4056956171989441,0.4195373058319092,0.47096267342567444,0.6149716377258301,0.7187888920307159,0.3872373253107071,0.6149716377258301,0.25763394144660823,0.8758273531090129,0.11018550241859788,0.09376020746116727,0.4837237186498472
680,22.666666666666668,76.59634950576012,70.3579304775982,0.41792285442352295,0.4934354613307449,172.66955581629924,0.41792285442352295,0.4162063002586365,0.41792285442352295,0.471244215965271,0.6148095428943634,0.718975841999054,0.38258831202983856,0.6148095428943634,0.24142134624129016,0.870358915943088,0.12991764672712577,0.10797086393907598,0.4645105690501384
681,22.7,73.77874339205717,84.24008583192911,0.4123916029930115,0.41591574863218467,163.30048021524857,0.4123916029930115,0.41687971353530884,0.41687971353530884,0.47189095616340637,0.6130519807338715,0.718027800321579,0.380551815032959,0.6130519807338715,0.24046107747572887,0.8652280632293585,0.16088147224570354,0.13177820624698242,0.458146349407362
682,22.733333333333334,76.00963117737221,91.30597731475764,0.4080071449279785,0.4062830060707054,21.91845398918403,0.4080071449279785,0.4152148962020874,0.4152148962020874,0.4724118113517761,0.6088000237941742,0.7149942517280579,0.3762553930282593,0.6088000237941742,0.23056888610808696,0.8615994570833264,0.16024898397276266,0.13513884405607998,0.47035042395500776
683,22.766666666666666,107.04720076769905,91.23327487908372,0.4030945301055908,0.3737177388397767,4.299847863105498,0.4030945301055908,0.4145135283470154,0.4145135283470154,0.47342637181282043,0.6051996648311615,0.7137122452259064,0.37166765332221985,0.6051996648311615,0.2073190112419991,0.8613022638089729,0.15137116671748851,0.12788326264964278,0.640118020946908
684,22.8,101.87722069698064,117.49303724165007,0.4025019407272339,0.3900538438495272,156.79355145890852,0.4025019407272339,0.4175766706466675,0.4175766706466675,0.47391653060913086,0.6037581264972687,0.714105099439621,0.36869387328624725,0.6037581264972687,0.2414932668654755,0.8611351269664187,0.12618310771380864,0.1285323234033498,0.6038394917418128
685,22.833333333333332,154.10921780523935,131.52763351645658,0.4024454355239868,0.5281573830087181,136.11581653310117,0.4024454355239868,0.42703843116760254,0.42703843116760254,0.47376111149787903,0.6038532853126526,0.7160187363624573,0.37213513255119324,0.6038532853126526,0.2594922913110574,0.8638834275982596,0.10428617006695214,0.10531139583746525,0.8874481721603042
686,22.866666666666667,165.61816529990205,145.54903479905522,0.4008449912071228,0.5737952065150409,162.00713211710286,0.4008449912071228,0.43450629711151123,0.43450629711151123,0.4724680185317993,0.6065945029258728,0.7163150906562805,0.3726970702409744,0.6065945029258728,0.2903382846849952,0.8684940491661881,0.06796210574161668,0.0798197920280127,0.9404895500552741
687,22.9,157.43067118427945,155.71727829395155,0.39835792779922485,0.5482592950639936,173.28484310334863,0.39835792779922485,0.44021111726760864,0.44021111726760864,0.4706093370914459,0.6087666749954224,0.7156175076961517,0.3727986067533493,0.6087666749954224,0.3067373998751338,0.871951041799603,0.05520826568375073,0.06571917459982327,0.8911773196177889
688,22.933333333333334,159.92354737968606,167.7805370450125,0.39900821447372437,0.6257130552225343,148.01606249287602,0.39900821447372437,0.4462798833847046,0.4462798833847046,0.4687308967113495,0.6103426218032837,0.715214878320694,0.3726471960544586,0.6103426218032837,0.3008599229398683,0.8739212841698618,0.060601645274404155,0.0707624929906517,0.9066446456916882
689,22.966666666666665,162.31620807716558,166.97592729302932,0.39920371770858765,0.664676414237751,136.03699322503746,0.39920371770858765,0.4482058882713318,0.4482058882713318,0.46756523847579956,0.6106998920440674,0.7139350771903992,0.3735324740409851,0.6106998920440674,0.3007180071372053,0.8768691203810952,0.09440456973569505,0.09484205577718563,0.9300780824605174
690,23.0,175.062104532614,160.0192103994293,0.3984784483909607,0.7458803995797645,3.9190916947329697,0.3984784483909607,0.4500349164009094,0.4500349164009094,0.46631771326065063,0.6108737289905548,0.7123026251792908,0.37781207263469696,0.6108737289905548,0.28762848294928234,0.8771130785797582,0.1169247364394801,0.11915984998331094,1.0076446683352551
691,23.033333333333335,164.23053084938823,169.85369458537684,0.3957641124725342,0.6604527110161973,0.9520721314510752,0.3957641124725342,0.4507144093513489,0.4507144093513489,0.4656416177749634,0.6110588610172272,0.7100067436695099,0.3846210390329361,0.6110588610172272,0.2925803366429929,0.8772945647889917,0.15260314163897484,0.13647275993920713,0.9581727805438492
692,23.066666666666666,161.66329610643936,167.813073980567,0.39633941650390625,0.6389512935386304,174.261165109842,0.39633941650390625,0.4496537446975708,0.4496537446975708,0.46537262201309204,0.6114384531974792,0.7082217931747437,0.3908369690179825,0.6114384531974792,0.26019171361156185,0.8793950559514941,0.15469199928894567,0.14651010499048292,0.9445370226002358
693,23.1,113.62048409907146,171.06754960947464,0.39145731925964355,0.5468676536679,178.5817884277849,0.39145731925964355,0.44900310039520264,0.44900310039520264,0.46496137976646423,0.6116792261600494,0.7048487961292267,0.39529916644096375,0.6116792261600494,0.2500817073134728,0.8799873572407346,0.13911012084049004,0.13245901188918405,0.672957947913655
694,23.133333333333333,109.32801535530312,167.291531657932,0.3911038637161255,0.4976652901944014,23.449584015839037,0.3911038637161255,0.44745469093322754,0.44745469093322754,0.464923620223999,0.6093437373638153,0.7021782994270325,0.3940952271223068,0.6093437373638153,0.258002744793047,0.8776194886727766,0.15170152396801614,0.10318045238617826,0.6528883202754222
695,23.166666666666668,93.69155595757925,163.60595664826766,0.39129722118377686,0.39136160117593893,0.7528732988704689,0.39129722118377686,0.4462438225746155,0.4462438225746155,0.4651554524898529,0.6084687113761902,0.7008656561374664,0.39582811295986176,0.6084687113761902,0.2684773923572146,0.8734003097722025,0.137728930149441,0.06901513090771826,0.561827323253606
696,23.2,98.13376995246541,162.55522240956486,0.40058714151382446,0.35308546681304903,1.0273313389842542,0.40058714151382446,0.44028252363204956,0.44028252363204956,0.46525460481643677,0.6074031889438629,0.7009584903717041,0.3974393904209137,0.6074031889438629,0.2675809742636023,0.8676695308902047,0.12716335282428207,0.046773218717466356,0.5833366166943147
697,23.233333333333334,101.14468733542955,159.83126214374911,0.40449368953704834,0.3389889052556611,2.4447860976852667,0.40449368953704834,0.4162035584449768,0.4162035584449768,0.4653772711753845,0.6069254577159882,0.7011860907077789,0.39767639338970184,0.6069254577159882,0.251498752375132,0.8594938345027693,0.17382085317321333,0.03896203352762378,0.6140611855932393
698,23.266666666666666,99.4385953765644,156.4091296902927,0.4093233346939087,0.348969010625263,1.1199854107418616,0.4093233346939087,0.40993136167526245,0.40993136167526245,0.4654802680015564,0.6063316762447357,0.7014917731285095,0.3971993029117584,0.6063316762447357,0.24288244626779656,0.854121695413734,0.21079729034058636,0.04203907995646192,0.6156758280830892
699,23.3,101.81847196749759,154.2850232745122,0.41826844215393066,0.3806459311548427,0.005881468037216564,0.41826844215393066,0.41605663299560547,0.41826844215393066,0.4650036096572876,0.6058697402477264,0.7018751502037048,0.3984418958425522,0.6058697402477264,0.23315683750559255,0.8475979665915171,0.19765870951406206,0.043151231140609744,0.6249557904514275
700,23.333333333333332,101.63363957474556,153.45325637225486,0.4257962107658386,0.49662113687071574,1.7122054728448575,0.4257962107658386,0.4170660972595215,0.4257962107658386,0.46464014053344727,0.605446457862854,0.7024442553520203,0.4008592367172241,0.605446457862854,0.24255568233784205,0.8450857662793362,0.20027087111113887,0.04824949368203756,0.6247125923041503
701,23.366666666666667,100.29350614643154,146.6505505243711,0.4327296018600464,0.5228443830113826,2.0596592228812085,0.4327296018600464,0.4180777668952942,0.4327296018600464,0.46435460448265076,0.6058375239372253,0.7031232118606567,0.40293988585472107,0.6058375239372253,0.23373205522402962,0.8432023868416295,0.19461320351658687,0.05457631230999691,0.615570106312929
702,23.4,105.56472640286069,141.39448741299614,0.43695998191833496,0.5335495573338541,3.266605798562523,0.43695998191833496,0.42164158821105957,0.43695998191833496,0.4636828303337097,0.6067831516265869,0.7045716941356659,0.4039490818977356,0.6067831516265869,0.2937439920478424,0.8433968993750486,0.1635027255966801,0.06710480342407325,0.6355215199171189
703,23.433333333333334,109.6245854995719,142.50378876294866,0.44042307138442993,0.5105031688674557,3.4256439561571312,0.44042307138442993,0.4244273900985718,0.44042307138442993,0.46328699588775635,0.6068249642848969,0.7045769989490509,0.40576477348804474,0.6068249642848969,0.3067427164443452,0.8458971263784351,0.14065790922034815,0.08039502237278824,0.6512228477637261
704,23.466666666666665,107.4321728416156,136.25584253670678,0.4428635239601135,0.5207320401872132,1.2000201840666591,0.4428635239601135,0.42450618743896484,0.4428635239601135,0.46099427342414856,0.6085037887096405,0.7051870226860046,0.4087371975183487,0.6085037887096405,0.2561975933763597,0.8471640912872372,0.11573702944127134,0.08604623406324173,0.6315665135080236
705,23.5,120.06711322922183,137.95484363429827,0.4434478282928467,0.48085155921835876,1.1886545952557412,0.4434478282928467,0.4237978458404541,0.4434478282928467,0.45947518944740295,0.6108149290084839,0.7054577767848969,0.41279424726963043,0.6108149290084839,0.23427693137124342,0.8475532766544458,0.10221009780052039,0.08722805918232214,0.6977025472802774
706,23.533333333333335,114.7247227857339,132.7080088482291,0.4438663721084595,0.47758974628230866,0.6700182315119889,0.4438663721084595,0.4240673780441284,0.4438663721084595,0.4595734179019928,0.6109281480312347,0.7046882808208466,0.41585110127925873,0.6109281480312347,0.19044548923790963,0.8476707253492239,0.09687461219047218,0.09004316035747363,0.6664219546889967
707,23.566666666666666,109.3576240588664,127.82701455707165,0.44242143630981445,0.4767163594894023,0.4819895425259517,0.44242143630981445,0.4417577385902405,0.44242143630981445,0.459471732378006,0.6113717555999756,0.7023977041244507,0.41736751794815063,0.6113717555999756,0.15237886420515614,0.8486267797874681,0.0838387582723924,0.07704682937468939,0.6326939833643089
708,23.6,113.95419061645069,128.848628725517,0.4404280185699463,0.4662470823229916,1.7219372367576966,0.4404280185699463,0.43777477741241455,0.4404280185699463,0.45931413769721985,0.6116370260715485,0.7024608254432678,0.41963742673397064,0.6116370260715485,0.14937145793166137,0.8489554077386856,0.09053570675490842,0.07807684435021509,0.660239548784532
709,23.633333333333333,110.02568104793372,126.16972906208709,0.4393128752708435,0.4561953308193823,2.131667025253023,0.4393128752708435,0.43221503496170044,0.4393128752708435,0.4592973589897156,0.6116581857204437,0.7013418674468994,0.42088495194911957,0.6116581857204437,0.13340319360092184,0.8487560821302009,0.0941922587248067,0.0730218635941886,0.6395114612170738
710,23.666666666666668,132.31419507716348,154.54017435264802,0.43735992908477783,0.27294524626866,1.946196792569424,0.43735992908477783,0.4093879461288452,0.43735992908477783,0.4593420922756195,0.6114331185817719,0.6977382600307465,0.42572054266929626,0.6114331185817719,0.058690199987016224,0.8485281864802042,0.11047357029455132,0.07201866930273848,0.7682209326281625
711,23.7,146.30365685932432,150.46196887847083,0.43436694145202637,0.25057162575798486,3.1108262636820143,0.43436694145202637,0.4155428409576416,0.43436694145202637,0.4594910442829132,0.6109650433063507,0.6958858072757721,0.4278870075941086,0.6109650433063507,0.05383017024436311,0.846937692526615,0.11318793661682856,0.06341868908642116,0.8467544746479615
712,23.733333333333334,125.55135337257461,143.80183318980644,0.4295657277107239,0.245406320258521,4.718908833754881,0.4295657277107239,0.41811633110046387,0.4295657277107239,0.4595257639884949,0.6095760762691498,0.6975817978382111,0.42814525961875916,0.6095760762691498,0.035065850679762776,0.846260280771689,0.12544727939021444,0.05986612416721024,0.7351417025535899
713,23.766666666666666,117.75022066961796,140.52022622346647,0.4261753559112549,0.21792810805322457,4.4197085104721054,0.4261753559112549,0.41878652572631836,0.4261753559112549,0.4596233665943146,0.6091806292533875,0.7000516951084137,0.42889995872974396,0.6091806292533875,0.03896835111967608,0.8457709347659891,0.6843089445974719,0.6328290598329918,0.7741678926089887
714,23.8,129.94482609038357,112.03302239805494,0.422497034072876,0.15124058240613275,4.285022598963479,0.422497034072876,0.4179542064666748,0.422497034072876,0.4599485993385315,0.6087965965270996,0.7024487853050232,0.42943131923675537,0.6087965965270996,0.047045947283175675,0.8452486567425005,0.7066389625487096,0.6300522668038708,0.8419157005021309
716,23.866666666666667,96.3057111446171,136.27449241805894,0.4515657424926758,0.2765566711966947,106.77798005998034,0.4515657424926758,0.44587230682373047,0.4515657424926758,0.5164873749017715,0.5596494972705841,0.6702414155006409,0.23487354069948196,0.5596494972705841,0.1965976593342212,0.8436562292503588,0.7143999204586,0.6574618594801268,0.6550317285812062
717,23.9,94.2592393102465,81.2789875528367,0.44433730840682983,0.3033059254246838,41.79568817132986,0.44433730840682983,0.4385974407196045,0.44433730840682983,0.5129297226667404,0.5602165460586548,0.6715719699859619,0.2332140952348709,0.5602165460586548,0.3129833227025162,0.8401678014885295,0.7445377364217519,0.6974681792151507,0.6436624406124806
718,23.933333333333334,88.31491905916802,85.17740359028078,0.4406399726867676,0.2728991621864824,23.508121934055424,0.4406399726867676,0.4331246614456177,0.4406399726867676,0.5085440129041672,0.5637112557888031,0.6728391647338867,0.22836025059223175,0.5637112557888031,0.20663814994101568,0.8358651616356589,0.7850093092714964,0.7486540425866319,0.6106384392176001
719,23.966666666666665,87.95256717698935,120.38294222766504,0.43599408864974976,0.2812246879305673,12.118456046010664,0.43599408864974976,0.43557244539260864,0.43599408864974976,0.5054304003715515,0.5661491453647614,0.6737167835235596,0.2212466523051262,0.5661491453647614,0.2380819755428468,0.8338995566873839,0.24091294628511492,0.18399829331845352,0.5608992570910308
720,24.0,88.95530607803845,147.66493689108296,0.4305327534675598,0.29463523986236256,5.403631065723545,0.4305327534675598,0.43577784299850464,0.43577784299850464,0.5040222406387329,0.5683334171772003,0.6742773652076721,0.21232351660728455,0.5683334171772003,0.21279480585172159,0.8334834160226764,0.24493662965355245,0.19705651175165337,0.567677133774057
721,24.033333333333335,95.0433150456547,154.73182420588105,0.4256441593170166,0.3108699936170446,1.6358835746547697,0.4256441593170166,0.43706780672073364,0.43706780672073364,0.503274068236351,0.5702655613422394,0.6760179996490479,0.20640558749437332,0.5702655613422394,0.23808086103715262,0.8321360710895422,0.241273574886658,0.18839340950899652,0.6004004893863012
722,24.066666666666666,92.72841073227524,157.84629293248867,0.4176980257034302,0.32987646024959083,2.343849606815553,0.4176980257034302,0.4346349835395813,0.4346349835395813,0.5014335066080093,0.5738967061042786,0.6794493198394775,0.2049022987484932,0.5738967061042786,0.23974193757773005,0.8300263719125227,0.19227308265083,0.16165411690133039,0.5728397621967781
723,24.1,91.94178474132639,160.98949323930276,0.4122319221496582,0.35298923403440274,10.716721903721833,0.4122319221496582,0.4309988021850586,0.4309988021850586,0.5001208186149597,0.5784035623073578,0.6843327581882477,0.20437855273485184,0.5784035623073578,0.23980350396968175,0.8288966024463827,0.14325305141577213,0.12708296806929617,0.5537636084321005
724,24.133333333333333,92.00320975099638,161.70349114558155,0.4119270443916321,0.3325245822731487,20.740760902155046,0.4119270443916321,0.4217696785926819,0.4217696785926819,0.49895958602428436,0.5814642012119293,0.6867881119251251,0.20425337553024292,0.5814642012119293,0.24103777188398923,0.8287347798997705,0.1272975481685707,0.1179976147897559,0.5493182075116623
725,24.166666666666668,91.73126943326729,153.55692529914148,0.4135788679122925,0.30648693869053517,71.47854678131773,0.4135788679122925,0.41871148347854614,0.41871148347854614,0.4968124330043793,0.5844981968402863,0.6880669295787811,0.20266477763652802,0.5844981968402863,0.3081845178300035,0.8282901671799746,0.10308388584444997,0.11855345055166953,0.5405433292714866
726,24.2,101.10379760423453,158.2821652788571,0.4154650568962097,0.3177461578318806,17.363984074569487,0.4154650568962097,0.42044758796691895,0.42044758796691895,0.495949923992157,0.5837332308292389,0.6896176338195801,0.19801616668701172,0.5837332308292389,0.2704521541594867,0.8279853639277545,0.08605189346759595,0.10719461554212013,0.5875033325082484
727,24.233333333333334,98.61089412071969,160.74308654057958,0.4165135622024536,0.3361137339132567,11.110489326682341,0.4165135622024536,0.42197489738464355,0.42197489738464355,0.494955450296402,0.5846642255783081,0.6917119920253754,0.1941027194261551,0.5846642255783081,0.2784187100355858,0.8271808714577646,0.10415174066160074,0.10953372351099354,0.5790838228691452
728,24.266666666666666,110.87708717505947,162.11107892044686,0.41807401180267334,0.34212447498480014,10.511798595849314,0.41807401180267334,0.4229026436805725,0.4229026436805725,0.4946024715900421,0.5831181406974792,0.6916460990905762,0.19195781648159027,0.5831181406974792,0.25910438811917386,0.8274106356230649,0.11544464923984915,0.11605034552456249,0.650617212411174
729,24.3,117.03115305042064,161.42556814694257,0.4181329011917114,0.35363857232207035,75.11056318899574,0.4181329011917114,0.4238782525062561,0.4238782525062561,0.493263304233551,0.5839724540710449,0.6925605237483978,0.18861211836338043,0.5839724540710449,0.2393843764707068,0.8288304864457159,0.10090352762890774,0.10102735911733897,0.6804441307910092
730,24.333333333333332,122.33932538066357,162.02675484742358,0.4177975654602051,0.3701661614707478,19.857155150201265,0.4177975654602051,0.4244460463523865,0.4244460463523865,0.4923756718635559,0.5857155919075012,0.6925235986709595,0.18445169925689697,0.5857155919075012,0.24281704788268021,0.8294090872461145,0.106392947223175,0.10648781074619579,0.7115808029484167
731,24.366666666666667,116.18728704462545,165.12624797936607,0.41642844676971436,0.3613678100850099,14.598278145254824,0.41642844676971436,0.42483973503112793,0.42483973503112793,0.49190524220466614,0.5855670273303986,0.6927069425582886,0.18224940448999405,0.5855670273303986,0.23026400377904863,0.829748636393836,0.11560388640709444,0.11624336825466608,0.6801660939478252
732,24.4,118.69624348004608,170.52790935060477,0.417047917842865,0.3574120399265871,7.984034838845133,0.417047917842865,0.42210739850997925,0.42210739850997925,0.49154090881347656,0.5853417217731476,0.6940777897834778,0.17732181400060654,0.5853417217731476,0.22036455072198363,0.829078938924905,0.12061437073812664,0.12061980288516125,0.6956078861105828
733,24.433333333333334,93.58866839431928,166.12359235600942,0.4173441529273987,0.3345756777994928,24.069053768591544,0.4173441529273987,0.4204874038696289,0.4204874038696289,0.49110665917396545,0.5862272679805756,0.6968200504779816,0.17314467579126358,0.5862272679805756,0.2393086778928654,0.8274168719847997,0.11154010902959281,0.10152196700703531,0.5533990793439849
734,24.466666666666665,89.36811012638353,162.6199919917692,0.4167723059654236,0.30929931450274145,0.43487561417970255,0.4167723059654236,0.42047572135925293,0.42047572135925293,0.4906253218650818,0.586807519197464,0.6962911784648895,0.16900266706943512,0.586807519197464,0.2226136134701756,0.8244301035548701,0.11787597671287202,0.11080120425068993,0.5318522937159923
735,24.5,91.07920051635514,160.99290579058527,0.41411107778549194,0.2867710181213687,0.2852059351228604,0.41411107778549194,0.41843438148498535,0.41843438148498535,0.4902217984199524,0.588134765625,0.6967751979827881,0.16904304921627045,0.588134765625,0.21129958061376908,0.8218581568111073,0.12008017664220287,0.11273157761864773,0.5420196114168561
736,24.533333333333335,93.69972659438977,155.70640254160566,0.41423529386520386,0.288818905069713,1.7675373544407478,0.41423529386520386,0.41885530948638916,0.41885530948638916,0.48959851264953613,0.5890237987041473,0.6975416243076324,0.16539600491523743,0.5890237987041473,0.18654298094056246,0.8192359078111071,0.12385441845714304,0.11467994122218395,0.5577103621726416
737,24.566666666666666,87.70837581947195,151.93040430000974,0.41317498683929443,0.28702087377752755,4.984652302486836,0.41317498683929443,0.41823190450668335,0.41823190450668335,0.48907509446144104,0.5884900689125061,0.6985648572444916,0.16016871482133865,0.5884900689125061,0.17083022311995388,0.8165541544105067,0.11998444678698407,0.11070366142026046,0.5232640885887172
738,24.6,90.10155233041235,143.43812920936827,0.41170501708984375,0.291243157820814,5.410651716283354,0.41170501708984375,0.4179760813713074,0.4179760813713074,0.4888538122177124,0.5882221460342407,0.7007518708705902,0.15558183193206787,0.5882221460342407,0.18609106602757117,0.8143685591040235,0.1167881953833018,0.11751030648160228,0.5356006382283924
739,24.633333333333333,95.17585228620483,129.90500955923005,0.4121896028518677,0.2787656910611687,3.0110084587411734,0.4121896028518677,0.4155150055885315,0.4155150055885315,0.48902150988578796,0.5878786742687225,0.7024854123592377,0.15207888931035995,0.5878786742687225,0.17197831824319865,0.8125424646969998,0.09676587370837231,0.09685926613250692,0.5577844970358719
740,24.666666666666668,98.72952571042579,128.992442076347,0.41238075494766235,0.27738561181538446,1.7352735204421492,0.41238075494766235,0.4182282090187073,0.4182282090187073,0.4890808165073395,0.5866266489028931,0.703212171792984,0.14995866268873215,0.5866266489028931,0.1625957927922339,0.8111031380566683,0.06505096403801301,0.06651205377396228,0.5680126542693249
741,24.7,99.83315832280498,141.3208018772411,0.41239088773727417,0.26610327831407354,0.5461153078610437,0.41239088773727417,0.4183788299560547,0.4183788299560547,0.48898398876190186,0.5866205990314484,0.7063394784927368,0.15027060359716415,0.5866205990314484,0.17995106278609507,0.8070257330934206,0.04302419390400964,0.04581834937999278,0.5675359155201194
742,24.733333333333334,95.29941565005655,141.67955913908142,0.4124222993850708,0.2862210982452619,1.5121719664171565,0.4124222993850708,0.4184500575065613,0.4184500575065613,0.48902609944343567,0.5868138372898102,0.7068048715591431,0.150306798517704,0.5868138372898102,0.1884231426140444,0.8028595722985991,0.024295966223905403,0.034676566228191534,0.5367299879230413
743,24.766666666666666,91.2739235279244,145.2099984923908,0.41258901357650757,0.288302549411739,5.377458519212865,0.41258901357650757,0.41937482357025146,0.41937482357025146,0.48886439204216003,0.5869819819927216,0.7086890935897827,0.14917345345020294,0.5869819819927216,0.1903119520162415,0.8005543010252895,0.0217705057676283,0.03287136991555846,0.5136085046632018
744,24.8,87.42726047200098,157.54790914944303,0.4126098155975342,0.28767582435380085,128.59972317912016,0.4126098155975342,0.41939395666122437,0.41939395666122437,0.4881325960159302,0.5885922908782959,0.7095341682434082,0.14958786219358444,0.5885922908782959,0.203924220503748,0.7986966050935514,0.03898449466435598,0.053686508850399065,0.49740235102153446
745,24.833333333333332,91.79825035551328,160.6962875533665,0.411460280418396,0.27016327279080066,22.35562833748324,0.411460280418396,0.4181555509567261,0.4181555509567261,0.48693159222602844,0.5903462171554565,0.7091430425643921,0.15085101127624512,0.5903462171554565,0.20576550055033047,0.7990511481960615,0.05794409180425899,0.07596753027530996,0.5273735072941292
746,24.866666666666667,93.77494439825986,161.97159120815982,0.4106248617172241,0.26690013973880183,7.778120877632631,0.4106248617172241,0.4182555079460144,0.4182555079460144,0.4852892756462097,0.592554360628128,0.7096793949604034,0.15392045676708221,0.592554360628128,0.21414899910737384,0.798993746665391,0.06667592452894135,0.08619050133096633,0.5409746906823483
747,24.9,94.83506364162756,161.4583998950795,0.40987342596054077,0.25246821463357827,9.37122350142269,0.40987342596054077,0.4360106587409973,0.4360106587409973,0.4836563169956207,0.5949130058288574,0.710378110408783,0.15703906118869781,0.5949130058288574,0.21040725666907506,0.8019066130121549,0.07612441306236546,0.08322971540218131,0.5496987885944182
748,24.933333333333334,96.63037979053627,160.88469069361605,0.4080301523208618,0.2560668085288709,10.027822177617566,0.4080301523208618,0.44040805101394653,0.44040805101394653,0.48225218057632446,0.5970932245254517,0.712237536907196,0.15887393057346344,0.5970932245254517,0.2129703446473009,0.8045251209175948,0.08007614301792979,0.08423843648480794,0.560858286186136
749,24.966666666666665,96.25359781158465,157.93301708026846,0.4062383770942688,0.27302650436679027,10.60247371147861,0.4062383770942688,0.4198564887046814,0.4198564887046814,0.4811084270477295,0.597879946231842,0.7133089900016785,0.15973901003599167,0.597879946231842,0.1997818318230335,0.8080362282467611,0.06236058838700346,0.06251537777077197,0.5534503865804602
750,25.0,90.46831873664637,157.07240951774676,0.405706524848938,0.2830815376603077,9.392985415374284,0.405706524848938,0.4110991358757019,0.4110991358757019,0.4798189103603363,0.5982103943824768,0.7139403820037842,0.16204500943422318,0.5982103943824768,0.20059925078595287,0.812754350855495,0.04705556878302325,0.04321722526154545,0.5167184413940534
751,25.033333333333335,92.5679336258546,150.74362427374163,0.4055374264717102,0.2993403829513936,9.487711037689564,0.4055374264717102,0.40927982330322266,0.40927982330322266,0.47968098521232605,0.5982572436332703,0.7155831754207611,0.16189131140708923,0.5982572436332703,0.18998237571031268,0.8126780623287866,0.037701142083007906,0.03535700246457988,0.5255766405463168
752,25.066666666666666,94.60693218284287,144.65053300142225,0.4055286645889282,0.2789726147007049,8.63924829437255,0.4055286645889282,0.4088021516799927,0.4088021516799927,0.47923654317855835,0.5984801352024078,0.7164048254489899,0.1625482738018036,0.5984801352024078,0.17585037544317633,0.8132712743950613,0.027550697877363764,0.030306512171932205,0.5338592770456696
753,25.1,84.20724717491187,137.10656621042605,0.40467721223831177,0.28219527584585147,9.082105206349553,0.40467721223831177,0.4078373908996582,0.4078373908996582,0.4786701798439026,0.5998978316783905,0.7163158059120178,0.16314854472875595,0.5998978316783905,0.18449306035328628,0.8139789244442275,0.025170948065285276,0.033312153686037384,0.47536932428020706
754,25.133333333333333,87.6116053102367,126.65868840422131,0.4045684337615967,0.28013259978018346,10.284352358890715,0.4045684337615967,0.4067748188972473,0.4067748188972473,0.47815924882888794,0.5997235774993896,0.7164578139781952,0.16287117451429367,0.5997235774993896,0.19350098961564569,0.8145011893727563,0.026295859340758797,0.03398980787490112,0.49461989841465376
755,25.166666666666668,81.5587704789259,115.53768927569217,0.40348953008651733,0.29634673935027284,15.832623178496135,0.40348953008651733,0.40665149688720703,0.40665149688720703,0.47783738374710083,0.6020247042179108,0.7166195809841156,0.16451936215162277,0.6020247042179108,0.1799154331348166,0.8148978661858675,0.024245718985456098,0.03192438186704551,0.460377996134114
756,25.2,84.25237196919777,126.99377895391534,0.40380728244781494,0.29460828974280984,20.738310099229665,0.40380728244781494,0.40785229206085205,0.40785229206085205,0.4776994585990906,0.602077454328537,0.7172655165195465,0.16478785127401352,0.602077454328537,0.197991561015446,0.81436452088934,0.023265827475989362,0.028038937589899688,0.4750484814050066
757,25.233333333333334,84.91176490006315,106.94654892723219,0.4039990305900574,0.2911051300438653,29.444143335966686,0.4039990305900574,0.40826094150543213,0.40826094150543213,0.4775770604610443,0.6018335521221161,0.7173366546630859,0.16503818333148956,0.6018335521221161,0.1964093244455463,0.8119608195442142,0.031837300324183304,0.0367299522183115,0.481283217319828
758,25.266666666666666,84.01852172050658,107.71997950054417,0.4041023254394531,0.2901056175329457,33.04718464850109,0.4041023254394531,0.4087284803390503,0.4087284803390503,0.47754183411598206,0.6016475856304169,0.7186156511306763,0.16591054946184158,0.6016475856304169,0.20497383870169875,0.8100722964965936,0.026376435839596146,0.026972507346434343,0.4746824958658043
759,25.3,86.35166738990083,106.22635484753717,0.40403521060943604,0.26947936123461275,20.622813824199056,0.40403521060943604,0.4088706970214844,0.4088706970214844,0.477485328912735,0.6020695567131042,0.7205820977687836,0.16763576120138168,0.6020695567131042,0.24459157767416415,0.8078618469563398,0.03367106263873351,0.03797333929889312,0.4898328042910691
760,25.333333333333332,91.14953892578986,103.13409225557928,0.40408772230148315,0.2717009583229233,19.5286486464897,0.40408772230148315,0.4089297652244568,0.4089297652244568,0.47713804244995117,0.6026439070701599,0.7243584394454956,0.16869422793388367,0.6026439070701599,0.24498689101761117,0.8085481641870557,0.034909120711831915,0.04222897184045365,0.5168590635790488
761,25.366666666666667,89.16722619700202,111.61546087516693,0.40452003479003906,0.2598238362821425,17.604460268519233,0.40452003479003906,0.40885889530181885,0.40885889530181885,0.4767281711101532,0.6040453612804413,0.7273884117603302,0.17026768624782562,0.6040453612804413,0.2255175480401102,0.8081863508983091,0.03958829848259553,0.04617206767492996,0.5072499684170122
762,25.4,92.37575471622861,100.90332254353247,0.40481746196746826,0.25322982140029654,15.08110412744145,0.40481746196746826,0.4074952006340027,0.4074952006340027,0.47603172063827515,0.605013519525528,0.7308973073959351,0.17069626599550247,0.605013519525528,0.23486883878276252,0.8081652896873879,0.05069964399421213,0.05706176278119191,0.5284085305106447
763,25.433333333333334,85.05471233207867,106.2734511414071,0.4060952067375183,0.23335394233419662,16.234837893460906,0.4060952067375183,0.4093036651611328,0.4093036651611328,0.475734680891037,0.606145977973938,0.7312093377113342,0.17175333946943283,0.606145977973938,0.1996594458438776,0.80610014769164,0.05232716230721944,0.054094444986372045,0.4882243283148251
764,25.466666666666665,81.20600947620237,114.3294199957559,0.40648382902145386,0.24134751173749414,13.714918718015866,0.40648382902145386,0.40979713201522827,0.40979713201522827,0.47516992688179016,0.6066373288631439,0.7331609129905701,0.17531058192253113,0.6066373288631439,0.21548334441204517,0.8043660022544138,0.055538314659725044,0.05254610174271015,0.4678059914879307
765,25.5,77.62300729918826,106.58590971264593,0.4076470136642456,0.2680414989190231,17.2946050837665,0.4076470136642456,0.4068787097930908,0.4076470136642456,0.4752027690410614,0.6063456833362579,0.7349477112293243,0.175957590341568,0.6063456833362579,0.21861511012923185,0.8051528930664062,0.07530541871767327,0.06893866738833455,0.45383055505523673
766,25.533333333333335,80.10452579347927,120.41612615428727,0.40879881381988525,0.24549122995803926,12.750504150705353,0.40879881381988525,0.41013985872268677,0.41013985872268677,0.47529757022857666,0.6061223745346069,0.7354300022125244,0.17779309302568436,0.6061223745346069,0.1945602090913763,0.8056246536699209,0.07508442097977082,0.06939109767733971,0.4675504695910383
767,25.566666666666666,77.86048518309664,119.48659037403496,0.4092530608177185,0.23957458114193175,16.674242827777846,0.4092530608177185,0.4110444188117981,0.4110444188117981,0.4753124713897705,0.6060051620006561,0.7361761629581451,0.18158215284347534,0.6060051620006561,0.21189949464703825,0.8053276281465184,0.07262759007753003,0.06685942335817366,0.4543465280404626
768,25.6,80.63817757111428,117.51755835828116,0.4093143939971924,0.24377482248358648,18.435535530830094,0.4093143939971924,0.4112129807472229,0.4112129807472229,0.47537070512771606,0.6058880686759949,0.7367965579032898,0.18320248275995255,0.6058880686759949,0.2037911263283672,0.8055582631266478,0.08293719817347217,0.08091181058707571,0.472871034847121
769,25.633333333333333,81.83862153323415,123.391686281535,0.4092777967453003,0.2567235610439048,18.969760811726246,0.4092777967453003,0.4117456078529358,0.4117456078529358,0.47537654638290405,0.6058412194252014,0.7376973330974579,0.18637120723724365,0.6058412194252014,0.1933281631742327,0.8050879339377085,0.0933524416941619,0.0919562758417485,0.48266474102621604
770,25.666666666666668,81.86004501230508,117.4231693486471,0.40921539068222046,0.2689590858522624,39.690021618090185,0.40921539068222046,0.4107690453529358,0.4107690453529358,0.47539326548576355,0.6059790849685669,0.7391232550144196,0.18941985815763474,0.6059790849685669,0.19626561632014522,0.8042392744259401,0.10875582043673712,0.10737585493037036,0.4874047739771605
771,25.7,83.35258165668007,108.3446886686721,0.40781259536743164,0.2673336979837224,134.38132203097518,0.40781259536743164,0.40890854597091675,0.40890854597091675,0.4751508831977844,0.6065708696842194,0.7391018569469452,0.19306187331676483,0.6065708696842194,0.2104474306187874,0.803081629628485,0.13438399301111748,0.13209605940831395,0.5033850959960023
772,25.733333333333334,82.89446206224866,111.4362911459068,0.4065667390823364,0.29194163871879136,40.20492214006214,0.4065667390823364,0.40924084186553955,0.40924084186553955,0.47453930974006653,0.6076951026916504,0.7400766015052795,0.19932253658771515,0.6076951026916504,0.22275041158756664,0.8026583646283005,0.14982775895423325,0.14753776023493953,0.5054731169209847
773,25.766666666666666,76.48982338113753,109.69318858186105,0.40525001287460327,0.3303568763222399,121.15018637984042,0.40525001287460327,0.41693317890167236,0.41693317890167236,0.47443878650665283,0.6076036393642426,0.7396725714206696,0.20506639778614044,0.6076036393642426,0.21680922689363777,0.8038131176973834,0.18424671006970955,0.18194610229663952,0.48021747624945466
774,25.8,71.69128837112686,109.36943840753541,0.40536046028137207,0.3472855926116294,166.39235950298553,0.40536046028137207,0.4165341258049011,0.4165341258049011,0.474109411239624,0.607504665851593,0.7396230697631836,0.21080823242664337,0.607504665851593,0.22583970490433167,0.8054100026686987,0.2136961434586177,0.21266454342830196,0.4623937784327345
775,25.833333333333332,75.91285017188582,112.44246361765124,0.4053288698196411,0.37117541335533527,176.357284308596,0.4053288698196411,0.420423686504364,0.420423686504364,0.47352591156959534,0.6076206564903259,0.7397533655166626,0.21959395706653595,0.6076206564903259,0.23396634096079844,0.8060681707028187,0.1859710357315384,0.18458376205275548,0.47752936722993833
776,25.866666666666667,71.60861933628179,110.59982358021053,0.40488123893737793,0.38325207667055117,173.60487152735135,0.40488123893737793,0.40619784593582153,0.40619784593582153,0.47309666872024536,0.6080366373062134,0.7400233745574951,0.22839365154504776,0.6080366373062134,0.25637655309774576,0.8071004450321198,0.1734769097814196,0.17449580541456322,0.4498687359137692
777,25.9,70.07332483333161,105.18780471479424,0.40424710512161255,0.3734646895562529,17.677012735153312,0.40424710512161255,0.4067796468734741,0.4067796468734741,0.4731179177761078,0.6083832383155823,0.740986704826355,0.23003819584846497,0.6083832383155823,0.27964857538457794,0.8113459996653326,0.1562166356255735,0.15508200144282125,0.43616123976173654
778,25.933333333333334,74.3318175954649,102.15934502244322,0.40411245822906494,0.38249373531766284,63.30604533750514,0.40411245822906494,0.402498722076416,0.40411245822906494,0.472960889339447,0.609800398349762,0.7403454184532166,0.23384631425142288,0.609800398349762,0.3346983051274677,0.814587815015605,0.12122541068307835,0.12007898691501154,0.4493221654019507
779,25.966666666666665,68.93684256659832,89.8546838508083,0.4026378393173218,0.3113126266861197,172.66606897276097,0.4026378393173218,0.4014037251472473,0.4026378393173218,0.4723162353038788,0.6102951765060425,0.7390386462211609,0.23630405962467194,0.6102951765060425,0.27283680911836117,0.817725328107675,0.08806506579345298,0.08353118207197167,0.4094019784413599
780,26.0,73.32584485933178,80.43018870261938,0.40243637561798096,0.3370005027541746,163.15676962009906,0.40243637561798096,0.4012225270271301,0.40243637561798096,0.47116875648498535,0.6104772984981537,0.7362227439880371,0.23925109207630157,0.6104772984981537,0.24072571469698725,0.8197961158373139,0.10848243687659695,0.10050826603725603,0.43991053583704454
781,26.033333333333335,72.5051591708128,76.6708988445313,0.4005929231643677,0.35488206533742367,174.66647157537443,0.4005929231643677,0.3989991545677185,0.4005929231643677,0.4705685079097748,0.6104870736598969,0.7354596555233002,0.2419692948460579,0.6104870736598969,0.24094130574022257,0.8204891808105238,0.10675093938140193,0.09415365451855094,0.43483172165226947
782,26.066666666666666,71.75336041610986,79.92606979870368,0.39807480573654175,0.3598158383881218,129.9016903763104,0.39807480573654175,0.3988072872161865,0.3988072872161865,0.4682379961013794,0.6105128824710846,0.7351208031177521,0.24647940695285797,0.6105128824710846,0.2387696517932113,0.8205341489026041,0.11490766549630246,0.10382975997528578,0.43310207973839
783,26.1,68.13865270761143,87.28277987141027,0.39601773023605347,0.3201441906300836,72.8316424909759,0.39601773023605347,0.39922136068344116,0.39922136068344116,0.46746277809143066,0.611436277627945,0.7325764894485474,0.24933813512325287,0.611436277627945,0.29763589053844075,0.821277286744479,0.10474706782874305,0.09371753070451003,0.4099721909464642
784,26.133333333333333,78.63577363448942,91.82127229471492,0.3947449326515198,0.3590076726660015,116.77659465660759,0.3947449326515198,0.3969864249229431,0.3969864249229431,0.46689826250076294,0.6122943162918091,0.731135219335556,0.2533675283193588,0.6122943162918091,0.29496355587925355,0.8213821572787834,0.08793521118746782,0.08451938374971733,0.46324597243673715
785,26.166666666666668,74.82742267837858,87.1207720258985,0.39490562677383423,0.3744657048651188,63.554585741132,0.39490562677383423,0.39643245935440063,0.39643245935440063,0.4664701819419861,0.6125017404556274,0.7312822937965393,0.25461772084236145,0.6125017404556274,0.22561935104087535,0.8205552647511164,0.07059028727131057,0.0702873690742485,0.4368849899501631
786,26.2,70.56095478262702,82.46507517480504,0.39494264125823975,0.3790644295876642,74.1146329358081,0.39494264125823975,0.39394545555114746,0.39494264125823975,0.4659786820411682,0.613584965467453,0.7318763434886932,0.2550986707210541,0.613584965467453,0.24771426849014777,0.8196574223764015,0.061419011066771556,0.0640999710197096,0.41043100766795937
787,26.233333333333334,69.33757217019064,81.08075598398244,0.39416635036468506,0.37480475316638934,57.23719349360093,0.39416635036468506,0.3929781913757324,0.39416635036468506,0.4653092324733734,0.613563746213913,0.7327818870544434,0.2572367489337921,0.613563746213913,0.2551794320076195,0.8191668953407895,0.04616145431658772,0.0496758045430967,0.39905717057381324
788,26.266666666666666,65.83559288166093,84.56964395755827,0.39387863874435425,0.37608400047846186,49.04289228400202,0.39387863874435425,0.3936445116996765,0.39387863874435425,0.4648093283176422,0.613522469997406,0.7334215342998505,0.2592092454433441,0.613522469997406,0.2628485107888844,0.8171523364655899,0.05899623001088101,0.06290910416745937,0.38345216279026945
789,26.3,65.1264567901695,86.47172705557982,0.3934745788574219,0.3589753059917009,34.50856077536713,0.3934745788574219,0.3942530155181885,0.3942530155181885,0.46453508734703064,0.6140472590923309,0.7337100803852081,0.2608427256345749,0.6140472590923309,0.24837737797391857,0.8183164081790231,0.06633063517198062,0.06983408010707144,0.38171283938586914
790,26.333333333333332,64.32670801931019,84.55190555292614,0.3927447199821472,0.34357280887512376,25.230966707147644,0.3927447199821472,0.3922097682952881,0.3927447199821472,0.4639868140220642,0.6150650680065155,0.7338517904281616,0.2641630619764328,0.6150650680065155,0.2494183469764264,0.8175076361406933,0.07786832993538557,0.08284077747899925,0.3807310990878945
791,26.366666666666667,69.16676302946267,84.19699417094267,0.39272671937942505,0.3528251679607727,29.244791803007928,0.39272671937942505,0.392875611782074,0.392875611782074,0.46378979086875916,0.6166671514511108,0.7340785264968872,0.2658677399158478,0.6166671514511108,0.2457808234959597,0.8166101615537297,0.08598531328839791,0.09116093872099523,0.41005538859464535
792,26.4,63.79562844794804,99.07009633094205,0.39292508363723755,0.35143941224936204,21.790730401299527,0.39292508363723755,0.3921036124229431,0.39292508363723755,0.4635089933872223,0.6176474094390869,0.7343463599681854,0.2700606435537338,0.6176474094390869,0.28803259252955965,0.8157664429057728,0.08158169829437957,0.08611225402405444,0.37889466753246964
793,26.433333333333334,52.37605107498655,84.7584482841539,0.39306509494781494,0.3421745188578553,20.632182939130132,0.39306509494781494,0.39559364318847656,0.39559364318847656,0.4635690748691559,0.617316335439682,0.735779881477356,0.27340391278266907,0.617316335439682,0.259800738559633,0.8147726835626544,0.0755307916793632,0.07920624817527183,0.313637299031512
794,26.466666666666665,51.981273656743554,83.65861363252652,0.39264822006225586,0.35183137901057465,19.001643852945506,0.39264822006225586,0.3956601619720459,0.3956601619720459,0.463238924741745,0.617511123418808,0.7359021008014679,0.2742561995983124,0.617511123418808,0.27397557589757204,0.8134472697521701,0.07381061411178694,0.07170476798741864,0.3109280378821114
795,26.5,51.59414840632876,87.17497915210794,0.39200395345687866,0.3499710138600506,18.03712018215151,0.39200395345687866,0.3956637382507324,0.3956637382507324,0.46296438574790955,0.6178086400032043,0.7360060811042786,0.27655889093875885,0.6178086400032043,0.27258668985460943,0.8119476548198498,0.06083452343170576,0.05856078351564131,0.3048845148424493
796,26.533333333333335,51.24645911779687,84.92908461724848,0.3910949230194092,0.35166760549015746,14.600991118107828,0.3910949230194092,0.3955466151237488,0.3955466151237488,0.4625084400177002,0.617848128080368,0.7365805804729462,0.2776472866535187,0.617848128080368,0.2557201324991047,0.8108532268441084,0.06601832361556441,0.0628261110492841,0.3045080477390964
797,26.566666666666666,56.79671127170625,89.77805193016404,0.3910641670227051,0.4104674263395507,32.49713702692094,0.3910641670227051,0.39528489112854004,0.39528489112854004,0.46117284893989563,0.6184265613555908,0.7371583878993988,0.2796819657087326,0.6184265613555908,0.2856243009028932,0.8104965011730338,0.0786491989418368,0.06266301696922108,0.33913204452536355
798,26.6,50.36936227438441,89.50919807797221,0.38988155126571655,0.37400966827851523,67.26754749695405,0.38988155126571655,0.39471936225891113,0.39471936225891113,0.46043649315834045,0.6189186275005341,0.7388955652713776,0.2837226241827011,0.6189186275005341,0.2794617044106493,0.8105537363074042,0.07099586718791133,0.056250454450769406,0.30112855056962007
799,26.633333333333333,53.266316445953045,88.91232508895976,0.38689935207366943,0.3148613239222581,60.22679296262986,0.38689935207366943,0.39413249492645264,0.39413249492645264,0.4598018229007721,0.6194521188735962,0.7399135231971741,0.2830646485090256,0.6194521188735962,0.2760096514551283,0.8103842945261435,0.06876614371376687,0.05786490551984674,0.3165538233694248
800,26.666666666666668,51.60264626163062,96.51800671232476,0.38727426528930664,0.34514430169059285,90.44875598844871,0.38727426528930664,0.3939247131347656,0.3939247131347656,0.4581712782382965,0.6201349496841431,0.7410414516925812,0.28411532938480377,0.6201349496841431,0.28668439601638224,0.8104973746971651,0.06695790510085343,0.05761574611025676,0.3067687396504261
801,26.7,50.88159088412334,89.60544444386785,0.38623273372650146,0.3483206611963786,86.33712531110076,0.38623273372650146,0.3927009701728821,0.3927009701728821,0.4565824270248413,0.6214893460273743,0.7434397637844086,0.2842167317867279,0.6214893460273743,0.27358960660787823,0.8110712427984584,0.06443619627780897,0.04776643204688696,0.302006363795139
802,26.733333333333334,64.45449192468539,90.21490882742312,0.3849361538887024,0.3940273314120186,90.0579547516494,0.3849361538887024,0.3916941285133362,0.3916941285133362,0.45472845435142517,0.623214602470398,0.7479658722877502,0.2853673994541168,0.623214602470398,0.2553226428206293,0.8113431325464537,0.06336677285406368,0.06709749410698804,0.37709054254891566
803,26.766666666666666,59.403983476138485,98.13189661631122,0.3811710476875305,0.3850519559373694,82.26976301555567,0.3811710476875305,0.38910847902297974,0.38910847902297974,0.4520057737827301,0.6256047189235687,0.7529808580875397,0.285800039768219,0.6256047189235687,0.26946008619860595,0.811286029942108,0.08583047592578098,0.08265935109387122,0.3557712732007259
804,26.8,59.77599442622946,111.20692357950864,0.37832099199295044,0.4238035436686445,138.02086291360706,0.37832099199295044,0.3846585750579834,0.3846585750579834,0.4472247064113617,0.6296555697917938,0.7592656314373016,0.28618311882019043,0.6296555697917938,0.2885269945994074,0.8097924716544874,0.11312969986761502,0.10767833845596311,0.36602776788378155
805,26.833333333333332,60.4034107115568,97.93473945694716,0.3735961318016052,0.4293958932717895,139.2371422826103,0.3735961318016052,0.3814926743507385,0.3814926743507385,0.44408485293388367,0.6333307027816772,0.7609795033931732,0.2850470691919327,0.6333307027816772,0.27336925576337173,0.8097174093127251,0.12260606726753116,0.11836307222754601,0.3723563241333527
806,26.866666666666667,57.87558512147289,74.21856801368386,0.36915677785873413,0.43114329553706204,174.19584641147785,0.36915677785873413,0.3756289482116699,0.3756289482116699,0.44081923365592957,0.637683629989624,0.7593031823635101,0.28163957595825195,0.637683629989624,0.2677699531997396,0.807917950279785,0.12958925522053402,0.13158375071874945,0.36040780501878733
807,26.9,57.481061702670935,75.02926179382244,0.36687523126602173,0.434735396839652,178.38447873286293,0.36687523126602173,0.37547117471694946,0.37547117471694946,0.437813937664032,0.6406981945037842,0.7580279409885406,0.2792374789714813,0.6406981945037842,0.337923799247432,0.8069303640813539,0.14008181449736617,0.13160281635817023,0.361363776030715
808,26.933333333333334,53.65893118736937,59.52412093961687,0.36444514989852905,0.3812287181483366,162.13210267497638,0.36444514989852905,0.3732760548591614,0.3732760548591614,0.43666598200798035,0.6423789262771606,0.757017970085144,0.2749207317829132,0.6423789262771606,0.35686843174589705,0.8041728037324819,0.13726760889352632,0.1345132927942353,0.33928545593122106
809,26.966666666666665,53.63525612503328,62.71578424597143,0.3622523546218872,0.363787727536901,153.91210399018547,0.3622523546218872,0.3713313341140747,0.3713313341140747,0.43549004197120667,0.642309159040451,0.7573178112506866,0.27084922790527344,0.642309159040451,0.4126379297359361,0.8009013427477895,0.12610276677728316,0.1235033365098794,0.3358044751722587
810,27.0,55.21432986330507,64.09887537567622,0.36144667863845825,0.33781446268907883,134.74686024914178,0.36144667863845825,0.3707292079925537,0.3707292079925537,0.43460628390312195,0.6426795721054077,0.7583413422107697,0.266533300280571,0.6426795721054077,0.39848418085683746,0.7991593353676073,0.1409209186481375,0.13395067797864058,0.34902255261280274
811,27.033333333333335,52.05625063118903,65.72907334361027,0.3620471954345703,0.33577813212111185,135.03460554286983,0.3620471954345703,0.37220919132232666,0.37220919132232666,0.43450236320495605,0.6428915858268738,0.7592630982398987,0.26284636557102203,0.6428915858268738,0.39817874534657066,0.7985442953579354,0.13504202897865755,0.12930333858363852,0.3297140010890919
812,27.066666666666666,55.71736239784909,65.34371205999588,0.36352652311325073,0.32838115366905934,40.13455649586112,0.36352652311325073,0.37206679582595825,0.37206679582595825,0.4344753623008728,0.6426415741443634,0.7591625154018402,0.2572561651468277,0.6426415741443634,0.37077819883045604,0.7986013078779886,0.12270126830842853,0.11892102392133355,0.34635128270280124
813,27.1,59.7095561264412,65.62820587415203,0.36449873447418213,0.3148572347123793,13.461406091947026,0.36449873447418213,0.3729405403137207,0.3729405403137207,0.4345480799674988,0.6428314447402954,0.7594279646873474,0.2534029930830002,0.6428314447402954,0.38490222232070753,0.7980647324161096,0.13108228437896927,0.1261791663789195,0.3710444415716974
814,27.133333333333333,62.54245446226896,65.02345778989348,0.36318784952163696,0.3014025327283521,12.207160637427961,0.36318784952163696,0.3734073042869568,0.3734073042869568,0.4347327947616577,0.6436119675636292,0.7596812844276428,0.25119518488645554,0.6436119675636292,0.4085460530924676,0.7974144035216534,0.13196296967407906,0.12302499228983421,0.3870469712481624
815,27.166666666666668,59.34347877592989,68.59010450481075,0.3649672269821167,0.33869241016308216,13.402784809022108,0.3649672269821167,0.37479257583618164,0.37479257583618164,0.43467289209365845,0.6442293524742126,0.7607911825180054,0.24568819999694824,0.6442293524742126,0.41143750959142317,0.7966040492509351,0.1394758593108198,0.13157601958654702,0.3715287509928564
816,27.2,61.94352206852267,79.54609764407222,0.36722052097320557,0.34682587606989634,2.6503428915590064,0.36722052097320557,0.37856805324554443,0.37856805324554443,0.4365304410457611,0.6440368592739105,0.7608407735824585,0.24252672493457794,0.6440368592739105,0.45550231804641894,0.7964643822474913,0.16590843562219912,0.15489885513139687,0.393903208845119
817,27.233333333333334,72.48559246410873,127.14238519691352,0.36840635538101196,0.2936831634839526,1.5416590243623318,0.36840635538101196,0.3794153928756714,0.3794153928756714,0.4385552704334259,0.6429359316825867,0.7616414129734039,0.23559261858463287,0.6429359316825867,0.3730803277961328,0.7985442818114252,0.19922945339863987,0.19081245470014518,0.46246657193130714
818,27.266666666666666,65.05630176554618,146.18045866347742,0.3719521760940552,0.3081763345560144,3.2769116780738727,0.3719521760940552,0.3803408145904541,0.3803408145904541,0.44140714406967163,0.641404926776886,0.7608227729797363,0.2280004620552063,0.641404926776886,0.3132919692981035,0.7974745653795473,0.21595802719040788,0.21003018273082574,0.4262113068546011
819,27.3,72.59175903816832,155.49209070289743,0.3733564019203186,0.27495714476446964,1.037223878685154,0.3733564019203186,0.3819677233695984,0.3819677233695984,0.4429389536380768,0.6390891373157501,0.760678231716156,0.22000163048505783,0.6390891373157501,0.27689445991568173,0.797988932241093,0.2536017133116791,0.25253699231730736,0.47936806420554995
820,27.333333333333332,75.98847273242599,146.3306179893251,0.37305742502212524,0.2652641789495885,1.5462164016637985,0.37305742502212524,0.38175082206726074,0.38175082206726074,0.44417592883110046,0.6373522281646729,0.7604525685310364,0.21143142879009247,0.6373522281646729,0.25358075288485504,0.7970615964044224,0.2721251850040181,0.27108272121537436,0.5037957373480164
821,27.366666666666667,84.38325470498893,119.13812935603002,0.37286192178726196,0.2438957577326928,0.8230947776346511,0.37286192178726196,0.38171035051345825,0.38171035051345825,0.4443832337856293,0.6359421908855438,0.760734498500824,0.20127706229686737,0.6359421908855438,0.2112178219368473,0.7962871356443926,0.2916369295682063,0.29430730263274324,0.5562869383426227
822,27.4,84.47754068984077,105.8909378245533,0.37235939502716064,0.21999697944154573,15.307519701144173,0.37235939502716064,0.38054078817367554,0.38054078817367554,0.4441383481025696,0.6361614763736725,0.7592936456203461,0.19116752594709396,0.6361614763736725,0.20191998043719775,0.7944580969033819,0.30018594794108483,0.2992578090718257,0.5593754548814408
823,27.433333333333334,81.20544535350058,88.56924069969332,0.37169212102890015,0.21875937808042317,56.72994240178649,0.37169212102890015,0.38047248125076294,0.38047248125076294,0.4436456263065338,0.6364501714706421,0.7591781318187714,0.17955536395311356,0.6364501714706421,0.21657514064707722,0.7941053852890477,0.3145337921029024,0.31458562137615514,0.545501500705874
824,27.466666666666665,88.35036083484556,80.25037479907913,0.3744886517524719,0.1920386735352192,53.2354314886195,0.3744886517524719,0.3811494708061218,0.3811494708061218,0.44202014803886414,0.6371291875839233,0.7586231827735901,0.17042818665504456,0.6371291875839233,0.2805461308950955,0.7942947113152706,0.3382729193358486,0.31919210318517827,0.5923172137721189
825,27.5,76.15648063427325,104.95570899999862,0.37653404474258423,0.3271727063847855,6.943220641536527,0.37653404474258423,0.3843877911567688,0.3843877911567688,0.4401637613773346,0.6405326724052429,0.7586637437343597,0.1596538946032524,0.6405326724052429,0.3452771996563774,0.7956240985429648,0.38270502248755417,0.31263701252856724,0.5379030658255621
826,27.533333333333335,104.94382028312825,80.99786709537054,0.3860434293746948,0.16587812922554476,4.007470548908145,0.3860434293746948,0.3923206925392151,0.3923206925392151,0.43745726346969604,0.6440947651863098,0.7585791647434235,0.14922595769166946,0.6440947651863098,0.29818872604012747,0.7958984984592958,0.43237818450844123,0.3044016541679728,0.703021223795157
827,27.566666666666666,120.80647454242975,77.73995430508404,0.4018406867980957,0.08126536515698582,18.409329286084045,0.4018406867980957,0.4036613702774048,0.4036613702774048,0.43394264578819275,0.6489624381065369,0.7585740089416504,0.14163284748792648,0.6489624381065369,0.40461511180765897,0.7935545507705573,0.47833798022709995,0.3095968199253667,0.7911470807912764
828,27.6,127.41683019550801,75.05952607120234,0.41956138610839844,0.07824280006952838,37.21887554152573,0.41956138610839844,0.41399210691452026,0.41956138610839844,0.4294881522655487,0.6537091135978699,0.7592128217220306,0.13255584239959717,0.6537091135978699,0.3728655318422473,0.7934923582907879,0.4946090104359797,0.28975450760481614,0.8278712788639334
829,27.633333333333333,121.65636137667605,81.56970982763573,0.43372416496276855,0.16438064567006905,106.74235746089165,0.43372416496276855,0.42840832471847534,0.43372416496276855,0.42670583724975586,0.6559238135814667,0.7594899833202362,0.12278544530272484,0.6559238135814667,0.3222571258465495,0.7933634596340584,0.4652686012240375,0.2577562137226267,0.816923657453905
830,27.666666666666668,72.54249477498419,91.26797382234571,0.4453141689300537,0.24666190222247827,7.138972430337702,0.4453141689300537,0.445026159286499,0.4453141689300537,0.4251381456851959,0.6592551171779633,0.7613487541675568,0.11552081629633904,0.6592551171779633,0.2584047179062701,0.7933317296432726,0.4138408500980361,0.24839079680187667,0.5835419295955966
831,27.7,63.551391401377956,99.97762276099043,0.4529991149902344,0.22442774098112087,10.866093006085492,0.4529991149902344,0.4534491300582886,0.4534491300582886,0.4247090816497803,0.6617723405361176,0.7632190585136414,0.1104218140244484,0.6617723405361176,0.21319780866708002,0.794835396788337,0.3712465683225273,0.21162678736232712,0.5506574012854939
832,27.733333333333334,59.13134686011144,104.59423990252621,0.45831477642059326,0.24634532328270925,94.12428755493664,0.45831477642059326,0.45641618967056274,0.45831477642059326,0.4255186915397644,0.663689136505127,0.7647727131843567,0.1032138280570507,0.663689136505127,0.2289882660116178,0.7929851390195616,0.3150075131916458,0.19526415766424987,0.521397991156155
833,27.766666666666666,82.65743992702248,107.5489301151218,0.47048741579055786,0.10426764097262936,50.67609082106242,0.47048741579055786,0.4666450619697571,0.47048741579055786,0.42622724175453186,0.6626949906349182,0.7664762735366821,0.09921984001994133,0.6626949906349182,0.23912712407239628,0.7915805776913961,0.3172882645205689,0.19729364173788647,0.6871750010588179
834,27.8,51.34884816022238,114.14765402394912,0.4740407466888428,0.2807433750605258,36.220336020275596,0.4740407466888428,0.47603702545166016,0.47603702545166016,0.4343109428882599,0.6605891287326813,0.7679653465747833,0.09223941713571548,0.6605891287326813,0.2423451993190579,0.791172882824233,0.31243418386801847,0.2318931965496529,0.5041798815185085
835,27.833333333333332,56.563118102865936,119.02255210321627,0.4863365888595581,0.36136528894495196,40.80663463793937,0.4863365888595581,0.48487967252731323,0.4863365888595581,0.4457365870475769,0.6558001339435577,0.7679006159305573,0.08542333915829659,0.6558001339435577,0.24804929720412738,0.7909621424747236,0.3515563828862096,0.2684647939026656,0.5415064653177284
836,27.866666666666667,64.94210374458243,131.91003228266905,0.4938465356826782,0.3624481944182531,0.9392807099673064,0.4938465356826782,0.4920644760131836,0.4938465356826782,0.45681044459342957,0.6449935436248779,0.7677251398563385,0.08162981271743774,0.6449935436248779,0.2566178303371218,0.7911567570585193,0.36329196921451146,0.31785801406260694,0.5808853292797795
837,27.9,65.80255601977353,151.74002477550138,0.5072217881679535,0.4706205438216507,38.95799124233454,0.5072217881679535,0.5002043545246124,0.5072217881679535,0.4668551981449127,0.6338993310928345,0.7657284438610077,0.07384373992681503,0.6338993310928345,0.266447829698825,0.7920588905161078,0.45729647905949267,0.36896186299731387,0.6066695257345308
838,27.933333333333334,51.02114678553606,167.24623089257733,0.5209013819694519,0.5051596673768428,150.9937984283889,0.5209013819694519,0.5097951292991638,0.5209013819694519,0.4766777753829956,0.6228748261928558,0.7546828389167786,0.06828182935714722,0.6228748261928558,0.24559618560013013,0.7950343426429864,0.5464417689490548,0.4196906453335176,0.5361216352345692
839,27.966666666666665,50.112369353872324,166.14708396331943,0.541115403175354,0.5523859063642984,56.53247285446986,0.541115403175354,0.5275665521621704,0.541115403175354,0.4856967031955719,0.6125668287277222,0.744156152009964,0.05629630759358406,0.6125668287277222,0.25095871166335076,0.7993406391505039,0.6121933442975694,0.4694900768980832,0.5646581519053037
840,28.0,120.14862561235992,154.1116617932223,0.567138284444809,0.430118057090043,2.22342484810585,0.567138284444809,0.555186539888382,0.567138284444809,0.4926604926586151,0.6014862060546875,0.7343525290489197,0.043688442558050156,0.6014862060546875,0.23157492750560585,0.8073083053935658,0.5980573574035014,0.4689468238138775,1.0109257398716922
841,28.033333333333335,77.82668016366543,117.60986637698839,0.5609981715679169,0.22265116815935992,2.6164623440022865,0.5609981715679169,0.5684247016906738,0.5684247016906738,0.4996006637811661,0.5942338705062866,0.7266229093074799,0.02531497273594141,0.5942338705062866,0.19190042278838465,0.8093210133639249,0.5650833148309495,0.4458444312173672,0.7588425590822201
842,28.066666666666666,105.51399297006824,103.88654460998887,0.5612017810344696,0.22468045175383944,6.079096972342654,0.5612017810344696,0.568036288022995,0.568036288022995,0.5024476945400238,0.5912083685398102,0.7223452627658844,0.01219610683619976,0.5912083685398102,0.11690701859457811,0.8066151078903314,0.5417769894574879,0.43442625185011663,0.902954630282626
843,28.1,133.3759781045841,108.50796547378495,0.5649964809417725,0.1736286848062126,3.4045449699171684,0.5649964809417725,0.5561024248600006,0.5649964809417725,0.5050745755434036,0.5904013216495514,0.7182780206203461,0.0037368573248386383,0.5904013216495514,0.1301822232570371,0.7966095118811636,0.46782714586304475,0.37511280721823276,1.040743372331685
844,28.133333333333333,140.46085919694977,133.93004743602572,0.5509878695011139,0.10757262846105047,2.3554585918370776,0.5509878695011139,0.5410630702972412,0.5509878695011139,0.5121911466121674,0.5925972759723663,0.7170310318470001,-0.009994089137762785,0.5925972759723663,0.04909513813612246,0.7661375909140615,0.4802576309564435,0.3791556409968389,1.0167282753165605
845,28.166666666666668,102.92020196664893,164.39315099119727,0.5660784542560577,0.20512019814247287,8.841690437948728,0.5660784542560577,0.46833914518356323,0.5660784542560577,0.5089732557535172,0.5928398072719574,0.7038246095180511,-0.016889317543245852,0.5928398072719574,0.16094664509585496,0.757266921527458,1.4930700233370875,0.6398569382147183,0.8630944953223381
846,28.2,107.807612007356,139.58864319006915,0.5576764047145844,0.16509989202577602,22.920341238908918,0.5576764047145844,0.4599802494049072,0.5576764047145844,0.4881832003593445,0.5981315076351166,0.7099376022815704,0.0028401538729667664,0.5981315076351166,0.05950482813666043,0.7459240637042306,2.074861469888901,1.2273592333641803,0.9274107908843641
847,28.233333333333334,161.82258922281378,59.19519962605644,0.3843175172805786,0.10508026208783497,11.501756694170695,0.3843175172805786,0.432239830493927,0.432239830493927,0.4296332895755768,0.6121544539928436,0.6887949109077454,0.057998981326818466,0.6121544539928436,0.07267470665183699,0.7463648707577677,2.3113930224520995,1.5019216475497248,1.0268340073262383
848,28.266666666666666,99.51495321146838,113.16772144959785,0.3610955476760864,0.2037440978442128,5.184923859255264,0.3610955476760864,0.3953583240509033,0.3953583240509033,0.434308260679245,0.6361779570579529,0.7309291362762451,0.16166653484106064,0.6361779570579529,0.05569439218353758,0.7593287383065079,2.2293643559682192,1.47938218169544,0.6728608511748243
849,28.3,103.80691936234122,102.68180164386816,0.3601123094558716,0.22875424594264956,2.6522332731507277,0.3601123094558716,0.3766303062438965,0.3766303062438965,0.43320247530937195,0.6448684334754944,0.7411621809005737,0.2206960842013359,0.6448684334754944,0.09280019800741876,0.7780299051241442,2.15772491566141,1.4163864514307674,0.6967051075685623
850,28.333333333333332,71.21528786761279,143.290166292334,0.3607494831085205,0.1457115736471439,0.5315012779945221,0.3607494831085205,0.37656569480895996,0.37656569480895996,0.43233001232147217,0.6435423195362091,0.7433061003684998,0.21784663945436478,0.6435423195362091,0.17578406329574056,0.7945156946326747,1.1412051643809542,1.145928232148276,0.5156404881534044
851,28.366666666666667,64.85855128166817,161.32892943294289,0.36038780212402344,0.13574739872851668,0.7034865614376429,0.36038780212402344,0.3811754584312439,0.3811754584312439,0.43339428305625916,0.6406513154506683,0.7417833507061005,0.20834939926862717,0.6406513154506683,0.08770012091793673,0.8125640641559254,0.5571578205496339,0.5609440666075713,0.4803252848981565
852,28.4,76.49933386642579,137.60475514399337,0.36459237337112427,0.13248514378738835,1.1299483034304387,0.36459237337112427,0.38153278827667236,0.38153278827667236,0.43333980441093445,0.6394344568252563,0.7394425272941589,0.19657504558563232,0.6394344568252563,0.08327347996075887,0.8287904461224874,0.25419172025533904,0.2539753888142427,0.5012538153345227
853,28.433333333333334,81.77200206462402,97.78549817554735,0.36550623178482056,0.15166389758895102,1.9166528731513495,0.36550623178482056,0.3817228078842163,0.3817228078842163,0.43358731269836426,0.6383272111415863,0.7379741072654724,0.1877267062664032,0.6383272111415863,0.07541214023161334,0.8437803622448083,0.27071935736012365,0.26537640612305496,0.5355047075670594
854,28.466666666666665,85.84141625361393,97.59614655168097,0.36634230613708496,0.17169408211809936,2.1514996659734607,0.36634230613708496,0.3808964490890503,0.3808964490890503,0.43290379643440247,0.6381422579288483,0.7375979721546173,0.17922432720661163,0.6381422579288483,0.0728740258910522,0.8569856683413187,0.2444486195841384,0.2337750231870005,0.5502313428397634
855,28.5,90.34512641532139,97.79753438302735,0.3690410256385803,0.17557257709795948,1.020746845817655,0.3690410256385803,0.38135045766830444,0.38135045766830444,0.4330146312713623,0.6374234259128571,0.7359751164913177,0.17423273622989655,0.6374234259128571,0.08793906735581992,0.8686449672236587,0.23649487021927662,0.22945920761541078,0.5728658300397907
856,28.533333333333335,111.07634059771604,98.54049297275938,0.3712143301963806,0.19902245576614533,0.23205390970557005,0.3712143301963806,0.38174235820770264,0.38174235820770264,0.43297266960144043,0.6370085775852203,0.7331374883651733,0.16959062218666077,0.6370085775852203,0.09229329143454319,0.8795405951413241,0.24254313584739404,0.23456473108776424,0.6898537218526406
857,28.566666666666666,133.80921177438833,104.23821385853745,0.3723815679550171,0.2297608042478758,0.4461521137029649,0.3723815679550171,0.38109588623046875,0.38109588623046875,0.43204790353775024,0.6372169256210327,0.7301288843154907,0.15847481042146683,0.6372169256210327,0.09774922089596609,0.8888431390126547,0.25204720580426565,0.24337175487962368,0.8189986715989926
858,28.6,134.60112715338428,122.49753889987107,0.374020516872406,0.2582834345738016,0.4143519635001667,0.374020516872406,0.380218505859375,0.380218505859375,0.4312198758125305,0.6370528936386108,0.728357195854187,0.14870791882276535,0.6370528936386108,0.09054576412452092,0.8971377683408333,0.2827613728457842,0.2777068830698657,0.832612451594759
859,28.633333333333333,152.99424676005674,141.44689543045484,0.3757975101470947,0.31155937758808133,0.06652324448558034,0.3757975101470947,0.3799744248390198,0.3799744248390198,0.4316032826900482,0.6368558704853058,0.7271830141544342,0.13873763754963875,0.6368558704853058,0.08403721252649383,0.9042384931535432,0.3089620378529381,0.30656333530506125,0.9426566489117523
860,28.666666666666668,160.0864547719444,152.00787740586426,0.37664246559143066,0.33157037535091055,0.5238193185800526,0.37664246559143066,0.3803035616874695,0.3803035616874695,0.43168601393699646,0.6365187466144562,0.7247586250305176,0.12797731161117554,0.6365187466144562,0.08047176783228617,0.9099916273897345,0.3005010906650197,0.298551119271347,0.9795195203769748
861,28.7,157.53925269959564,152.32013478321753,0.3779789209365845,0.3452968222026795,1.9226317822719636,0.3779789209365845,0.3801937699317932,0.3801937699317932,0.43202438950538635,0.6353521645069122,0.7227557301521301,0.11857941746711731,0.6353521645069122,0.10781617518122032,0.9148234977866664,0.30212841974597965,0.3018137026580471,0.965856596477103
862,28.733333333333334,148.76970281136158,145.62501614144995,0.37807518243789673,0.3068579270856625,2.881819934173535,0.37807518243789673,0.3795343041419983,0.3795343041419983,0.4320904016494751,0.6347911655902863,0.7210139632225037,0.10881312191486359,0.6347911655902863,0.1312648690511098,0.9192846236806927,0.3107363393667421,0.3123937153021445,0.9197192507620314
863,28.766666666666666,159.12246334768292,152.1601701635843,0.3782024383544922,0.35802257057061,2.754637390727339,0.3782024383544922,0.37933963537216187,0.37933963537216187,0.43229058384895325,0.6331088244915009,0.7179173231124878,0.09863924607634544,0.6331088244915009,0.11313695147875673,0.9221623232870391,0.30176518255319745,0.30407915500511695,0.9745432400308643
864,28.8,167.30851522654015,138.94598177381644,0.3795790672302246,0.40308127269379723,2.5605867751339417,0.3795790672302246,0.37849265336990356,0.3795790672302246,0.43319591879844666,0.6306721270084381,0.7169414162635803,0.08715943992137909,0.6306721270084381,0.19456652326927157,0.9235933964902704,0.29701528426503654,0.30264484251514934,1.0185963365380675
865,28.833333333333332,161.09018671277514,140.40939116729714,0.3796260952949524,0.3664790494695124,1.9530684515610517,0.3796260952949524,0.37787866592407227,0.3796260952949524,0.43352100253105164,0.6294367611408234,0.7144510447978973,0.07786130160093307,0.6294367611408234,0.10785090985068806,0.9233538400043141,0.29455788010508016,0.3001216937982982,0.9833128457691637
866,28.866666666666667,156.6123055987364,127.19068219386435,0.380714476108551,0.32516685826252467,0.08738491399972759,0.380714476108551,0.3781284689903259,0.380714476108551,0.4346511662006378,0.626166969537735,0.7146615386009216,0.06922884657979012,0.626166969537735,0.16695896854248338,0.9208236517328204,0.3416468701424201,0.34645696429370865,0.9725624254801506
867,28.9,142.09131198503874,102.60227037578917,0.3807728886604309,0.3181193776060935,1.7449461960880512,0.3807728886604309,0.3781015872955322,0.3807728886604309,0.4352119565010071,0.6258656680583954,0.7150392234325409,0.05987182632088661,0.6258656680583954,0.17096521474373005,0.9191138057997732,0.33848071928823315,0.34232091387325964,0.8909403934811295
868,28.933333333333334,121.47383604142733,104.52486026930185,0.38072818517684937,0.31169677778611526,2.4765024457584275,0.38072818517684937,0.37839794158935547,0.38072818517684937,0.4354212284088135,0.6265178620815277,0.715106725692749,0.04184904508292675,0.6265178620815277,0.16888191306164219,0.9157671386545355,0.35487535058351477,0.358249525590018,0.7813172498496508
869,28.966666666666665,119.83186315918756,94.18961873868582,0.3806544542312622,0.30967929664491733,2.560332299033348,0.3806544542312622,0.37865161895751953,0.3806544542312622,0.4359021782875061,0.6260008215904236,0.7154912650585175,0.03081493079662323,0.6260008215904236,0.17885895132473018,0.9101243524840383,0.3256183249957915,0.3258485148212946,0.7634180706053351
870,29.0,135.96519327082373,110.3821911719982,0.380654513835907,0.2838439709652723,3.2215576943275437,0.380654513835907,0.3787631392478943,0.380654513835907,0.43575528264045715,0.6256937384605408,0.7156776785850525,0.018784234998747706,0.6256937384605408,0.13407055035964902,0.9092978817043882,0.3076731774352072,0.3071005857013669,0.8476641380684717
871,29.033333333333335,120.01001800132916,93.79451914083515,0.38062578439712524,0.26126210866352645,4.163068000455922,0.38062578439712524,0.37826645374298096,0.38062578439712524,0.4353032112121582,0.6259130835533142,0.715884655714035,0.014959717751480639,0.6259130835533142,0.16134723044804522,0.904587062922391,0.2799645545995673,0.272219611959226,0.7507116886094767
872,29.066666666666666,117.03804661441913,136.73192614886275,0.3782692551612854,0.27181651418178193,6.7673757956323755,0.3782692551612854,0.3778377175331116,0.3782692551612854,0.4341171085834503,0.6278944313526154,0.7173978686332703,0.009045572485774755,0.6278944313526154,0.10029244824222512,0.8891514413284533,0.3147037668294336,0.24283053783691994,0.7446225001289364
873,29.1,88.8695778766478,122.28550122638549,0.3837793469429016,0.23026430368714845,8.588016674411818,0.3837793469429016,0.37767869234085083,0.3837793469429016,0.4341503083705902,0.6277238428592682,0.7176671326160431,-0.003174319164827466,0.6277238428592682,0.1785690142829759,0.8654738077611634,0.2988568021394124,0.20441432157989675,0.5833769177343114
874,29.133333333333333,59.807821607063865,119.72539894068625,0.39948195219039917,0.23615940273896877,13.719328148516297,0.39948195219039917,0.378709614276886,0.39948195219039917,0.43438661098480225,0.6265768706798553,0.7142442166805267,-0.009214425197569653,0.6265768706798553,0.2512561518301305,0.8470591559554591,0.3646390685659854,0.23176250568613338,0.4416573961645949
875,29.166666666666668,58.70110197780961,128.56162315174052,0.40699607133865356,0.2574408704492413,20.645425296947394,0.40699607133865356,0.38138991594314575,0.40699607133865356,0.43450692296028137,0.6264463067054749,0.7124729752540588,-0.01484482316300273,0.6264463067054749,0.22359298611502243,0.8220552756930842,0.395247068225442,0.24961918461332702,0.444691353677686
876,29.2,59.48495039687139,150.35842682892797,0.39481353759765625,0.23532044311735856,59.04872037930619,0.39481353759765625,0.3833743929862976,0.39481353759765625,0.43404796719551086,0.6267492175102234,0.711605429649353,-0.02322818525135517,0.6267492175102234,0.2103371464565792,0.8025257433905746,0.4220442234533709,0.3052615695018079,0.45047194664928547
877,29.233333333333334,81.28579795652466,148.6342522616683,0.3879384398460388,0.22922466779664621,132.83789570187304,0.3879384398460388,0.383611798286438,0.3879384398460388,0.4346533417701721,0.6259462535381317,0.7112870216369629,-0.032406456768512726,0.6259462535381317,0.176989334974558,0.7947674736832128,0.5111899035642173,0.46708623088464385,0.571587766425137
878,29.266666666666666,150.76324687943006,136.853544808661,0.3829765319824219,0.03825701815885634,4.0638979489713165,0.3829765319824219,0.38327813148498535,0.38327813148498535,0.4133561849594116,0.6388798356056213,0.7099184095859528,-0.049574725329875946,0.6388798356056213,0.03340074979690749,0.7506134455854242,2.4121492490327507,2.311713734457297,0.9575735937746114
879,29.3,165.44887684267883,110.74462508103063,0.38501232862472534,0.014301825816967088,6.494192638316008,0.38501232862472534,0.383542537689209,0.38501232862472534,0.3942292332649231,0.6487419605255127,0.7105485796928406,-0.08119109272956848,0.6487419605255127,0.01688438884265071,0.7367770563472401,2.6594612987457507,2.378736581547591,1.0391604269037713
882,29.4,134.12356936713664,84.79271188088221,0.8964792117476463,0.1363002417346225,1.1776395587593527,0.8964792117476463,0.9109077900648117,0.9109077900648117,0.890733290463686,0.21751072257757187,0.2398742213845253,0.7531673908233643,0.21751072257757187,0.05759689900026776,0.7234981764446605,2.67321529054782,2.553695985458073,0.9256544397319141
883,29.433333333333334,101.15218588716527,118.22757168147541,0.9492184892296791,0.28746978842355636,0.9840623288695554,0.9492184892296791,0.9320468232035637,0.9492184892296791,0.8889997005462646,0.21229415386915207,0.247129388153553,0.7343165576457977,0.21229415386915207,0.1410732660876613,0.7303461414394956,2.626501215543804,2.547520410559495,0.8626129543122727
884,29.466666666666665,63.03726434885535,163.47349874882232,0.9514243379235268,0.21504093178657568,13.44218460007724,0.9514243379235268,0.9317924231290817,0.9514243379235268,0.8973756991326809,0.17640498280525208,0.25945694744586945,0.7207345068454742,0.17640498280525208,0.13279469178254388,0.7277211519804868,2.511982933028224,2.421842767157672,0.6323529405328451
885,29.5,42.12506851881845,168.6521791202052,0.9413537457585335,0.09675671599972387,8.205753913943681,0.9413537457585335,0.948172464966774,0.948172464966774,0.9136359058320522,0.15594664961099625,0.25630728900432587,0.7212779819965363,0.15594664961099625,0.04154452314111076,0.723267292434519,0.5799018291429813,0.6396072528949437,0.45763783584204554
886,29.533333333333335,71.00120741092843,158.3157384627504,0.9361416772007942,0.1045297954312567,3.1024285700061114,0.9361416772007942,0.9501054212450981,0.9501054212450981,0.9099899120628834,0.16003209352493286,0.24987149238586426,0.7098115086555481,0.16003209352493286,0.05725037086985844,0.7190779068253257,0.2974121188304942,0.6152220113380191,0.6040213154787282
887,29.566666666666666,11.6508683603103,97.51475714776676,0.9336058497428894,0.15550338037610034,4.425384816293985,0.9336058497428894,0.9432960599660873,0.9432960599660873,0.928667712956667,0.14435573667287827,0.199015811085701,0.7131628096103668,0.14435573667287827,0.034283710989360894,0.7200282658591415,0.2676315063523302,0.4363899594899177,0.18890153938012857
888,29.6,104.66113223038211,49.29508329891159,0.9370612129569054,0.06563750990622776,11.699242964422638,0.9370612129569054,0.924720972776413,0.9370612129569054,0.9307894520461559,0.1312265694141388,0.18946919590234756,0.7049334049224854,0.1312265694141388,0.09122815026591825,0.7185134282617858,0.2379720716675326,0.34609783287885143,0.671657638845742
889,29.633333333333333,135.74836573828588,131.31244631012234,0.9392978027462959,0.1518461523104828,16.026750259212236,0.9392978027462959,0.924927219748497,0.9392978027462959,0.94111511670053,0.13021104037761688,0.1675344705581665,0.6964259147644043,0.13021104037761688,0.14106917698964733,0.7156398594379425,0.26070427855672546,0.3809059568681375,0.8323688710019392
890,29.666666666666668,102.44542841454091,103.46561075487477,0.9370659291744232,0.06767663937724586,31.65499321237786,0.9370659291744232,0.9213238954544067,0.9370659291744232,0.9361054226756096,0.13301878422498703,0.18912703543901443,0.6917935311794281,0.13301878422498703,0.06710433868356505,0.7160435770497178,0.2878578069245589,0.33850054230075877,0.6583801305434803
892,29.733333333333334,79.94430136712326,129.92342016047226,0.9523592479526997,0.2612884785746384,23.243344021482784,0.9523592479526997,0.9362616688013077,0.9523592479526997,0.9335336983203888,0.1542876958847046,0.24825887382030487,0.6628128886222839,0.1542876958847046,0.14711200083728093,0.720766519055222,0.26747885841587277,0.2978338040171493,0.5808553140168236
893,29.766666666666666,130.58999476145905,159.48262523034998,0.9532169699668884,0.24683519278148394,12.405796819079654,0.9532169699668884,0.9283631592988968,0.9532169699668884,0.9234483949840069,0.15207628160715103,0.22507670521736145,0.6541269719600677,0.15207628160715103,0.17196780984042379,0.7277565174030535,0.3204461203141542,0.26914322559704645,0.9109395319398856
894,29.8,99.21064151689312,160.53667567405998,0.9477020539343357,0.17554222133406736,22.056780764919807,0.9477020539343357,0.9294569045305252,0.9477020539343357,0.9241308011114597,0.14336783438920975,0.23105119168758392,0.6537339687347412,0.14336783438920975,0.15858357905929454,0.7312622612172907,0.33208116565815254,0.2671417079414641,0.7215083388154798
895,29.833333333333332,98.79151037224545,166.42662077973287,0.9653198160231113,0.2695395937378798,8.46959678861964,0.9653198160231113,0.9275047555565834,0.9653198160231113,0.9362994506955147,0.13961297273635864,0.23284360766410828,0.6542195081710815,0.13961297273635864,0.1818690005832224,0.7354735271497206,0.34927319172842375,0.2012390018560392,0.7406847777915697
896,29.866666666666667,123.72589752641622,130.92093257802048,0.959325797855854,0.17940698403534397,15.10817096416946,0.959325797855854,0.9247899055480957,0.959325797855854,0.9389842264354229,0.13620345294475555,0.20258767902851105,0.6504492461681366,0.13620345294475555,0.12256010342024105,0.7319675810409315,0.31071330290571253,0.16081161036815406,0.8416048025019862
897,29.9,127.74399073974033,127.26626896063283,0.9413872919976711,0.17728410229927374,12.137653783421683,0.9413872919976711,0.9255725294351578,0.9413872919976711,0.9399374313652515,0.1365327090024948,0.23614436388015747,0.6434668898582458,0.1365327090024948,0.07013198550860782,0.7392684031616558,0.30849317158413175,0.14273719788990752,0.8065863708155001
898,29.933333333333334,155.05950780851057,76.21039150370669,0.9431485757231712,0.17300454030357698,0.8359830580633343,0.9431485757231712,0.9452967196702957,0.9452967196702957,0.9420798309147358,0.13487251102924347,0.19724789261817932,0.6419853866100311,0.13487251102924347,0.07994436435589325,0.7387890589959694,0.2111162968305457,0.1302328961033566,0.9344272653631245
899,29.966666666666665,160.23451968674954,76.90138774170624,0.9447154402732849,0.2588732508641155,0.9278192953109397,0.9447154402732849,0.9590376764535904,0.9590376764535904,0.943142781034112,0.13197647780179977,0.1970197781920433,0.6370702087879181,0.13197647780179977,0.10241508305170717,0.7468220004529664,0.255413509547078,0.16929132774489827,1.0145005151600561
900,30.0,150.01216720510945,62.14788992548465,0.9436988867819309,0.18770936025883392,0.6993619955966608,0.9436988867819309,0.9518808014690876,0.9518808014690876,0.9424817878752947,0.1305677592754364,0.17551621794700623,0.6361149251461029,0.1305677592754364,0.10317357709564931,0.7532357419982101,0.253094715950041,0.16701218086579073,0.9375263844836658
901,30.033333333333335,137.4827270443486,45.975632625526295,0.9350283145904541,0.20331092917313556,2.7408398999261294,0.9350283145904541,0.9570600017905235,0.9570600017905235,0.9388121422380209,0.1311744526028633,0.12572979554533958,0.6245377957820892,0.1311744526028633,0.10936233038233187,0.7530137417894421,0.2889382697264309,0.22352694368953288,0.905217987599596
902,30.066666666666666,118.21513144693354,104.28919543485614,0.9528647996485233,0.1919391347560753,15.10215207560006,0.9528647996485233,0.9621078930795193,0.9621078930795193,0.9395219460129738,0.12872055917978287,0.10061290487647057,0.6183998882770538,0.12872055917978287,0.13187752279464868,0.7502786643577345,0.3433040020051705,0.249714835775163,0.8274997720619296
903,30.1,92.23709535664251,144.43792538102153,0.9560421407222748,0.16070690116750322,2.1928351007125286,0.9560421407222748,0.9574622251093388,0.9574622251093388,0.9484767206013203,0.11993416026234627,0.10375296324491501,0.6107587218284607,0.11993416026234627,0.13091407210500283,0.7391002557494424,0.4948351677772548,0.3464732593355352,0.6593848210609583
904,30.133333333333333,144.31613624503677,147.86687863426292,0.9458061084151268,0.20424501247565702,4.033661138017294,0.9458061084151268,0.955203577876091,0.955203577876091,0.9484771192073822,0.11794201657176018,0.09446866065263748,0.600888192653656,0.11794201657176018,0.1406207183400324,0.736748221245679,0.5317604704431363,0.36049835907222544,0.9419356884785529
905,30.166666666666668,126.70534773871245,151.37852744802336,0.9672473333775997,0.14192742835083685,18.742901810734764,0.9672473333775997,0.9682227857410908,0.9682227857410908,0.9484107084572315,0.10973535105586052,0.08302013948559761,0.5850608348846436,0.10973535105586052,0.11879119242172027,0.7364695243763201,0.47044643205069225,0.38662548440145916,0.8833548303999802
915,30.5,125.93277585417924,141.49465497762046,0.7610996067523956,0.15058933898932605,2.6303958319176104,0.7610996067523956,0.8239254951477051,0.8239254951477051,0.7718154937028885,0.24898894131183624,0.258982390165329,0.5812648832798004,0.24898894131183624,0.14575464881866296,0.7330185888391553,0.6049097849199336,0.4598785253905892,0.9759565368576678
916,30.533333333333335,142.29958895574194,158.09918512245042,0.7640463262796402,0.09675834220717819,0.7380412275840058,0.7640463262796402,0.8100927621126175,0.8100927621126175,0.7810336276888847,0.241627536714077,0.2551518678665161,0.5893911421298981,0.241627536714077,0.08076707690496361,0.7178628914283983,0.6129548024644411,0.49565772311888745,0.9977306752475423
917,30.566666666666666,174.92048850142146,168.65012540186416,0.7439772486686707,0.07486273545870263,5.176436657186542,0.7439772486686707,0.8089990317821503,0.8089990317821503,0.7874063029885292,0.23614059388637543,0.2704714760184288,0.612604558467865,0.23614059388637543,0.0708166316579994,0.7087278889887261,0.6225522669950201,0.5375723839590107,1.156558678055427
918,30.6,151.64036177356084,153.12749048349795,0.7557805478572845,0.0576127024384806,4.1861526488540335,0.7557805478572845,0.8107963055372238,0.8107963055372238,0.7970962002873421,0.22372154891490936,0.24356472492218018,0.6227444112300873,0.22372154891490936,0.052569108510091195,0.6826501208724398,0.7784395793545141,0.4876488825972973,1.0035467700472056
933,31.1,94.55204708567359,64.8839019670906,0.377696692943573,0.20925794661736752,12.453485203991704,0.377696692943573,0.4789605736732483,0.4789605736732483,0.4655728042125702,0.5429858863353729,0.6532614529132843,0.43139810860157013,0.5429858863353729,0.09199748363706325,0.6998162125096177,0.931424798254393,0.4761522586614152,0.6854524588579987
934,31.133333333333333,140.36517061562245,48.96534867421408,0.33130496740341187,0.22913618003109493,24.34375693662787,0.33130496740341187,0.4692765474319458,0.4692765474319458,0.46409714221954346,0.5464718043804169,0.6756080389022827,0.4270026683807373,0.5464718043804169,0.16656757850021192,0.7245429826505256,0.7901662225229775,0.3746340879944051,0.9153447190573317
935,31.166666666666668,152.86873148369455,59.76151936453421,0.2976621389389038,0.17783210178587297,23.19937917178831,0.2976621389389038,0.47095656394958496,0.47095656394958496,0.4565332531929016,0.5534051954746246,0.6615118086338043,0.4328170120716095,0.5534051954746246,0.17670811171769407,0.742878232941483,0.969326971870608,0.5512701054750433,1.0125406627350197
936,31.2,161.47955896549544,55.616383286106576,0.30176395177841187,0.2047131275086242,20.491679646274576,0.30176395177841187,0.48304569721221924,0.48304569721221924,0.4601696729660034,0.5496802031993866,0.6369526982307434,0.4386647641658783,0.5496802031993866,0.2591419234998733,0.7654647240132997,1.8454520085600812,0.4464895512779539,1.0857367336580666
937,31.233333333333334,164.8034574569156,21.54405497578268,0.29735398292541504,0.2188239605082052,2.916860231254873,0.29735398292541504,0.4819716811180115,0.4819716811180115,0.4558876156806946,0.5545904338359833,0.6158690750598907,0.4838709682226181,0.5545904338359833,0.2123222540055994,0.7805303714492104,1.8516631663909313,0.634986303189025,1.1138269599614818
938,31.266666666666666,83.09054605660738,29.31056518466825,0.47150737047195435,0.22728566600300737,8.1440485615326,0.47150737047195435,0.3948429226875305,0.47150737047195435,0.45342451333999634,0.5582237243652344,0.5973168611526489,0.49026110768318176,0.5582237243652344,0.40406539907599026,0.7917532342852969,1.850668228876898,0.7430634549470052,0.6358627161548039
939,31.3,105.92752605326523,25.991896359458327,0.5018921494483948,0.27744376745767363,10.507681105402298,0.5018921494483948,0.3496699929237366,0.5018921494483948,0.4541718363761902,0.553213506937027,0.6307636499404907,0.526946634054184,0.553213506937027,0.16464616746018335,0.8090726046851187,2.7277489132410375,1.0456755390508614,0.8516471950680873
940,31.333333333333332,148.53421610059524,25.15327070251423,0.4802526831626892,0.3143896549817801,16.276507460565426,0.4802526831626892,0.33261632919311523,0.4802526831626892,0.4434131681919098,0.5600136518478394,0.5909650027751923,0.5007534176111221,0.5600136518478394,0.29119405735775306,0.82048499584198,2.6018126895552975,0.8998992645207703,1.0557086343600897
941,31.366666666666667,132.42569011531035,61.156852430759805,0.33739781379699707,0.07288363421379554,5.837898000753768,0.33739781379699707,0.36918896436691284,0.36918896436691284,0.42684778571128845,0.573824405670166,0.5712408125400543,0.44507187604904175,0.573824405670166,0.06621102539598352,0.8236068794221589,1.98672108614469,1.165103556224914,0.8556982784183909
942,31.4,88.83642615853849,58.784635135465834,0.35058891773223877,0.24770392434813734,58.47811963866275,0.35058891773223877,0.3445954918861389,0.35058891773223877,0.43226292729377747,0.5687711238861084,0.5628837645053864,0.42450760304927826,0.5687711238861084,0.018948011026347692,0.8316457470258077,2.1662301736537017,1.3999567876520196,0.6135357008807694
943,31.433333333333334,115.22367545965807,140.56295158695607,0.30047011375427246,0.2544405931305958,10.973987459474642,0.30047011375427246,0.49243247509002686,0.49243247509002686,0.43781012296676636,0.5642290115356445,0.5574024319648743,0.3731565475463867,0.5642290115356445,0.14574964855260172,0.8319610032168302,3.284106560591471,1.2861061472072168,0.9239985867012152
944,31.466666666666665,129.43619823320944,167.80797622045333,0.28449100255966187,0.26289602022673275,1.7190767757645062,0.28449100255966187,0.4991728663444519,0.4991728663444519,0.44145095348358154,0.5577103793621063,0.5588929653167725,0.29726772010326385,0.5577103793621063,0.03868375288875387,0.8263611757394039,2.5064975512801406,1.064762699727032,1.0122557287671081
945,31.5,158.5714019153968,146.51917639482846,0.5046639442443848,0.2427687888865809,12.016575541618408,0.5046639442443848,0.29425811767578125,0.5046639442443848,0.43369758129119873,0.5615186393260956,0.5755528211593628,0.29013417661190033,0.5615186393260956,0.21986230983930952,0.8374030301065156,2.714086076825087,1.0269511307767858,1.2138513217228737
946,31.533333333333335,151.05357868538664,173.76526173845423,0.517228901386261,0.2495827271032815,14.865336286078104,0.517228901386261,0.2954432964324951,0.517228901386261,0.42371585965156555,0.5653294920921326,0.5774484425783157,0.31025461852550507,0.5653294920921326,0.27239188809890275,0.8442697525024414,2.3615608980601124,0.7831378171111151,1.2397256734562343
947,31.566666666666666,170.4112946528352,111.01983526844978,0.4588148593902588,0.16447834294725008,6.277194284398206,0.4588148593902588,0.3501617908477783,0.4588148593902588,0.41990089416503906,0.5775342583656311,0.6008089929819107,0.3017526715993881,0.5775342583656311,0.2947391704398114,0.8352692723274231,2.7509496980709884,0.4117531385663371,1.1834713104136325
948,31.6,64.35637055736207,69.57480905845163,0.46594327688217163,0.15234621189040434,1.8336660247480552,0.46594327688217163,0.3505197763442993,0.46594327688217163,0.41977858543395996,0.5785059034824371,0.6050143539905548,0.31262533366680145,0.5785059034824371,0.2950369097776557,0.8459420962767168,1.9015791409896774,0.43189776627785414,0.6160294663299799
949,31.633333333333333,156.28244367794966,124.44937357475219,0.32355719804763794,0.10403145326772256,30.39868558254642,0.32355719804763794,0.4017832279205322,0.4017832279205322,0.3994675576686859,0.5921134948730469,0.6165317296981812,0.30832532048225403,0.5921134948730469,0.1925256723704922,0.8315458749279832,1.8096747635167298,0.3678737517646131,0.9951828089663703
950,31.666666666666668,164.55483756279727,55.30333023962837,0.40172088146209717,0.04520596542628345,20.998507347491,0.40172088146209717,0.39594942331314087,0.40172088146209717,0.4051015377044678,0.598642498254776,0.6312491297721863,0.31772394478321075,0.598642498254776,0.07181537772486322,0.8271669673197197,1.477838325242862,0.29563676212791246,1.0341935420155404
951,31.7,11.531622913760287,44.448545884546206,0.4044870138168335,0.12210891809197015,11.414526458289714,0.4044870138168335,0.3496256470680237,0.4044870138168335,0.40125927329063416,0.6044052243232727,0.656017929315567,0.3256597965955734,0.6044052243232727,0.0932117618403266,0.828505611780918,1.4420362539039737,0.29433025553709113,0.19374779332171072
952,31.733333333333334,88.36478394774421,30.398555331296915,0.4011884927749634,0.05730092857798911,0.854192408487279,0.4011884927749634,0.4143338203430176,0.4143338203430176,0.3993254601955414,0.6066527366638184,0.6754911839962006,0.32738715410232544,0.6066527366638184,0.09232406105654205,0.8334069125580065,1.1669553939418988,0.28576462117413737,0.6559405468187853
953,31.766666666666666,39.530544244663304,17.310078451700758,0.40207594633102417,0.12460622311066356,36.52714601113138,0.40207594633102417,0.2923427224159241,0.40207594633102417,0.3800223469734192,0.6147620677947998,0.6380703747272491,0.3343650549650192,0.6147620677947998,0.018502439185970047,0.8351552125179407,0.947617609622795,0.4169687172678705,0.40577493276538884
954,31.8,120.66094862230133,35.75065300304078,0.30625176429748535,0.12543233581149218,37.19799736049731,0.30625176429748535,0.33323413133621216,0.33323413133621216,0.3848373293876648,0.6109079718589783,0.6714650988578796,0.34661635756492615,0.6109079718589783,0.11992139309443972,0.8392300948952184,1.0238399979705386,0.40710113631717887,0.7903386034572296
955,31.833333333333332,148.93190055003808,175.84282476942283,0.34707218408584595,0.19118603452667995,2.0977574339317187,0.34707218408584595,0.485464870929718,0.485464870929718,0.4129646122455597,0.5793231725692749,0.5281129479408264,0.35720112919807434,0.5793231725692749,0.11120417516588148,0.8269721703095869,1.5548375026619534,0.4485228051423888,1.1649002235526864
956,31.866666666666667,145.29984176155116,11.716870697016722,0.36813414096832275,0.24603827257104408,5.063019915767086,0.36813414096832275,0.45853519439697266,0.45853519439697266,0.4214983284473419,0.5712797045707703,0.5691638886928558,0.35859230160713196,0.5712797045707703,0.04137817418898429,0.8254896474607063,2.113291191424752,0.48582938865858727,1.038331940968621
957,31.9,161.93216382410432,33.56501813705347,0.4601125121116638,0.22880826025887785,29.61368400267392,0.4601125121116638,0.38184696435928345,0.4601125121116638,0.4272240102291107,0.5642250776290894,0.5828732401132584,0.3653053790330887,0.5642250776290894,0.1930955277542286,0.8386883970462915,1.6359176010275585,0.4777248162429317,1.1182886380037944
958,31.933333333333334,175.03876386956844,98.84696234284489,0.361358642578125,0.17024133327793964,86.46928738508177,0.361358642578125,0.4580557942390442,0.4580557942390442,0.4225447475910187,0.56828972697258,0.5900377333164215,0.3817257881164551,0.56828972697258,0.09892421527284859,0.836535526044441,1.7098717569590605,0.35795620123554306,1.1989707169972346
959,31.966666666666665,171.94909830524384,21.680461428354853,0.37394237518310547,0.392095731261553,9.614635107882691,0.37394237518310547,0.44791990518569946,0.44791990518569946,0.42295265197753906,0.5682988464832306,0.6047682762145996,0.3932182490825653,0.5682988464832306,0.11820840786735494,0.8352321061221036,1.595751929609578,0.3248456220601683,1.1501745279869469
961,32.03333333333333,126.7443772868593,117.02844730891495,0.4797416925430298,0.33589975232609426,0.9187076438497854,0.4797416925430298,0.43791353702545166,0.4797416925430298,0.5056893229484558,0.5735005736351013,0.7156673967838287,0.3670303076505661,0.5735005736351013,0.24443613995994012,0.8410774234569434,1.100451599144686,0.33359910799315784,0.8241354293714406
962,32.06666666666667,134.95385378622498,140.8611985068369,0.478044331073761,0.3907641826496833,14.062908849556038,0.478044331073761,0.4565469026565552,0.478044331073761,0.5053567737340927,0.5758489668369293,0.7311940491199493,0.3658144921064377,0.5758489668369293,0.2967927483431845,0.8429707577734282,0.5918723873919645,0.3042534058339356,0.8697436321456944
963,32.1,139.6558486597107,135.10631149691426,0.4771713614463806,0.37808805043128785,20.199368545357032,0.4771713614463806,0.4755896329879761,0.4771713614463806,0.5030582398176193,0.5815561413764954,0.7350026071071625,0.37544798851013184,0.5815561413764954,0.34594446564993603,0.8422822807774399,0.6196875151301607,0.3203768438785991,0.8958658258872817
964,32.13333333333333,142.5354694002585,145.12185673783753,0.4670317769050598,0.4524339835465088,28.796859237258957,0.4670317769050598,0.46076494455337524,0.4670317769050598,0.5012775510549545,0.5850054025650024,0.7392528355121613,0.386967733502388,0.5850054025650024,0.39449842605143043,0.8435519030599883,0.5636951079899817,0.3098855480197878,0.911863718890325
965,32.166666666666664,123.14176963793426,128.5026871746159,0.4471225142478943,0.49547218029377793,22.374690886786567,0.4471225142478943,0.428666353225708,0.4471225142478943,0.4882437288761139,0.5962977409362793,0.7403950989246368,0.3783917725086212,0.5962977409362793,0.627002776754042,0.8436494668324789,0.5767333669567687,0.31922693935705776,0.8041209424329681
966,32.2,103.56953246615451,144.6981283302961,0.403358519077301,0.30491304448353257,74.94170280791263,0.403358519077301,0.42346978187561035,0.42346978187561035,0.4827248752117157,0.5931220352649689,0.7441250681877136,0.3895498812198639,0.5931220352649689,0.5377292979456326,0.8436110128055919,0.5829406672494173,0.289037506002056,0.6953862914786362
967,32.233333333333334,130.20255991057485,113.63304859313237,0.4026453495025635,0.35996980649350924,23.045894643618,0.4026453495025635,0.4269176125526428,0.4269176125526428,0.4832325875759125,0.5930546522140503,0.7484195828437805,0.39375069737434387,0.5930546522140503,0.4831067638880123,0.8439643094033906,0.6043547306646526,0.25934091869230635,0.8433475550587491
968,32.266666666666666,118.54319290601498,125.93692691233421,0.39347684383392334,0.3781919231738677,8.836417571405349,0.39347684383392334,0.4289173483848572,0.4289173483848572,0.47955989837646484,0.5957795083522797,0.75482177734375,0.39928147196769714,0.5957795083522797,0.3022878286122577,0.843495611891602,0.61604450840641,0.19136472362827406,0.7785732939223055
969,32.3,126.10406608114887,115.69577489450725,0.37554824352264404,0.46753302003761954,0.9200100809090657,0.37554824352264404,0.43034839630126953,0.43034839630126953,0.4710674583911896,0.5994811058044434,0.749688595533371,0.39325132966041565,0.5994811058044434,0.3775445422184406,0.8403596372315378,0.5748305666244209,0.21429130012586933,0.8205781448952715
970,32.333333333333336,99.93515863503323,124.86291038554701,0.3520837426185608,0.43887143871795103,2.2138388513988048,0.3520837426185608,0.4228963255882263,0.4228963255882263,0.46462786197662354,0.6001994907855988,0.748994916677475,0.3960096538066864,0.6001994907855988,0.34375252908352033,0.8370670585921316,0.6206802107993458,0.23542963707085332,0.6751953257501846
971,32.36666666666667,140.7826324850028,148.9971198938702,0.38750046491622925,0.6077298883771858,16.83682303916177,0.38750046491622925,0.3484554886817932,0.38750046491622925,0.4561316668987274,0.6052671670913696,0.7581761181354523,0.38144370913505554,0.6052671670913696,0.43743592335671366,0.8405930869507067,0.915451835630468,0.27006502016029876,0.9021257360277933
972,32.4,147.58155700190056,150.99487970396382,0.3965744972229004,0.5654189006081423,9.794206412710821,0.3965744972229004,0.3403664827346802,0.3965744972229004,0.4509096145629883,0.6046889126300812,0.7566647529602051,0.3737409710884094,0.6046889126300812,0.4817889771646122,0.8469493596842794,0.8386361237060851,0.23821327739095244,0.9398975388994476
973,32.43333333333333,162.3036453832582,101.03260057394145,0.33750998973846436,0.5090720326105671,77.8502587370191,0.33750998973846436,0.3735630512237549,0.3735630512237549,0.44325029850006104,0.6118144690990448,0.7483869791030884,0.3641625791788101,0.6118144690990448,0.750888269764934,0.8498336988868136,0.8615260251203275,0.3192176993140289,1.0216869187958788
974,32.46666666666667,153.62803375162457,70.38337749622198,0.3316563367843628,0.5285216441386789,32.65819125926839,0.3316563367843628,0.37536394596099854,0.37536394596099854,0.4403638541698456,0.6116736233234406,0.7480931878089905,0.36240120232105255,0.6116736233234406,0.7242297197999761,0.859942025307453,0.759843964704287,0.29689596206872904,0.9734890763979143
975,32.5,139.13782619049022,76.67864201655772,0.3096025586128235,0.47935765526287555,9.265214140614717,0.3096025586128235,0.3871646523475647,0.3871646523475647,0.4351518452167511,0.6125194430351257,0.7475616335868835,0.3460720181465149,0.6125194430351257,0.45690209521543346,0.8633637861772017,0.8774839530255525,0.3474454810663043,0.8929879232805013
976,32.53333333333333,141.45226043597188,64.1969443777471,0.327586829662323,0.40706704943836064,6.556279518485439,0.327586829662323,0.39754170179367065,0.39754170179367065,0.43790823221206665,0.6103670597076416,0.7445485293865204,0.33456963300704956,0.6103670597076416,0.4686562616850571,0.8662710442687526,0.689366591327716,0.37945225300822916,0.9058458913109548
977,32.56666666666667,147.43266197827518,64.57989578866868,0.35506772994995117,0.3210099889327744,2.6832299491712206,0.35506772994995117,0.4110878109931946,0.4110878109931946,0.4292756915092468,0.6151807308197021,0.741553395986557,0.31915439665317535,0.6151807308197021,0.5062007135854042,0.8609437346458435,0.7770866265414418,0.4886524559188217,0.939070344323751
978,32.6,108.43172128785078,87.34286697212634,0.3322233557701111,0.1494907589532828,18.526500871712187,0.3322233557701111,0.4107322096824646,0.4107322096824646,0.42458832263946533,0.6121951341629028,0.7488343119621277,0.30214178562164307,0.6121951341629028,0.3549071425779601,0.8616379842613683,0.68114213924395,0.4396397902833858,0.7223984515991709
979,32.63333333333333,84.05206799432406,138.10063222705554,0.32301682233810425,0.19248553003106345,49.98960602556173,0.32301682233810425,0.3926302194595337,0.3926302194595337,0.4122450351715088,0.6195155680179596,0.7675653994083405,0.28356508910655975,0.6195155680179596,0.3948301931694826,0.8510527755274917,0.8903033350959345,0.6150679044840309,0.5869559333018004
980,32.666666666666664,153.6242572898626,151.96963902344476,0.33154618740081787,0.24060796451810876,12.7089195422314,0.33154618740081787,0.3299891948699951,0.33154618740081787,0.4012743830680847,0.6165845990180969,0.7635010182857513,0.27592575550079346,0.6165845990180969,0.3206503662518851,0.8490927372917985,0.8461914313963281,0.5982565020223529,0.9734680960547922
981,32.7,164.7652983274026,92.39662279669372,0.3714059591293335,0.1915162794322086,11.145757108067897,0.3714059591293335,0.2893573045730591,0.3714059591293335,0.39173048734664917,0.6268570423126221,0.7354320883750916,0.2362954020500183,0.6268570423126221,0.3568480357572019,0.8443374128052683,0.7190504943393015,0.5387170765216491,1.03536276848557
982,32.733333333333334,132.32112819247337,103.51641781624413,0.3510538935661316,0.24370776924418944,0.036779641393593465,0.3510538935661316,0.28215909004211426,0.3510538935661316,0.38975784182548523,0.62982177734375,0.7645209729671478,0.2232813984155655,0.62982177734375,0.5032618695883663,0.8394153145226565,1.0243262852624182,0.47872046391293455,0.8551173788470743
983,32.766666666666666,171.3404586774619,95.34584705947714,0.3519516587257385,0.18196305462872886,18.21658806526503,0.3519516587257385,0.26337099075317383,0.3519516587257385,0.3880240321159363,0.6285449862480164,0.7531818449497223,0.23051900416612625,0.6285449862480164,0.31991051102003853,0.8303040907238469,0.9665491669550439,0.4364966232794213,1.0718914370970105
984,32.8,138.39978733660465,100.42333636563133,0.2809516191482544,0.1926381581117091,16.63760505785706,0.2809516191482544,0.2581162452697754,0.2809516191482544,0.37934908270835876,0.6320161521434784,0.7601256668567657,0.22117534279823303,0.6320161521434784,0.3724594014774,0.8291444110147881,0.798786621613692,0.27186137799681975,0.8888877074255813
985,32.833333333333336,142.30784215473062,86.98455600906006,0.27913129329681396,0.3238706470989696,44.97955781443909,0.27913129329681396,0.24897325038909912,0.27913129329681396,0.38253507018089294,0.6308718919754028,0.7735275626182556,0.22113443911075592,0.6308718919754028,0.374041931634339,0.8285696100104939,0.6808009870253393,0.20728688411755625,0.9105991230818368
986,32.86666666666667,93.86118202763218,138.99803996628913,0.3039866089820862,0.2846790543065216,12.788785512788536,0.3039866089820862,0.26250481605529785,0.3039866089820862,0.38900697231292725,0.6294157207012177,0.7910282015800476,0.23455652594566345,0.6294157207012177,0.25410799387110866,0.8243562777837118,0.7835223060035368,0.22896731233605738,0.6414510112646232
987,32.9,80.74455213947006,143.5704512323927,0.30002129077911377,0.20092973040489925,29.667788404168675,0.30002129077911377,0.25658637285232544,0.30002129077911377,0.38992947340011597,0.6279259026050568,0.7917322516441345,0.23666904866695404,0.6279259026050568,0.2830081979016012,0.8274364706241724,0.5973341188287853,0.23760888898023363,0.5685808452192781
988,32.93333333333333,128.7767379335709,142.84808900312927,0.3233373165130615,0.34052835136495385,20.060765362071578,0.3233373165130615,0.2551211714744568,0.3233373165130615,0.39395031332969666,0.6196911931037903,0.7849595844745636,0.24390588700771332,0.6196911931037903,0.2677164707335592,0.8331453041596846,0.6590731509197327,0.26648563348968407,0.8354263218531717
989,32.96666666666667,103.60657311894123,113.85673113081496,0.2843485474586487,0.38172891107912,37.57460818850521,0.2843485474586487,0.2769884467124939,0.2843485474586487,0.394503653049469,0.61783167719841,0.7903582453727722,0.25516117364168167,0.61783167719841,0.30243670440746234,0.8390047387643293,0.7185289131189554,0.20754673555185638,0.6955920728830068
990,33.0,115.29518487444017,136.8121571088544,0.2738046646118164,0.32841998858302207,5.269883214362437,0.2738046646118164,0.25572651624679565,0.2738046646118164,0.3944973051548004,0.6178692877292633,0.7969797551631927,0.24920351058244705,0.6178692877292633,0.3043886418941346,0.8391109560475205,0.6953400599069232,0.22110413426840506,0.7605288048580009
991,33.03333333333333,89.68550727289049,137.07129313379872,0.3119048476219177,0.3284736648604494,25.182884721648975,0.3119048476219177,0.23453038930892944,0.3119048476219177,0.3971547484397888,0.6208998560905457,0.7940619587898254,0.251287043094635,0.6208998560905457,0.28010596154429884,0.8425064990014741,0.611317942857846,0.16963024370356625,0.6182528181827249
992,33.06666666666667,135.1809094445357,135.00614995633282,0.31201308965682983,0.38334965177815644,43.54308290102276,0.31201308965682983,0.251092791557312,0.31201308965682983,0.39839786291122437,0.6257047653198242,0.7911885678768158,0.25066830962896347,0.6257047653198242,0.30528581792277604,0.840607309883291,0.49823814805923483,0.12407151613966692,0.8710050524696428
993,33.1,112.31493479049887,132.43118332426343,0.30165791511535645,0.24502863539179884,49.496892254913405,0.30165791511535645,0.25290191173553467,0.30165791511535645,0.3988106846809387,0.6278383433818817,0.7933707535266876,0.2517314553260803,0.6278383433818817,0.32779295525797336,0.8361218779376058,0.4822299227601554,0.12596245182715893,0.7439718599472159
994,33.13333333333333,107.65462894385765,133.0513671392016,0.28016501665115356,0.28962226337980435,8.064373761599342,0.28016501665115356,0.26676058769226074,0.28016501665115356,0.404714435338974,0.6298682689666748,0.7915388643741608,0.24850165098905563,0.6298682689666748,0.316302175462495,0.8380350452480894,0.33225405399818086,0.18300312566808566,0.6977574881097744
995,33.166666666666664,103.09937222068973,133.18558372644623,0.28722524642944336,0.3053694515191985,7.349835142419437,0.28722524642944336,0.2922740578651428,0.2922740578651428,0.4078670144081116,0.6296834647655487,0.7891056835651398,0.2547718659043312,0.6296834647655487,0.3125843717403521,0.8379781562270541,0.34725126720496,0.16548552028662228,0.6769496702764309
996,33.2,84.93238527054858,136.18713145797227,0.28945791721343994,0.3474811079119679,11.383459705587597,0.28945791721343994,0.30795419216156006,0.30795419216156006,0.4131801724433899,0.6320498585700989,0.7885425388813019,0.26774223893880844,0.6320498585700989,0.3311514666784671,0.8371501528855526,0.46596078771665117,0.21895936071358288,0.591846584836381
997,33.233333333333334,90.37745444900533,138.7901659287929,0.29209452867507935,0.45692652115373805,14.0175671924967,0.29209452867507935,0.3213963508605957,0.3213963508605957,0.4199768602848053,0.6329852640628815,0.7892414033412933,0.269424669444561,0.6329852640628815,0.36977774105124867,0.8349350510221539,0.3500000478412494,0.21033968924850002,0.6070969835135155
998,33.266666666666666,75.12552257700851,144.31863325710998,0.3201415538787842,0.4385589652221123,4.052004370352478,0.3201415538787842,0.3213686943054199,0.3213686943054199,0.42260000109672546,0.6313953399658203,0.7783818244934082,0.28060831129550934,0.6313953399658203,0.3636677724788251,0.8335881639610637,0.3022579275233569,0.19236986404943057,0.508041392573721
999,33.3,98.42725481628456,136.03877701724363,0.31851595640182495,0.44107696883554176,4.3664010149314265,0.31851595640182495,0.3140621781349182,0.31851595640182495,0.42573282122612,0.6298134624958038,0.7788333892822266,0.2823840230703354,0.6298134624958038,0.2586000547530771,0.8310877445972327,0.24242648560128013,0.13559662736752623,0.619546027993076
1000,33.333333333333336,101.71732065846466,141.84784590113293,0.3175708055496216,0.3460236134408786,0.7053831507127484,0.3175708055496216,0.31462156772613525,0.3175708055496216,0.42739325761795044,0.6267423927783966,0.7721739411354065,0.2835301458835602,0.6267423927783966,0.27665481661114816,0.8243615929827546,0.33543272755932846,0.19948311243996664,0.6657260441481577
1001,33.36666666666667,108.87918831196257,135.23429696943856,0.31699711084365845,0.35330106484369384,0.9775174409777776,0.31699711084365845,0.31683075428009033,0.31699711084365845,0.42900508642196655,0.6247390806674957,0.7756747007369995,0.28039294481277466,0.6247390806674957,0.2419303028877182,0.8227187539591934,0.20412254755940892,0.15328719128535884,0.6661211437787258
1002,33.4,85.77756632591257,128.6434504692699,0.3309438228607178,0.2901734174703425,11.071074467686714,0.3309438228607178,0.3410583734512329,0.3410583734512329,0.4306705594062805,0.6223820447921753,0.772950291633606,0.2927427589893341,0.6223820447921753,0.18838642131622735,0.8196269075075785,0.22271763600548408,0.16960665110696538,0.5433573259456039
1003,33.43333333333333,109.2781053489278,105.44947813215853,0.3384353518486023,0.2992143344045502,9.571583352805504,0.3384353518486023,0.352286159992218,0.352286159992218,0.4302579164505005,0.6224917471408844,0.7757381498813629,0.28914766013622284,0.6224917471408844,0.22693433106179114,0.8222293808604731,0.34256372347258246,0.1733080064390295,0.7098697023135958
1004,33.46666666666667,65.03653777227079,106.58320771652699,0.3405173420906067,0.28891240159324616,17.051036653111623,0.3405173420906067,0.3672177791595459,0.3672177791595459,0.43171077966690063,0.6225352883338928,0.7707113921642303,0.2840498089790344,0.6225352883338928,0.305934551532513,0.8192162829818148,0.3725242686642763,0.17927639850285734,0.4730713793341206
1005,33.5,73.38268939041183,111.66211507288978,0.3619624972343445,0.29608772638202585,16.41369063158828,0.3619624972343445,0.3785250782966614,0.3785250782966614,0.4318503141403198,0.6187225878238678,0.7715646326541901,0.28484557569026947,0.6187225878238678,0.33142981498246177,0.8217701397158883,0.3342121141628105,0.11326575757544229,0.5079452419733532
1006,33.53333333333333,73.63825345051411,120.85287114404248,0.35522860288619995,0.34724091066500934,11.15047274062917,0.35522860288619995,0.37497198581695557,0.37497198581695557,0.43169307708740234,0.6195223927497864,0.7724950909614563,0.280196875333786,0.6195223927497864,0.31082963879365333,0.8186714992378697,0.37904623354871064,0.1100251627579051,0.5228152781230249
1007,33.56666666666667,105.0885792627601,114.42512775541988,0.34303170442581177,0.29477042099741,11.18419885662945,0.34303170442581177,0.3711525797843933,0.3711525797843933,0.43150725960731506,0.6183679699897766,0.766558825969696,0.2812623381614685,0.6183679699897766,0.4037769241606887,0.8256031654097817,0.3750007094841839,0.08459840610186845,0.6963256531939224
1008,33.6,130.2381331686139,138.23294073502782,0.35854434967041016,0.3749865652338513,11.939418288533943,0.35854434967041016,0.330862820148468,0.35854434967041016,0.43374088406562805,0.6193264126777649,0.7702716886997223,0.2841648608446121,0.6193264126777649,0.27310005794700065,0.8292385917721372,0.4604247627888734,0.08811172281965102,0.8435451842700772
1009,33.63333333333333,85.07216830207771,131.2413351641177,0.3537401556968689,0.34059310924461556,5.794305430032239,0.3537401556968689,0.3399161696434021,0.3537401556968689,0.4363510310649872,0.6186418533325195,0.7703694105148315,0.283643901348114,0.6186418533325195,0.2834943735287542,0.8254315130638353,0.4470538766701075,0.07520657198203845,0.592623157233765
1010,33.666666666666664,121.38079890969613,136.2232695206371,0.31814706325531006,0.3899253543400099,5.610547615180593,0.31814706325531006,0.33718442916870117,0.33718442916870117,0.43271365761756897,0.6221982836723328,0.7662190198898315,0.2863689512014389,0.6221982836723328,0.2635122540426401,0.8278306460741794,0.5118708197762295,0.09249811576361325,0.794337771720534
1011,33.7,111.25046558733271,130.50702316968707,0.3235276937484741,0.4149818095548814,6.654240137136242,0.3235276937484741,0.3841667175292969,0.3841667175292969,0.4330035150051117,0.6224883794784546,0.7641406655311584,0.2838192582130432,0.6224883794784546,0.28145330819156006,0.8352744303869478,0.4948634914757622,0.08719056004677252,0.7380581421518484
1012,33.733333333333334,103.35937986365141,115.8703821320247,0.3461410403251648,0.3438128160502654,1.969694694388295,0.3461410403251648,0.3434228301048279,0.3461410403251648,0.43355995416641235,0.6222322583198547,0.7576520442962646,0.28826476633548737,0.6222322583198547,0.27484284273651294,0.83821791184671,0.5048270885980316,0.12515661592071814,0.6942187770202857
1013,33.766666666666666,93.03062078460711,101.43415865226908,0.35903477668762207,0.38243168506700403,0.4379066942279053,0.35903477668762207,0.37259525060653687,0.37259525060653687,0.4338415861129761,0.6240581572055817,0.7523272335529327,0.28944121301174164,0.6240581572055817,0.2746371217926769,0.839015011082996,0.3811929810754746,0.13663253598182903,0.6311946764593486
1014,33.8,88.14308341744278,102.59486362511126,0.363089382648468,0.34570706108517224,0.4856151527203849,0.363089382648468,0.3720437288284302,0.3720437288284302,0.4341476559638977,0.6291520297527313,0.7522611320018768,0.2945125699043274,0.6291520297527313,0.2915801704484009,0.8382152644070712,0.40731456712876457,0.1834248625088711,0.609683796763571
1015,33.833333333333336,101.91887423569634,110.08670119240611,0.3776927590370178,0.3158855483149725,0.27194043178175775,0.3776927590370178,0.3927455544471741,0.3927455544471741,0.4358746409416199,0.6342876255512238,0.7519888579845428,0.29832005500793457,0.6342876255512238,0.31895777849532475,0.837104524175326,0.3582330361259394,0.21288453215602202,0.6736858788138725
1016,33.86666666666667,104.19901709143294,113.91969365738503,0.379274845123291,0.35216887020892734,2.099280265603909,0.379274845123291,0.38413727283477783,0.38413727283477783,0.4385363757610321,0.6362068355083466,0.7481785714626312,0.30850568413734436,0.6362068355083466,0.32967954856171483,0.8371186735052051,0.39038739170965875,0.3082062022500954,0.6959996457986362
1017,33.9,117.11084078033876,102.08850220818397,0.3911501169204712,0.3838868926042475,2.91207883782306,0.3911501169204712,0.3911183476448059,0.3911501169204712,0.4406064748764038,0.6389797627925873,0.7489730715751648,0.3174484670162201,0.6389797627925873,0.3682460337568672,0.834200687029145,0.4752703165484908,0.38355319809574445,0.7706157821129931
1018,33.93333333333333,86.76160067625464,102.1397570981623,0.39420080184936523,0.39203141250713885,1.4768717991299525,0.39420080184936523,0.3908354640007019,0.39420080184936523,0.4442085921764374,0.6395387351512909,0.7497966587543488,0.3354988396167755,0.6395387351512909,0.3812054499573734,0.833837119918881,0.5109267837666196,0.45834819109827485,0.6020088926458591
1019,33.96666666666667,93.29681652093521,106.4709147017908,0.4002380967140198,0.7993145098343641,2.8156592820325557,0.4002380967140198,0.3870812654495239,0.4002380967140198,0.4493565559387207,0.6401127576828003,0.7486814856529236,0.3552362471818924,0.6401127576828003,0.38902180657000257,0.836064996141376,0.5592864903167513,0.5063453133837581,0.638315647338529
1020,34.0,58.11622658291724,111.39641203717012,0.40958285331726074,0.5217292946367693,2.7135247128916546,0.40958285331726074,0.38299524784088135,0.40958285331726074,0.4542264938354492,0.6393778920173645,0.7473998963832855,0.3740808218717575,0.6393778920173645,0.36857583876184175,0.8383508843905998,0.611608847103629,0.5903234607024238,0.44286792546065135
1021,34.03333333333333,113.31912060348645,115.6334181943935,0.40905994176864624,0.33039502887451866,0.7924143651810596,0.40905994176864624,0.3813013434410095,0.40905994176864624,0.4574397802352905,0.638989269733429,0.7419319152832031,0.3924410939216614,0.638989269733429,0.35156951638688844,0.8433852882096262,0.6030735791606326,0.5831049210158393,0.7495506700193691
1022,34.06666666666667,81.11432929592547,99.41440359851467,0.40579360723495483,0.39085649101142683,1.5573536238969723,0.40579360723495483,0.380012571811676,0.40579360723495483,0.4549727439880371,0.6390694081783295,0.7356340885162354,0.41580013930797577,0.6390694081783295,0.3100218285095908,0.8485035720196638,0.6475795926534837,0.4858934730466858,0.5706351627551416
1023,34.1,80.49660361542512,97.92925508728446,0.40448808670043945,0.47585196780981365,6.042369475829219,0.40448808670043945,0.3706704378128052,0.40448808670043945,0.4490499794483185,0.6381953954696655,0.7250895500183105,0.4326333999633789,0.6381953954696655,0.3409536008987479,0.8550888187054432,0.6816265744016634,0.3966534865986437,0.5672033534190284
1024,34.13333333333333,125.05146360443307,98.41473415706874,0.37657099962234497,0.5592505100315737,5.456708498285735,0.37657099962234497,0.3801731467247009,0.3801731467247009,0.44403767585754395,0.6360312402248383,0.7253365516662598,0.43543969094753265,0.6360312402248383,0.39022756455257857,0.8655849261717363,0.7092188070073969,0.40818306017134676,0.8147303533579615
1025,34.166666666666664,140.94762726389555,89.81800456993619,0.3501608967781067,0.5849619151320309,1.5062385138679417,0.3501608967781067,0.3861464262008667,0.3861464262008667,0.442132830619812,0.6358987390995026,0.7250806987285614,0.4394230544567108,0.6358987390995026,0.4424643013364792,0.8738256160056952,0.585155391858609,0.2863894307234011,0.9030423736883086
1026,34.2,140.19876305285445,71.49516360744211,0.3386542797088623,0.5966330583569964,1.5117796735640354,0.3386542797088623,0.39707422256469727,0.39707422256469727,0.4412339925765991,0.6318408250808716,0.7211748957633972,0.4592990279197693,0.6318408250808716,0.5551358459326456,0.8842573355544697,0.6291801022742468,0.32915267855111763,0.8988820169603025
1027,34.233333333333334,140.11158258867934,147.81191353913158,0.3405574560165405,0.5092982379984052,1.0187961840501032,0.3405574560165405,0.40015101432800293,0.40015101432800293,0.4425897002220154,0.6297137439250946,0.7182523310184479,0.4614991694688797,0.6297137439250946,0.5491091270144465,0.8904055483413466,0.6096229873877799,0.45454124158861225,0.8983976810482186
1028,34.266666666666666,159.42970967440246,148.08244621293042,0.3449135422706604,0.5862432762948426,5.200486070616449,0.3449135422706604,0.40495795011520386,0.40495795011520386,0.4429493248462677,0.6269756555557251,0.7122076451778412,0.48532550036907196,0.6269756555557251,0.36486146427939864,0.896255247520678,0.5309521892557499,0.4650364284306955,1.005720609302236
1029,34.3,77.71098602147592,141.8095308316337,0.3511934280395508,0.4248534823827692,6.84846548444969,0.3511934280395508,0.38397836685180664,0.38397836685180664,0.44324976205825806,0.6222968101501465,0.719848245382309,0.5093154311180115,0.6222968101501465,0.4615585352919224,0.9030603928999468,0.5226407701965416,0.4331591750862259,0.5517277001193106
1030,34.333333333333336,97.86477158389897,123.90195606754455,0.3635522127151489,0.42710305150009276,0.28070899439015307,0.3635522127151489,0.37767624855041504,0.37767624855041504,0.4448815584182739,0.6231618523597717,0.7237516343593597,0.5149845778942108,0.6231618523597717,0.44874996833598907,0.9065118757161227,0.6385882856469137,0.5287409401484793,0.6636931754661054
1031,34.36666666666667,98.74573831270986,124.18852339635728,0.3791079521179199,0.5482563108155325,3.904550057607196,0.3791079521179199,0.3788067698478699,0.3791079521179199,0.4465954601764679,0.62250816822052,0.721197783946991,0.5299434065818787,0.62250816822052,0.3928683225509466,0.9033225341276689,0.595579064353156,0.4638382629061711,0.6685874350706104
1032,34.4,116.77562499762915,125.76460016159425,0.39085644483566284,0.3977483429335835,159.01828688818364,0.39085644483566284,0.401067316532135,0.401067316532135,0.4488227665424347,0.6245895326137543,0.7197332680225372,0.5488195419311523,0.6245895326137543,0.36778960962485163,0.9003389838970068,0.5290445080080616,0.3625467626568357,0.7687534722090509
1033,34.43333333333333,99.80663605168267,127.27520957332959,0.4016953110694885,0.37205026410899955,21.340436565276434,0.4016953110694885,0.4160902500152588,0.4160902500152588,0.44908323884010315,0.6247258484363556,0.7196885645389557,0.5619848668575287,0.6247258484363556,0.34610980975406674,0.8934652344747023,0.524531783672651,0.36637236867350464,0.6744813113982371
1034,34.46666666666667,111.93285590845196,104.44681519033615,0.4132801294326782,0.5308731259044317,24.394256854908463,0.4132801294326782,0.41996699571609497,0.41996699571609497,0.4521978795528412,0.6228763461112976,0.7168941497802734,0.5693151652812958,0.6228763461112976,0.22747390259200478,0.8916389066161532,0.4810411711862635,0.3388642762952973,0.7418491994913997
1035,34.5,110.54318455088162,101.81197111523826,0.42443305253982544,0.4414005318430615,22.23065744582155,0.42443305253982544,0.4241851568222046,0.42443305253982544,0.4542117714881897,0.6228175461292267,0.7104975581169128,0.5756872594356537,0.6228175461292267,0.20851009299848816,0.8896657481338038,0.43349312078656543,0.2880659863214651,0.7341288030604535
1036,34.53333333333333,140.28456724444018,139.45073626201244,0.4357416033744812,0.24782799122658233,47.976197267337284,0.4357416033744812,0.42840296030044556,0.4357416033744812,0.45472151041030884,0.6173062026500702,0.7108699679374695,0.5844931900501251,0.6173062026500702,0.2556227673186485,0.8881017114176895,0.45339240290306515,0.32925416917485045,0.8993587069135566
1037,34.56666666666667,123.91831131382492,123.26958424157539,0.44556111097335815,0.45676997536077557,2.073350582383455,0.44556111097335815,0.4191752076148987,0.44556111097335815,0.455808162689209,0.6188662052154541,0.720767080783844,0.5949010848999023,0.6188662052154541,0.15270429355295725,0.8846506774425507,0.44949469857745183,0.3614806527949675,0.8084350628545829
1038,34.6,98.96666262503949,125.80641344410792,0.44941747188568115,0.32954333156886273,2.331013147459828,0.44941747188568115,0.4070250391960144,0.44941747188568115,0.45797082781791687,0.6199528276920319,0.7222414612770081,0.6149023175239563,0.6199528276920319,0.1601104586112031,0.8762875434124109,0.4100060782049961,0.35220719238897213,0.6698147923613305
1039,34.63333333333333,83.2743710939653,117.17309237573663,0.44737982749938965,0.35877721645373645,1.4783317263695324,0.44737982749938965,0.403384804725647,0.44737982749938965,0.46064215898513794,0.6190508604049683,0.7214599549770355,0.627801924943924,0.6190508604049683,0.19806827919783973,0.8704950014750162,0.40437212243739845,0.3530193751668642,0.5826353949664739
1040,34.666666666666664,85.80152696047999,133.2809446172819,0.4433661103248596,0.39460920975774477,0.030794737974417785,0.4433661103248596,0.40074700117111206,0.4433661103248596,0.4610896408557892,0.6194714903831482,0.7178771793842316,0.6326103508472443,0.6194714903831482,0.21546583741294217,0.8677652703993248,0.4632894145694409,0.38074024684978547,0.5966751497804443
1041,34.7,100.37884878808909,124.95400855557823,0.4350104331970215,0.31250718226250535,0.32047821300815826,0.4350104331970215,0.403874933719635,0.4350104331970215,0.4605250954627991,0.6205553114414215,0.7111881673336029,0.6430781781673431,0.6205553114414215,0.21798728431005543,0.8614291088147596,0.49977725189685224,0.33886484397244193,0.6776602710449394
1042,34.733333333333334,115.23583581713795,90.17994986039096,0.4155154824256897,0.21397022577315433,2.9229265245386955,0.4155154824256897,0.4053187370300293,0.4155154824256897,0.455743670463562,0.6257722973823547,0.7120865285396576,0.6572955250740051,0.6257722973823547,0.24759656155676915,0.8526328838232792,0.5816421602721826,0.2832151116593667,0.7601990878729886
1043,34.766666666666666,173.14378433398107,122.75943337501425,0.3919525742530823,0.35101193738695236,3.444250453371069,0.3919525742530823,0.4036642909049988,0.4036642909049988,0.4498768448829651,0.6308616399765015,0.7181793749332428,0.6693138480186462,0.6308616399765015,0.21447877161444392,0.84347490921165,0.6029620215735769,0.3009494495074754,1.0819099129665615
1044,34.8,112.0851171115273,85.3049540285064,0.36530500650405884,0.3723244379049025,2.603268774938101,0.36530500650405884,0.40456223487854004,0.40456223487854004,0.44342759251594543,0.6340822875499725,0.7212151288986206,0.6710444092750549,0.6340822875499725,0.20875081245415525,0.8428248284441052,0.5345214467284105,0.24936559385267903,0.7426950950640405
1045,34.833333333333336,119.35547290186324,84.23106320967284,0.3581199645996094,0.413312173350429,0.347412633795642,0.3581199645996094,0.4138767123222351,0.4138767123222351,0.439418762922287,0.6380601525306702,0.7243831157684326,0.6777335107326508,0.6380601525306702,0.20576133842453714,0.8415069841977322,0.41735621792301075,0.16654861942893168,0.7830859605659068
1046,34.86666666666667,114.6637847355024,72.09361953830445,0.35863620042800903,0.3755732857116837,0.7067132406313874,0.35863620042800903,0.4130323529243469,0.4130323529243469,0.4395357072353363,0.6378879249095917,0.7245047092437744,0.6796522736549377,0.6378879249095917,0.17557812175292614,0.838817601854151,0.338398995045649,0.14839740106351115,0.7385407248220414
1047,34.9,90.70291320720065,71.33205259207536,0.3631795048713684,0.3498215514592649,0.7970350273693612,0.3631795048713684,0.4120487570762634,0.4120487570762634,0.43996790051460266,0.6367600858211517,0.7245350182056427,0.6789259612560272,0.6367600858211517,0.20077384183613745,0.8348636780724381,0.27346057193896056,0.16235076324211833,0.5859432449550251
1048,34.93333333333333,118.60440953295202,98.80971558472123,0.37192732095718384,0.2957793996890928,0.04893511426470809,0.37192732095718384,0.4069019556045532,0.4069019556045532,0.44107264280319214,0.636135458946228,0.7239387631416321,0.6889327764511108,0.636135458946228,0.13869694220980344,0.8304313719272614,0.25411636344486693,0.1436089784342513,0.7351482953276379
1049,34.96666666666667,134.8439208755975,142.11743287734785,0.38664841651916504,0.19405169948671783,0.7101311967517745,0.38664841651916504,0.40306246280670166,0.40306246280670166,0.442592978477478,0.6355904638767242,0.7211907207965851,0.6948896050453186,0.6355904638767242,0.1547705642442048,0.8300633606585589,0.2853746999405759,0.17561180594962733,0.8347453037354922
1050,35.0,113.23064812471034,142.3500188452328,0.3913848400115967,0.23601150711901406,2.138492904933912,0.3913848400115967,0.39764606952667236,0.39764606952667236,0.44614577293395996,0.6347690224647522,0.7174699008464813,0.6903037130832672,0.6347690224647522,0.13811610657368925,0.8195388899608091,0.32075366221706486,0.22183216068425982,0.7252852549135103
1051,35.03333333333333,107.53841902954542,148.17052896082117,0.3892143964767456,0.3137789371940166,0.2508500092727104,0.3892143964767456,0.39187806844711304,0.39187806844711304,0.4472099840641022,0.6323963105678558,0.7149443626403809,0.683442085981369,0.6323963105678558,0.15164513197788113,0.8144915293563496,0.27258942114334517,0.19774691324144417,0.6792124876182559
1052,35.06666666666667,108.2066355653245,156.90983323803135,0.38380807638168335,0.34288373185397353,0.8351676444536338,0.38380807638168335,0.3859022855758667,0.3859022855758667,0.44875872135162354,0.6333131790161133,0.7159010767936707,0.6744438111782074,0.6333131790161133,0.2267320066454747,0.8101446353124849,0.24770097625655177,0.20485518963540042,0.6754582682398794
1053,35.1,135.76326470048113,162.08139563804394,0.3890700340270996,0.21555630766343634,3.534432004405204,0.3890700340270996,0.35407066345214844,0.3890700340270996,0.4462168514728546,0.6393234729766846,0.7176203727722168,0.6745904684066772,0.6393234729766846,0.20638810845403163,0.8106799852667432,0.2282316582208955,0.1968175557847743,0.822709856913386
1054,35.13333333333333,157.46499886127907,164.8433998762141,0.39846116304397583,0.18150611430038321,2.503594652128754,0.39846116304397583,0.32098180055618286,0.39846116304397583,0.4366031289100647,0.6407011449337006,0.7186757028102875,0.6675577163696289,0.6407011449337006,0.18285958622625384,0.8083961524746635,0.24222963583955973,0.21005659422336437,0.9474744399811961
1055,35.166666666666664,136.44887697246136,164.62805347484027,0.39778196811676025,0.13223562988144102,0.279119873066918,0.39778196811676025,0.32742947340011597,0.39778196811676025,0.43349647521972656,0.6412215530872345,0.7192769646644592,0.6642794907093048,0.6412215530872345,0.15620481456917357,0.8129030714432398,0.21431926027045414,0.17085036150341631,0.8223450945948105
1056,35.2,132.4087913316703,168.53077490087063,0.3964431881904602,0.12070720415147705,0.8277402720581222,0.3964431881904602,0.34123390913009644,0.3964431881904602,0.43477725982666016,0.6419941782951355,0.7181714773178101,0.6548442840576172,0.6419941782951355,0.14354855766618782,0.8100104860284112,0.34418193311137607,0.28006244159571797,0.83885897622047
1057,35.233333333333334,114.75795159991686,168.97906500805414,0.3911170959472656,0.16594066909524066,1.5803021865409619,0.3911170959472656,0.3788025975227356,0.3911170959472656,0.43526768684387207,0.642699122428894,0.7171617448329926,0.6524347960948944,0.642699122428894,0.33487475121217436,0.8064266574202161,0.5260266486964285,0.49737238580784543,0.7575441755550937
1058,35.266666666666666,136.92566680936446,169.94099037043623,0.37902265787124634,0.14480056908880418,5.209807673249827,0.37902265787124634,0.32556164264678955,0.37902265787124634,0.43585535883903503,0.6397717893123627,0.7194278538227081,0.6283982992172241,0.6397717893123627,0.3317047535112032,0.8124120831489563,0.7032327576699611,0.6858475023436666,0.8806981489409137
1059,35.3,112.04041367120838,110.74022763398278,0.3799161911010742,0.6086790030800513,42.38047444948796,0.3799161911010742,0.412086546421051,0.412086546421051,0.4499219059944153,0.6290166974067688,0.7157107591629028,0.5863677859306335,0.6290166974067688,0.5030141409535744,0.8138452772841309,0.7223627353930553,0.6774467867558274,0.7424467426178244
1060,35.333333333333336,136.43255064392815,69.12116855919308,0.384870707988739,0.39007213450219014,3.836219639807524,0.384870707988739,0.397131085395813,0.397131085395813,0.46102020144462585,0.6167853474617004,0.7222964465618134,0.553860992193222,0.6167853474617004,0.6356289192688895,0.8230301679083796,0.7513199738463259,0.7202311782370798,0.8779586146884897
1061,35.36666666666667,142.64295735672934,90.57384152231381,0.3971456289291382,0.4030241568896439,5.001399598374462,0.3971456289291382,0.4975985884666443,0.4975985884666443,0.47750329971313477,0.6094371378421783,0.7243473529815674,0.5505330860614777,0.6094371378421783,0.58526863907612,0.8285032330137311,0.6743691668060848,0.6528429406128545,0.9727467404645804
1062,35.4,106.82362547432514,96.60974047613746,0.40225958824157715,0.5508933293333104,2.542097896517447,0.40225958824157715,0.46185892820358276,0.46185892820358276,0.4719804525375366,0.6117207705974579,0.7249155044555664,0.541166216135025,0.6117207705974579,0.3615979051701696,0.8262719539078799,0.47962170717180136,0.45034955878250194,0.713464585968473
1063,35.43333333333333,106.95343877314907,124.42469501551389,0.4077186584472656,0.601538652373508,21.122780841532176,0.4077186584472656,0.5294857323169708,0.5294857323169708,0.46872565150260925,0.6118986904621124,0.7257203757762909,0.5541477203369141,0.6118986904621124,0.3661322094794288,0.8298063458818378,0.34235644032141194,0.30211230677593887,0.8791729455014475
1064,35.46666666666667,101.26327178346439,137.0032207517148,0.4079477787017822,0.4650332129337014,21.297830068498143,0.4079477787017822,0.5416086316108704,0.5416086316108704,0.46786102652549744,0.6129405200481415,0.7287044525146484,0.563727080821991,0.6129405200481415,0.20887548251172525,0.8391228634299654,0.31786548092600775,0.3058289237876685,0.8791761916642788
1065,35.5,115.95470159749244,149.43718094540924,0.40552806854248047,0.3385361915140169,18.28273046390757,0.40552806854248047,0.5448281764984131,0.5448281764984131,0.4672534167766571,0.6154453754425049,0.7333697378635406,0.5734347105026245,0.6154453754425049,0.1500731318220789,0.8467520845658851,0.37215672115593307,0.36619521624031115,0.9885640821647836
1066,35.53333333333333,114.21718768127383,151.55825879517752,0.40602976083755493,0.38318188476873377,18.418308882053196,0.40602976083755493,0.5168491005897522,0.5168491005897522,0.4671930968761444,0.6165017187595367,0.7306901216506958,0.5820563435554504,0.6165017187595367,0.174847555259486,0.8493209959882678,0.41178433615907406,0.4133516355214767,0.9035079427034557
1067,35.56666666666667,133.88283010002715,133.6103271249073,0.4072239398956299,0.3560617839203916,16.76789377555147,0.4072239398956299,0.515362948179245,0.515362948179245,0.4675057530403137,0.6173427700996399,0.7255261540412903,0.6017406582832336,0.6173427700996399,0.18799139963375788,0.8505002684665449,0.44709193460889135,0.45236833539476035,1.0073650859725003
1068,35.6,136.78420669209265,118.03420563865471,0.4078567624092102,0.3388200736129989,18.363262156537274,0.4078567624092102,0.5396294593811035,0.5396294593811035,0.4737580418586731,0.6147288680076599,0.7199486196041107,0.622418224811554,0.6147288680076599,0.19957849079914447,0.854755955212044,0.4641019166111854,0.46927971219863845,1.0775265119678061
1069,35.63333333333333,110.30818488319309,141.48535273375967,0.4040471315383911,0.34952721584810414,12.834387733103256,0.4040471315383911,0.5754268169403076,0.5754268169403076,0.4859716445207596,0.6087497472763062,0.7196488976478577,0.6374084055423737,0.6087497472763062,0.22213376169190263,0.8619609023585464,0.43789480878275994,0.4317805670446737,1.0011887666097168
1070,35.666666666666664,105.00600905979891,145.63017307185137,0.40403658151626587,0.3014501987147029,10.121457665294969,0.40403658151626587,0.5872935950756073,0.5872935950756073,0.4889647662639618,0.6084096431732178,0.721157431602478,0.6502480506896973,0.6084096431732178,0.2771675659335472,0.8701398101719943,0.34031334685638215,0.3361348786159251,0.980447207490734
1071,35.7,148.01956435273746,142.85516029428499,0.40758079290390015,0.25101727450511047,8.891658070795074,0.40758079290390015,0.5923632979393005,0.5923632979393005,0.49415482580661774,0.6078825891017914,0.7306585907936096,0.6526266038417816,0.6078825891017914,0.3207960302149832,0.8743762897722649,0.37423262317731293,0.3684845305967002,1.229226116422006
1072,35.733333333333334,112.5633610728902,140.37249215542326,0.4073162078857422,0.34090867072269976,9.501993620239773,0.4073162078857422,0.6069066226482391,0.6069066226482391,0.5002110749483109,0.6063768565654755,0.734612375497818,0.6491798162460327,0.6063768565654755,0.49601870896177874,0.8813167954936172,0.6776548890960263,0.67639631242089,1.0654386490602858
1073,35.766666666666666,118.49403564584782,130.57922888181105,0.4100756049156189,0.3854442503447696,9.5856903034026,0.4100756049156189,0.6148361563682556,0.6148361563682556,0.5022749900817871,0.6077922284603119,0.7320519387722015,0.6753753423690796,0.6077922284603119,0.5208176301438995,0.8870686509392478,0.7270681860034082,0.7143190756913181,1.1159836968918935
1074,35.8,116.2397796059899,135.0480100951892,0.38902008533477783,0.3678731871064889,8.52108314708238,0.38902008533477783,0.5797722637653351,0.5797722637653351,0.4929584264755249,0.6329501569271088,0.7332006096839905,0.7379657626152039,0.6329501569271088,0.45178315203849606,0.8905021891449437,0.8557365048305284,0.8507053353444829,1.026218065236041
1075,35.833333333333336,117.28544870019705,154.7330866510523,0.37795203924179077,0.34354760142470425,10.11760289066234,0.37795203924179077,0.5605838000774384,0.5605838000774384,0.4723425507545471,0.6397044062614441,0.7384041845798492,0.7559007108211517,0.6397044062614441,0.29012829888643404,0.8893960768526251,0.9319087062836574,0.9211758206773062,1.0363095740808794
1076,35.86666666666667,124.9884635425806,108.79366430172588,0.38324254751205444,0.49128625201835185,3.1114114325120283,0.38324254751205444,0.428072452545166,0.428072452545166,0.45594242215156555,0.6392362117767334,0.7394443452358246,0.7810636460781097,0.6392362117767334,0.3390302204996361,0.8779593507448832,0.916014233485339,0.9064124541743419,0.8143803530143366
1077,35.9,119.86187771381906,83.44835646325959,0.377985417842865,0.5007847805372397,2.3050199585988196,0.377985417842865,0.4275112748146057,0.4275112748146057,0.45582014322280884,0.6365548968315125,0.7546215057373047,0.7963364720344543,0.6365548968315125,0.2010560610701782,0.8702064021067186,0.6538615810702402,0.6345751488798106,0.785899320632328
1078,35.93333333333333,84.58483136708587,86.22021819131857,0.38028353452682495,0.548226002155963,4.615902636857413,0.38028353452682495,0.4449877142906189,0.4449877142906189,0.4595746099948883,0.6335277557373047,0.7557715773582458,0.8199161291122437,0.6335277557373047,0.2283204376035002,0.8652532452886755,0.7633078499645489,0.6329463615056339,0.5899157298171437
1079,35.96666666666667,87.72332015248112,94.52380566506413,0.3897298574447632,0.5503782927000588,3.353668713588405,0.3897298574447632,0.439855694770813,0.439855694770813,0.46382221579551697,0.6245497763156891,0.7481376528739929,0.8401661813259125,0.6245497763156891,0.23683420990280424,0.8610873141072013,0.7391423763060442,0.6025985514281518,0.6073517786248952
1080,36.0,122.22608485376733,105.44801716077157,0.4246758222579956,0.4007029755508767,2.795412785246043,0.4246758222579956,0.4353228807449341,0.4353228807449341,0.4694684147834778,0.6188572943210602,0.7512052357196808,0.858181357383728,0.6188572943210602,0.22456847241186487,0.8452315384691412,0.7767129339378542,0.6480175624743902,0.7990338047431519
1081,36.03333333333333,98.62139645188819,142.43399430393208,0.43509095907211304,0.3804811922803949,1.3104344721433279,0.43509095907211304,0.4522915482521057,0.4522915482521057,0.47909948229789734,0.6123305261135101,0.7528219819068909,0.877202033996582,0.6123305261135101,0.14325008929195696,0.8261272663419897,0.763859606532545,0.6330448327478189,0.6678966469549343
1082,36.06666666666667,83.28515677773629,139.3480403029915,0.43238353729248047,0.24795362580906583,0.1112267324706977,0.43238353729248047,0.44677138328552246,0.44677138328552246,0.4867326319217682,0.6062106192111969,0.7533276677131653,0.8994519710540771,0.6062106192111969,0.09628954699004483,0.8043871079430436,0.7657832656129115,0.6330652967514792,0.5826953154318683
1083,36.1,132.60725977011268,143.20526771257167,0.43618398904800415,0.2168885185367637,1.2660715907360895,0.43618398904800415,0.4418519139289856,0.4418519139289856,0.489617258310318,0.6045317947864532,0.7501409649848938,0.9206633567810059,0.6045317947864532,0.15004856589035237,0.7905184671734319,0.668139838568344,0.6565374598887838,0.8567069987228482
1084,36.13333333333333,145.44713299037187,100.15862367787119,0.43138349056243896,0.14674329660565877,0.4680757011467449,0.43138349056243896,0.4411059617996216,0.4411059617996216,0.49235206842422485,0.6041627824306488,0.7503777146339417,0.9428147375583649,0.6041627824306488,0.12237372921849182,0.776638821218953,0.6233866834792261,0.6222028687983537,0.9280396277242882
1085,36.166666666666664,121.48379574484021,114.93772215158079,0.4278702735900879,0.18078222569788158,0.999528846992888,0.4278702735900879,0.4328312873840332,0.4328312873840332,0.4916718900203705,0.6053748726844788,0.7497084140777588,0.9655876755714417,0.6053748726844788,0.05517303856843756,0.7579145621169697,0.5926794491603647,0.5829357301305917,0.7949099763602234
1086,36.2,86.69148972451913,121.38130870094444,0.4271968603134155,0.2934080332364097,0.4639154678556281,0.4271968603134155,0.4337046146392822,0.4337046146392822,0.4898890554904938,0.6076195538043976,0.7508704662322998,0.9797983765602112,0.6076195538043976,0.08505616063494058,0.7435602514129697,0.5432557105765008,0.553827560443075,0.6016193873584397
1087,36.233333333333334,90.82808567150842,145.41603899296396,0.4205940365791321,0.2462786759148441,2.368951556187767,0.4205940365791321,0.42044001817703247,0.4205940365791321,0.48487696051597595,0.6118310987949371,0.7500347793102264,0.9957846403121948,0.6118310987949371,0.041997158846044214,0.7404259506500128,0.8271055725882359,0.7788019195438479,0.6246004759528245
1088,36.266666666666666,139.82294934481723,168.89804654821128,0.42146599292755127,0.1582007449209882,2.2538725295370057,0.42146599292755127,0.4096115231513977,0.42146599292755127,0.481115460395813,0.6214944124221802,0.7613462805747986,1.0090679228305817,0.6214944124221802,0.06975103091921885,0.7300785432259241,0.7789102376330104,0.7273117702596943,0.8967941630267624
1089,36.3,76.10766777645841,143.51567150709369,0.3750509023666382,0.3445643998460851,134.79722346543315,0.3750509023666382,0.3715389370918274,0.3750509023666382,0.43088603019714355,0.6500629186630249,0.7644580602645874,0.9567039608955383,0.6500629186630249,0.2657638095944525,0.7355598897644968,0.7493460927987426,0.6945398267304173,0.5428203765358801
1090,36.333333333333336,75.3572581760324,140.34751900353243,0.36983197927474976,0.3193169920508298,91.74209766041781,0.36983197927474976,0.3696884512901306,0.36983197927474976,0.426597535610199,0.6521247029304504,0.7658835649490356,0.9426307082176208,0.6521247029304504,0.24579106802416634,0.7445420523484548,0.6829961791258647,0.6205096305397665,0.5386514343112911
1091,36.36666666666667,66.34801728510524,156.8309316767698,0.3728036880493164,0.29559892567550755,16.304283016130597,0.3728036880493164,0.369065523147583,0.3728036880493164,0.42550230026245117,0.653541773557663,0.7661403715610504,0.9338190257549286,0.653541773557663,0.26887754819669296,0.7494188131708087,0.6231200671672597,0.540241953180741,0.48860009602836246
1092,36.4,67.52975393111988,162.67647335147626,0.3681795597076416,0.293107064564572,122.48916891644217,0.3681795597076416,0.36610037088394165,0.3681795597076416,0.4246372580528259,0.653778076171875,0.766671895980835,0.9296323359012604,0.653778076171875,0.29348287856880295,0.7570846464597818,0.23529389768157546,0.20696613875985292,0.44575346892180534
1093,36.43333333333333,72.16713720679759,163.7609691300893,0.3667278289794922,0.30165582226476606,18.518528947301263,0.3667278289794922,0.36236727237701416,0.3667278289794922,0.4233817458152771,0.6543208956718445,0.7668907344341278,0.9266326427459717,0.6543208956718445,0.2836708285480724,0.764326227885304,0.17618810088069492,0.13997301644140922,0.4537849703019729
1094,36.46666666666667,76.35761843613446,163.09377076423576,0.363308846950531,0.3122573656628336,11.20865096681419,0.363308846950531,0.35835856199264526,0.363308846950531,0.4221422076225281,0.654563844203949,0.7666988372802734,0.922535628080368,0.654563844203949,0.3036129456569474,0.7709056558934125,0.15760537847040554,0.1091475062513239,0.4714906048529798
1095,36.5,72.29924955053454,158.9337224053532,0.35904794931411743,0.30840128718262994,100.49795903311451,0.35904794931411743,0.352287232875824,0.35904794931411743,0.42153263092041016,0.655508816242218,0.7669329941272736,0.9196273386478424,0.655508816242218,0.28123699814616715,0.7757177086490573,0.1533830186437088,0.11021419236316032,0.4476774030960823
1096,36.53333333333333,58.16820725457697,157.82462200329135,0.3541298508644104,0.314004225518706,132.30697558755583,0.3541298508644104,0.3470197916030884,0.3541298508644104,0.42157667875289917,0.6557628512382507,0.7671332955360413,0.9158485531806946,0.6557628512382507,0.28326894066873753,0.7801840964591864,0.15395304008624638,0.11172490994690577,0.36934261899574594
1097,36.56666666666667,63.61270438661566,155.34303194650266,0.3507242798805237,0.29423898524106556,122.43530878516663,0.3507242798805237,0.34309858083724976,0.3507242798805237,0.4212964177131653,0.6560422480106354,0.7682189345359802,0.9114863574504852,0.6560422480106354,0.2588642230840044,0.7801727264216451,0.13349613065284444,0.0944693876629576,0.39345275245482925
1098,36.6,63.00873043771156,154.47303974298327,0.34970927238464355,0.30019448492894724,100.4963572763399,0.34970927238464355,0.3420671820640564,0.34970927238464355,0.42124834656715393,0.6564589440822601,0.7677332162857056,0.9082125723361969,0.6564589440822601,0.2644888192857568,0.7803318369569201,0.12158977227396915,0.09103295480105046,0.38652543411392165
1099,36.63333333333333,63.755024623268575,153.58519362692496,0.3512670397758484,0.28799191122815987,130.98929266002676,0.3512670397758484,0.34423500299453735,0.3512670397758484,0.4211418330669403,0.6559865772724152,0.7680109441280365,0.907078742980957,0.6559865772724152,0.256540582528473,0.7802890078587965,0.09738435507018457,0.08015328969640387,0.3834098877614363
1100,36.666666666666664,68.3243531253232,155.23646448750083,0.349179208278656,0.286517792672297,153.59863571334517,0.349179208278656,0.34273582696914673,0.349179208278656,0.4214557707309723,0.6553095281124115,0.767740935087204,0.9046875238418579,0.6553095281124115,0.2468022891573174,0.7809175781228326,0.08415908762748,0.07387505002706939,0.40482746587337287
1101,36.7,71.48102129223386,153.58356366192544,0.3501088619232178,0.29552447736410314,168.64207908552822,0.3501088619232178,0.3436080813407898,0.3501088619232178,0.4215981662273407,0.6550622582435608,0.767608255147934,0.9027290344238281,0.6550622582435608,0.2691556909900835,0.7844035788015886,0.09160624627176292,0.08206723934757847,0.42459865883838366
1102,36.733333333333334,73.11378042434332,155.21227411704345,0.3504202961921692,0.2998591616534468,176.8346314041326,0.3504202961921692,0.3444364070892334,0.3504202961921692,0.42160800099372864,0.6548120081424713,0.7675949931144714,0.8994137048721313,0.6548120081424713,0.2719662105012385,0.7870355609691504,0.11090166642187957,0.10361349298537068,0.43945816895069345
1103,36.766666666666666,71.8538298243233,153.89478962231405,0.3502187132835388,0.32363004048078975,131.24722925038748,0.3502187132835388,0.3469005823135376,0.3502187132835388,0.42159512639045715,0.6547061502933502,0.767683744430542,0.8947493433952332,0.6547061502933502,0.2831894379136965,0.7904271641463945,0.11284746816542106,0.11101830194596078,0.4330421839180891
1104,36.8,68.16755178294689,147.85627264666527,0.34842342138290405,0.33942711043488694,16.34965921646858,0.34842342138290405,0.3480835556983948,0.34842342138290405,0.4211454391479492,0.6547569930553436,0.7675870954990387,0.8899302780628204,0.6547569930553436,0.2871656406826769,0.7956244674595919,0.10602475840467607,0.1034722905408141,0.4105160485377744
1105,36.833333333333336,65.50666454602586,138.92961375064223,0.34871935844421387,0.3635243215711467,11.571082571489882,0.34871935844421387,0.3490539789199829,0.3490539789199829,0.4209609925746918,0.6534608006477356,0.7672652006149292,0.886444091796875,0.6534608006477356,0.29392288142808093,0.8000757233663038,0.09013229392782851,0.08820995635449785,0.3909656023229367
1106,36.86666666666667,65.84016456662023,140.47516596906198,0.34956222772598267,0.37761272711040916,11.772964058278404,0.34956222772598267,0.3509467840194702,0.3509467840194702,0.4211541414260864,0.6530595123767853,0.7671592235565186,0.8858506679534912,0.6530595123767853,0.31862367813308706,0.8045219029441024,0.07641491256755374,0.07415265178150925,0.38870316580704517
1107,36.9,67.06915186886188,129.38351931805255,0.3499561548233032,0.38119611783957746,10.54523692855338,0.3499561548233032,0.35285431146621704,0.35285431146621704,0.42113834619522095,0.6525107026100159,0.7670896947383881,0.8852949440479279,0.6525107026100159,0.2791499959812236,0.8076880989652692,0.06915713719824235,0.06874786350445233,0.3933535404309276
1108,36.93333333333333,67.81410376812286,131.23896928786405,0.34937214851379395,0.38823788937359055,12.20340014985723,0.34937214851379395,0.3539682626724243,0.3539682626724243,0.4213269054889679,0.6522664427757263,0.7672175168991089,0.8829851448535919,0.6522664427757263,0.28416710400655526,0.8114438969077487,0.07211944159034657,0.07034496807315165,0.3983808534111199
1109,36.96666666666667,69.67031744638948,126.68021394589844,0.34903353452682495,0.3889981214582906,12.715741859527895,0.34903353452682495,0.35461366176605225,0.35461366176605225,0.42116761207580566,0.6522314846515656,0.7671639025211334,0.8790667653083801,0.6522314846515656,0.2638346739234786,0.8151790919629011,0.08571507964889317,0.08578243309696984,0.4127718430412761
1110,37.0,68.20283282951075,131.16997871014203,0.3487941026687622,0.39945997590367754,12.570593050834987,0.3487941026687622,0.3548389673233032,0.3548389673233032,0.4211944341659546,0.6522790789604187,0.7670420110225677,0.8750815093517303,0.6522790789604187,0.29645985140843367,0.819465644883387,0.09834551500445994,0.0977853245782936,0.4084082813319533
1111,37.03333333333333,68.47405651981094,130.0342989709388,0.3490382432937622,0.3955263181808365,14.01565396954382,0.3490382432937622,0.35468316078186035,0.35468316078186035,0.4212067425251007,0.6523809134960175,0.766960620880127,0.871793806552887,0.6523809134960175,0.2777909166740574,0.8238739439032294,0.10178977055826319,0.10158114111828671,0.4109483562775398
1112,37.06666666666667,68.01616032552198,113.19906672553947,0.3492012619972229,0.3899073552519758,12.010127724172975,0.3492012619972229,0.35412418842315674,0.35412418842315674,0.42100435495376587,0.6523660123348236,0.766862690448761,0.869012326002121,0.6523660123348236,0.2459002292189948,0.8280543152130011,0.09149767736963503,0.09171336180592428,0.4053168605749015
1113,37.1,67.10240783777739,108.78387114007421,0.34930628538131714,0.38811387735158215,13.175253261988132,0.34930628538131714,0.35362768173217773,0.35362768173217773,0.420779824256897,0.6524281203746796,0.766886979341507,0.8660576641559601,0.6524281203746796,0.23817760791597936,0.8329311568628658,0.08498721304267436,0.08658785491752927,0.39828731856712113
1114,37.13333333333333,66.19435882658935,117.78439522493053,0.3494877219200134,0.37900538182246357,11.25069605555558,0.3494877219200134,0.3527853488922119,0.3527853488922119,0.4203362762928009,0.6529625952243805,0.7667498588562012,0.8638474643230438,0.6529625952243805,0.20390320665891265,0.8366092809221961,0.08479275014026434,0.08614768269128657,0.3931842629675757
1115,37.166666666666664,66.84188424748122,107.57279324368817,0.35033249855041504,0.35884370021038975,13.467853324288086,0.35033249855041504,0.3484218120574951,0.35033249855041504,0.42007604241371155,0.6543999016284943,0.7674616575241089,0.861065536737442,0.6543999016284943,0.2263802147873237,0.8393289207509069,0.08932376563243759,0.0874820875673852,0.3981409310646269
1116,37.2,66.76305029466668,96.7974602246039,0.351514995098114,0.3607050490123087,16.075857777803776,0.351514995098114,0.3486407399177551,0.351514995098114,0.4199485778808594,0.6554412841796875,0.7666724026203156,0.8580228984355927,0.6554412841796875,0.2423198810476702,0.8421310249603156,0.1102889002909639,0.10867825177665408,0.4039925050576596
1117,37.233333333333334,70.67967086828273,91.45778471596,0.35339099168777466,0.36305457776347805,16.666279180613742,0.35339099168777466,0.34893882274627686,0.35339099168777466,0.41988852620124817,0.6554062068462372,0.7666628658771515,0.8550191819667816,0.6554062068462372,0.2600023172328364,0.8440720795681982,0.11267758855585736,0.11596603204488629,0.42646811472388346
1118,37.266666666666666,66.53095836054477,90.79330040769409,0.35401439666748047,0.3562635740502631,13.640029148521762,0.35401439666748047,0.3492268919944763,0.35401439666748047,0.4194720983505249,0.656339555978775,0.7672518193721771,0.8485986590385437,0.656339555978775,0.26868543394190647,0.8466588457425436,0.12395947923832236,0.10729176212442917,0.40680427910785655
1119,37.3,68.72585536934386,92.78562795217832,0.35473424196243286,0.3613521024073519,13.55765110672246,0.35473424196243286,0.3494407534599304,0.35473424196243286,0.41891729831695557,0.6587573885917664,0.7705172002315521,0.8460839092731476,0.6587573885917664,0.28601245630643796,0.8493213630986937,0.10724028096062578,0.09027004907684497,0.4139823918956536
1120,37.333333333333336,58.605211784308906,103.84725350513946,0.3592168092727661,0.38234126273397445,11.894123345180901,0.3592168092727661,0.34972018003463745,0.3592168092727661,0.4191341996192932,0.6588701009750366,0.7715954482555389,0.8444021046161652,0.6588701009750366,0.2889672449861107,0.8502032707134882,0.1584460202528305,0.07758745847607229,0.37311831598867645
1121,37.36666666666667,54.755369572434276,141.0434862006114,0.3587392568588257,0.36498792349080716,7.27481322305448,0.3587392568588257,0.3502007722854614,0.3587392568588257,0.4206490218639374,0.658491462469101,0.7733739912509918,0.8444178402423859,0.658491462469101,0.30886877700400756,0.8484036759896711,0.22491224768920703,0.049989979469103094,0.37167017193139695
1122,37.4,52.183511184341995,144.29093025808766,0.3707832098007202,0.4078898410884116,7.516483793719431,0.3707832098007202,0.3508591651916504,0.3707832098007202,0.42159003019332886,0.6583291590213776,0.7795336842536926,0.8452930748462677,0.6583291590213776,0.3220440242324194,0.8512378077615391,0.41010642068153963,0.06458966394632662,0.4099083954685666
1123,37.43333333333333,59.59130705525373,142.5247070546633,0.3882797956466675,0.43157522725205416,5.957485212486432,0.3882797956466675,0.3508686423301697,0.3882797956466675,0.4217113256454468,0.6598947644233704,0.7873697280883789,0.8463490307331085,0.6598947644233704,0.3360042303495161,0.855617494745688,0.44847829918267257,0.09270767182780612,0.4510628169736318
1124,37.46666666666667,86.26198368426573,131.82904520378375,0.42158639430999756,0.48561993628183003,2.306885157316202,0.42158639430999756,0.3495582938194275,0.42158639430999756,0.42093539237976074,0.6647311151027679,0.7971134185791016,0.8497662842273712,0.6647311151027679,0.35210191333565666,0.8650288369619485,0.5165765422781368,0.12596257509870032,0.6011862484810756
1125,37.5,78.43432746271726,112.97746882691412,0.43261849880218506,0.49180374113416714,1.0267166365797777,0.43261849880218506,0.34339481592178345,0.43261849880218506,0.41952505707740784,0.6708343327045441,0.810133159160614,0.8515971302986145,0.6708343327045441,0.35859854336841207,0.8726949949156154,0.5217673925130912,0.18479901492589532,0.5950265888560942
1126,37.53333333333333,97.62562014896231,97.96643848604926,0.4443330764770508,0.5259908655267611,1.240362692066924,0.4443330764770508,0.34061920642852783,0.4443330764770508,0.41711094975471497,0.6765268445014954,0.8199064433574677,0.8499665260314941,0.6765268445014954,0.3544537463756852,0.8797549162850236,0.48700897101729096,0.23070059396941642,0.7440309365501314
1127,37.56666666666667,108.68917456882664,94.00304743851166,0.45407289266586304,0.5697190833328571,1.2581106908407662,0.45407289266586304,0.339197039604187,0.45407289266586304,0.4150979518890381,0.6829927265644073,0.8300267457962036,0.8414458632469177,0.6829927265644073,0.3568324094925709,0.8865729308489597,0.3796880607936379,0.28198960016588126,0.8346599881731587
1128,37.6,119.14705287253643,92.81141345979763,0.46160316467285156,0.5841067129402274,1.6473858811747846,0.46160316467285156,0.33780986070632935,0.46160316467285156,0.4133615493774414,0.6861507594585419,0.8342291712760925,0.8324451148509979,0.6861507594585419,0.3953094457589709,0.893855735208049,0.42108140359402785,0.35019073195718875,0.9266529174003217
1129,37.63333333333333,120.49666493673315,85.81827919839508,0.4674995541572571,0.5803077646482528,3.3657339564800566,0.4674995541572571,0.33707910776138306,0.4674995541572571,0.41240569949150085,0.6871282458305359,0.8378212451934814,0.8180081844329834,0.6871282458305359,0.39794395044368724,0.9000439156185497,0.4980559607929168,0.45640949655609836,0.9547074803124529
1130,37.666666666666664,120.96038852973264,97.90050994987715,0.46297144889831543,0.602103297954848,2.9968465827451496,0.46297144889831543,0.3349961042404175,0.46297144889831543,0.4120402932167053,0.6899940967559814,0.8391739130020142,0.8005024492740631,0.6899940967559814,0.5061737173429623,0.906564249233766,0.5666673539374567,0.5319310425425193,0.944795625543345
1131,37.7,114.55598805152633,106.8575606431615,0.4557607173919678,0.6450642511885455,2.894761160061222,0.4557607173919678,0.33405572175979614,0.4557607173919678,0.4122524559497833,0.6914660930633545,0.8400444984436035,0.7769237756729126,0.6914660930633545,0.5103822673806765,0.9133011518102704,0.6600285631329106,0.6378962636696762,0.8869469401683663
1132,37.733333333333334,111.98483663965384,104.92040333557026,0.44852304458618164,0.6784679095319326,1.961986603383906,0.44852304458618164,0.3324422240257263,0.44852304458618164,0.4121741056442261,0.6920097470283508,0.8394550383090973,0.753646969795227,0.6920097470283508,0.4511295210314897,0.9192632816054604,0.7896162263524475,0.7410327828938569,0.8511847981572769
1133,37.766666666666666,106.78723180482883,108.85979441529409,0.4454377293586731,0.6517834063270083,0.7394886463925161,0.4454377293586731,0.3317105174064636,0.4454377293586731,0.412657231092453,0.6899389624595642,0.837562084197998,0.7265263497829437,0.6899389624595642,0.42777527322363085,0.9250814697959207,0.9515320041936289,0.8641377089111912,0.811603893714376
1134,37.8,100.90964468231871,118.22225983210957,0.4259107708930969,0.6137119586034893,1.0316635773548626,0.4259107708930969,0.33267152309417725,0.4259107708930969,0.41308584809303284,0.6893621683120728,0.8352801501750946,0.6948722004890442,0.6893621683120728,0.4690723053321593,0.9306074814362959,1.0926506600561763,0.9784347083511351,0.7190839055241851
1135,37.833333333333336,91.88793965005937,150.79287596016013,0.40207719802856445,0.5997158487781488,2.484488778464737,0.40207719802856445,0.3330655097961426,0.40207719802856445,0.41341277956962585,0.6900473535060883,0.8316036760807037,0.6566220819950104,0.6900473535060883,0.5498862445486139,0.9352521625432101,1.2304686468656194,1.115279983487725,0.630488553611441
1136,37.86666666666667,84.9130808977265,161.8631832327577,0.37971264123916626,0.556837879194198,1.364571553907865,0.37971264123916626,0.3342997431755066,0.37971264123916626,0.414203941822052,0.6895126700401306,0.8214976489543915,0.6139513552188873,0.6895126700401306,0.5396979990893593,0.9387614112911802,1.354540670972526,1.2424969897500526,0.5917393383207028
1137,37.9,74.66985444959742,141.59872968535765,0.36606597900390625,0.59070229614448,0.6533137249080312,0.36606597900390625,0.34487026929855347,0.36606597900390625,0.4158848822116852,0.6812082231044769,0.8091550469398499,0.5686149597167969,0.6812082231044769,0.46974826073203213,0.9429515943382726,1.4204721425927131,1.337322180522669,0.5348325247199857
1138,37.93333333333333,64.68558936253176,84.33697352581395,0.3541303277015686,0.4928813012976864,0.6472505154244459,0.3541303277015686,0.353429913520813,0.3541303277015686,0.41884738206863403,0.6676536798477173,0.7935991287231445,0.5221492052078247,0.6676536798477173,0.3204479748408579,0.9466480287638578,1.286518442632543,1.2426480339803012,0.47936438534739867
1139,37.96666666666667,62.847469336188055,88.77924884473528,0.3441832661628723,0.4097410970652434,1.6656887797854836,0.3441832661628723,0.3587995767593384,0.3587995767593384,0.420958936214447,0.6621478199958801,0.7829336524009705,0.47500602900981903,0.6621478199958801,0.32747036187863066,0.9494942426681519,1.2378007753445197,1.2283703883086692,0.469152607423267
1140,38.0,58.37563150827057,102.86077998156799,0.340568482875824,0.4298842844326303,2.1471673571741405,0.340568482875824,0.3620602488517761,0.3620602488517761,0.42160868644714355,0.6611068844795227,0.7802409529685974,0.4525529146194458,0.6611068844795227,0.2518163425788157,0.9515442757895498,1.1438589626715845,1.1419139041676238,0.4443090639348365
1141,38.03333333333333,52.21817132358506,59.74273587537141,0.33801305294036865,0.39249622112562127,1.7349226930181203,0.33801305294036865,0.36543941497802734,0.36543941497802734,0.4243381917476654,0.6560443639755249,0.7712786197662354,0.4125777333974838,0.6560443639755249,0.18286524315493405,0.9540040709755637,1.0130860119786074,1.0088468190603055,0.4101009517976948
1142,38.06666666666667,50.799315450632,61.92108505353612,0.33709317445755005,0.3687339852688706,5.394786201984402,0.33709317445755005,0.3686208128929138,0.3686208128929138,0.42516854405403137,0.655435174703598,0.7655921578407288,0.3809023052453995,0.655435174703598,0.16776410505091252,0.9560854290470933,0.8944564238564138,0.8933594052716067,0.40221841917017775
1143,38.1,47.40047626505242,53.148392599539385,0.33877748250961304,0.3128993696958707,3.794013493172116,0.33877748250961304,0.3704981207847595,0.3704981207847595,0.4258671998977661,0.6531465351581573,0.7616913020610809,0.35477781295776367,0.6531465351581573,0.16008691884473863,0.9573671799717527,0.9063250480729778,0.9056112487575647,0.3833359792502912
1144,38.13333333333333,46.79841340636531,79.04759346203737,0.343026340007782,0.26202287395774554,2.832083990998342,0.343026340007782,0.37270426750183105,0.37270426750183105,0.4275110065937042,0.6504864692687988,0.7585923671722412,0.3266877830028534,0.6504864692687988,0.17181431899368452,0.9578331817280162,0.7992055620838818,0.7974817322447324,0.3799911855909184
1145,38.166666666666664,52.36155965453504,88.50422123528817,0.34642499685287476,0.1861839118338078,2.327352670571628,0.34642499685287476,0.37598365545272827,0.37598365545272827,0.42757296562194824,0.649202972650528,0.7553592622280121,0.3022021949291229,0.649202972650528,0.19029116196903018,0.9590681899677623,0.7394130183638054,0.7377165755951044,0.4108975536363058
1146,38.2,56.87817278938721,92.12262937035342,0.34846776723861694,0.1426540651032084,2.183440400696867,0.34846776723861694,0.37919384241104126,0.37919384241104126,0.42965492606163025,0.6465089917182922,0.7523117661476135,0.28009283542633057,0.6465089917182922,0.16503384466893592,0.9606671784863328,0.7129733370946053,0.7108165958606205,0.4359898488299289
1147,38.233333333333334,56.15186810896178,97.35056278580812,0.3490646481513977,0.14461004899894564,2.408610502359636,0.3490646481513977,0.3807107210159302,0.3807107210159302,0.4301547706127167,0.6460305750370026,0.7514903843402863,0.25837767869234085,0.6460305750370026,0.15738277530041056,0.9614899302973892,0.6613360474600627,0.6600885810496316,0.4319548228275654
1148,38.266666666666666,61.95829649125993,105.32867753199996,0.3502640128135681,0.14820249763401386,2.996451682626798,0.3502640128135681,0.3818337321281433,0.3818337321281433,0.43147537112236023,0.6457240581512451,0.749935656785965,0.2366386204957962,0.6457240581512451,0.16963193145782995,0.963289858716907,0.6281844067176614,0.6281292405569053,0.46421275828477737
1149,38.3,81.63562279124588,116.33032169259424,0.3515719771385193,0.15254912976977894,3.3601760483803105,0.3515719771385193,0.382854163646698,0.382854163646698,0.43175196647644043,0.6455316841602325,0.7477605640888214,0.2168785259127617,0.6455316841602325,0.16875060280444612,0.965062287720767,0.6013279850432844,0.600784528288795,0.5735312377291437
1150,38.333333333333336,91.56075507359736,132.01665517506856,0.351889431476593,0.16913367324563852,3.4329451832132065,0.351889431476593,0.383558988571167,0.383558988571167,0.43177250027656555,0.6456220746040344,0.7466823160648346,0.1976860910654068,0.6456220746040344,0.13765045279520663,0.9663985768953959,0.5702693943611281,0.5696415889313303,0.6286708615199853
1151,38.36666666666667,92.37596391758885,123.98199841214611,0.3533790707588196,0.1796832525787221,4.095586081687998,0.3533790707588196,0.3836129903793335,0.3836129903793335,0.43172916769981384,0.6442831456661224,0.7462537884712219,0.18002133071422577,0.6442831456661224,0.11873551803737296,0.9678648764436896,0.5415176184985091,0.5402199662602842,0.6331997995421602
1152,38.4,105.48269957477069,131.52759816672474,0.35424935817718506,0.21645984048108247,4.3094791707890465,0.35424935817718506,0.3825414180755615,0.3825414180755615,0.43155208230018616,0.6438410878181458,0.7444616258144379,0.16349730640649796,0.6438410878181458,0.11022189432190406,0.968946509289019,0.5219388998222579,0.5158251793088724,0.706014997637615
1153,38.43333333333333,110.21054990627874,116.9838101621256,0.3565399646759033,0.22157099016510998,4.360381110046006,0.3565399646759033,0.38242512941360474,0.38242512941360474,0.4316542446613312,0.6431880295276642,0.7432427108287811,0.14667236059904099,0.6431880295276642,0.11525869208959118,0.9695224545218728,0.508930171175857,0.4983004146408255,0.7322808328126597
1154,38.46666666666667,141.78535546867369,123.4990593161215,0.36176031827926636,0.28912039661368016,4.699935442553169,0.36176031827926636,0.38199132680892944,0.38199132680892944,0.43141552805900574,0.6433050334453583,0.7401977777481079,0.130977563560009,0.6433050334453583,0.12034129930062579,0.969993916424838,0.5417635847769945,0.4913600092703389,0.9076964192704093
1155,38.5,137.88915868998149,138.39253797315715,0.36679232120513916,0.2852615683799632,5.338408081643877,0.36679232120513916,0.3817403316497803,0.3817403316497803,0.431551069021225,0.6428835690021515,0.737170934677124,0.11471116915345192,0.6428835690021515,0.11203807814395476,0.9693624612056848,0.6438902598687137,0.5008516513165031,0.8860508816110082
1156,38.53333333333333,160.09086052418442,150.0651121935458,0.3830448389053345,0.43904594274517034,5.645009450204157,0.3830448389053345,0.3814207911491394,0.3830448389053345,0.43163320422172546,0.6425534784793854,0.736052542924881,0.09815576300024986,0.6425534784793854,0.10663663742183606,0.9688091657378457,0.6785701655780949,0.5086213357399288,1.0093936695788024
1157,38.56666666666667,161.6176621846493,163.73192356339266,0.411310076713562,0.6100883668782958,4.914513842302085,0.411310076713562,0.38138604164123535,0.411310076713562,0.43260687589645386,0.6421655416488647,0.7286257445812225,0.08004804141819477,0.6421655416488647,0.17686509069493297,0.9675606326623396,0.6990993306662153,0.5224864110014691,1.0178759010258296
1158,38.6,164.5439858494892,161.7956894775292,0.4251220226287842,0.6458986600821527,2.8399150471391863,0.4251220226287842,0.381290078163147,0.4251220226287842,0.43407660722732544,0.6409263014793396,0.7168603837490082,0.06195787526667118,0.6409263014793396,0.2733601485184594,0.9613209998968876,0.7427421961050328,0.539343746947589,1.0341332547193844
1159,38.63333333333333,160.9172298577588,161.60136771065967,0.43405425548553467,0.6029277662047395,0.3149922920126187,0.43405425548553467,0.3812029957771301,0.43405425548553467,0.43563002347946167,0.6385741829872131,0.709150105714798,0.04410608485341072,0.6385741829872131,0.2566281361786804,0.9518614664222255,0.727768266668265,0.534298228379742,1.013984610320882
1160,38.666666666666664,159.26205566403257,157.19414576718987,0.44912707805633545,0.6228830278622337,0.6742473258709651,0.44912707805633545,0.38110417127609253,0.44912707805633545,0.43738824129104614,0.6377002596855164,0.7198811769485474,0.02504469850100577,0.6377002596855164,0.19750042780225732,0.9399840055090009,0.7191449101563949,0.5299959770038702,1.0400057084293821
1161,38.7,157.43842595496565,156.83624523351943,0.4627676010131836,0.6025532546492124,5.946227044202516,0.4627676010131836,0.381078839302063,0.4627676010131836,0.44182518124580383,0.6355895400047302,0.730914831161499,0.00946928933262825,0.6355895400047302,0.00988214379508208,0.9270982399131312,0.8896738524572637,0.557043118012748,1.0574851812741706
1162,38.733333333333334,113.8741017839268,139.8148121424659,0.43566226959228516,0.21422548501013566,7.435057992301722,0.43566226959228516,0.38229435682296753,0.43566226959228516,0.44332319498062134,0.6333781778812408,0.7353176772594452,-0.0077844103798270226,0.6333781778812408,0.12842340272586567,0.8757828708850977,0.9522104054843736,0.6287536030858808,0.7526338987995933
1163,38.766666666666666,136.92848560622653,169.04666394710333,0.3896673917770386,0.05170197360751242,19.016016337304677,0.3896673917770386,0.3854275345802307,0.3896673917770386,0.4396529197692871,0.6304527521133423,0.6355546712875366,-0.030235033482313156,0.6304527521133423,0.0076168248183242785,0.8106733650872202,1.0327698533615448,0.742546862373373,0.8807138089234807
1164,38.8,174.48816443723712,132.60510265345616,0.39488643407821655,0.05870507355206004,25.555557102956925,0.39488643407821655,0.38935577869415283,0.39488643407821655,0.4309162199497223,0.6316741406917572,0.6199097633361816,-0.0601679515093565,0.6316741406917572,0.029216858907987243,0.7668170477404739,1.0169083262935188,0.7470913378444284,1.089378691317984
1173,39.1,96.96608933387827,168.59101397432028,0.4432729482650757,0.12248490884649274,10.745935210466428,0.4432729482650757,0.43059444427490234,0.4432729482650757,0.4433934986591339,0.5660765469074249,0.557292640209198,0.27591265738010406,0.5660765469074249,0.039045179207004316,0.7669718753207814,0.9475722030033914,0.7671408043075222,0.6587004962993237
1174,39.13333333333333,81.44800337232655,142.52823264404256,0.4344105124473572,0.13260006162965055,71.04966761112325,0.4344105124473572,0.4321543574333191,0.4344105124473572,0.44548144936561584,0.5611985623836517,0.5597450137138367,0.2601761668920517,0.5611985623836517,0.050776768289829965,0.7667350317492629,0.8013420811856722,0.7351428056723988,0.5724889076240365
1175,39.166666666666664,50.24106279898389,161.05909923639513,0.4344996213912964,0.15812680120977407,43.28258843606994,0.4344996213912964,0.4216497540473938,0.4344996213912964,0.4462619125843048,0.5586130917072296,0.5546785891056061,0.23960156738758087,0.5586130917072296,0.07324256292497353,0.7695468700293339,0.7256202968334583,0.6569129063434509,0.39911701554991047
1176,39.2,78.03342441149296,162.64076038303054,0.45519179105758667,0.1116466728927777,14.18136990971692,0.45519179105758667,0.42363816499710083,0.45519179105758667,0.447083979845047,0.5556231737136841,0.5565791726112366,0.22255436331033707,0.5556231737136841,0.04214336936419146,0.7784853758233966,0.5930317780072587,0.5224480057320855,0.5778424581459132
1177,39.233333333333334,89.31412176161125,154.81744351869463,0.46076124906539917,0.1009794165462167,1.8608152677383032,0.46076124906539917,0.42556893825531006,0.46076124906539917,0.4440353214740753,0.5569353103637695,0.556769996881485,0.2056858092546463,0.5569353103637695,0.0268659039026444,0.7878275694269122,0.5816908693291366,0.5198108570187158,0.6663673481162563
1178,39.266666666666666,99.64914191103549,175.69561911473832,0.4604301452636719,0.0755869252613818,4.685878177987689,0.4604301452636719,0.43199241161346436,0.4604301452636719,0.4448131024837494,0.5563649535179138,0.5567859411239624,0.1900600790977478,0.5563649535179138,0.010242936759131195,0.7908899007421551,0.5241061969341894,0.4568139654920212,0.7204574722899646
1179,39.3,67.63226463861656,153.4082638242189,0.4578579068183899,0.04410314952613891,16.39279604723248,0.4578579068183899,0.43657147884368896,0.4578579068183899,0.44354236125946045,0.5578750371932983,0.5503767132759094,0.17409567534923553,0.5578750371932983,0.0074782281980539005,0.7968687270626877,0.40621193472046235,0.39318647187357614,0.5386814402246581
1180,39.333333333333336,71.56126630047096,161.31393624014763,0.45389115810394287,0.09882715272729557,5.2709769532171435,0.45389115810394287,0.4372726082801819,0.45389115810394287,0.4438762068748474,0.5580414533615112,0.5477229952812195,0.16386009752750397,0.5580414533615112,0.021560406570465148,0.7987029949824015,0.46619296353398715,0.458346752071388,0.5476074442454584
1181,39.36666666666667,29.830020002105787,174.54753494300547,0.4513627886772156,0.10664461508080993,8.712436111839907,0.4513627886772156,0.4376625418663025,0.4513627886772156,0.44359254837036133,0.5582468807697296,0.5417664647102356,0.1571604087948799,0.5582468807697296,0.054893640091883786,0.7989962769277168,0.38207807325999826,0.3713919562199588,0.3036564762435944
1182,39.4,102.20114622402869,150.70333802624347,0.45090073347091675,0.11269547435110562,17.208211564437363,0.45090073347091675,0.4376731514930725,0.45090073347091675,0.4460590183734894,0.5571325421333313,0.5420115292072296,0.12940321117639542,0.5571325421333313,0.03261736926880872,0.7983171705043677,0.4280729538854791,0.4107064740539138,0.7023092909813303
1183,39.43333333333333,13.588669634707495,164.78590829248398,0.44974005222320557,0.06957537959288254,10.909978057808047,0.44974005222320557,0.4370427131652832,0.44974005222320557,0.44597265124320984,0.5573830902576447,0.5353029370307922,0.1305190995335579,0.5573830902576447,0.035968406278729874,0.799227055275079,0.4230260049857488,0.3673505935227496,0.20679481202169547
1184,39.46666666666667,39.62391822614005,159.14506311552782,0.44199538230895996,0.09379476564720049,1.13870039947534,0.44199538230895996,0.43689191341400146,0.44199538230895996,0.4468269646167755,0.5559543967247009,0.5329164862632751,0.10797624289989471,0.5559543967247009,0.06051515601796203,0.8018954703302095,0.43363141885586237,0.38102468386070076,0.3401328790341114
1185,39.5,145.8566474179893,178.11677297896247,0.43223416805267334,0.028680151606060404,42.39867733747758,0.43223416805267334,0.43261992931365967,0.43261992931365967,0.44389864802360535,0.5572212040424347,0.5381038188934326,0.11070773005485535,0.5572212040424347,0.02881175495624138,0.7896745746785944,0.333830832561425,0.28151127873498333,0.910463957646146
1186,39.53333333333333,129.28452082185444,127.4891379260147,0.4300615191459656,0.023132016033373868,2.1796478947077276,0.4300615191459656,0.43292587995529175,0.43292587995529175,0.44679397344589233,0.5548386573791504,0.5346871912479401,0.1020476408302784,0.5548386573791504,0.023192833429140598,0.7868247736584056,0.41501610033893316,0.3637148926217796,0.8382473378991914
1187,39.56666666666667,159.4347100518996,89.14786178299826,0.4303364157676697,0.037464137154153546,0.4017096508778195,0.4303364157676697,0.4406701922416687,0.4406701922416687,0.4449712336063385,0.556086540222168,0.5416296124458313,0.09092342481017113,0.556086540222168,0.08251560464687269,0.7856402668085966,0.37125962787332695,0.3276164587276664,0.997126277539218
1188,39.6,161.64855236349914,27.22508929839273,0.4337753653526306,0.08683495634670049,11.113227861637569,0.4337753653526306,0.4585692286491394,0.4585692286491394,0.44740790128707886,0.5543748438358307,0.5330254435539246,0.0761781707406044,0.5543748438358307,0.032303307039238185,0.7803390315084746,2.778725257176717,2.7375220733365766,1.0515314952167323
1189,39.63333333333333,158.38275488576255,40.40020587160272,0.43437862396240234,0.017393721435775764,6.033392678065923,0.43437862396240234,0.44851750135421753,0.44851750135421753,0.4473746120929718,0.5532340407371521,0.5323919951915741,0.05964580550789833,0.5532340407371521,0.035517490087365634,0.7682777227777423,2.7563125413632257,2.702656674656196,1.003332861593529
1191,39.7,147.38052004788918,147.5008400435204,0.9495364613831043,0.07954141610239122,0.7616373943245947,0.9495364613831043,0.8912940993905067,0.9495364613831043,0.9100391939282417,0.05982038751244545,0.009950302075594664,0.7011658251285553,0.05982038751244545,0.034644515665009125,0.7600936618718234,2.7221201574855085,2.682196358175915,1.0572724692973055
1192,39.733333333333334,143.64176645719718,151.19744910910546,0.9453419335186481,0.11919580366371925,3.9095704109591907,0.9453419335186481,0.9057820066809654,0.9453419335186481,0.9087206199765205,0.060645973309874535,0.016562367789447308,0.6981042325496674,0.060645973309874535,0.04517636120020079,0.7588921008688031,2.7132153834464168,2.6086137480357587,1.0278737542774783
1198,39.93333333333333,154.14513842064363,136.15429548118428,0.9584484845399857,0.1961152460006956,8.096230720246012,0.9584484845399857,0.9559515602886677,0.9584484845399857,0.9187704399228096,0.02470170333981514,-0.04330298025161028,0.668284147977829,0.02470170333981514,0.09145214748295093,0.7475796992128546,2.784993521197333,2.6688598816981717,1.0953960139662149
1199,39.96666666666667,145.6602691556579,104.42913845823162,0.9449962452054024,0.19524157082399635,11.521865327678825,0.9449962452054024,0.9640355110168457,0.9640355110168457,0.9188292622566223,0.025756459683179855,-0.016425520065240562,0.6706392467021942,0.025756459683179855,0.060169241528540356,0.7425394807801102,2.145683795856443,2.1602396219637954,1.064842463812103
1200,40.0,66.37924702958004,31.43142809721627,0.933547355234623,0.1132445158076002,9.991808727194183,0.933547355234623,0.9106137603521347,0.933547355234623,0.921674232929945,0.030923529528081417,0.011067199055105448,0.6445329785346985,0.030923529528081417,0.11937558638297618,0.7314710147453077,2.1265651135016768,2.153755983257852,0.5243929615228119
1202,40.06666666666667,78.46195214597068,157.5116626140935,0.4272364377975464,0.3711892143525567,108.07959025540612,0.4272364377975464,0.4329489469528198,0.4329489469528198,0.5112501978874207,0.5731332898139954,0.7035624980926514,0.3049277067184448,0.5731332898139954,0.23817691280668724,0.7395366123228362,2.1041506734652264,2.111094273875249,0.5558997341442815
1203,40.1,82.35150004257814,162.14308382864596,0.42628800868988037,0.3707615540381564,173.21056679146545,0.42628800868988037,0.4311838150024414,0.4311838150024414,0.5117651075124741,0.5742480754852295,0.702771008014679,0.3031594306230545,0.5742480754852295,0.25702009556275485,0.7446918207587618,2.0340404762729447,2.1005553279719917,0.5775083335698785
1204,40.13333333333333,83.88155041350569,164.73699139113918,0.4246276021003723,0.37211256505734347,154.52117097982398,0.4246276021003723,0.4282104969024658,0.4282104969024658,0.5116415619850159,0.5748346149921417,0.7018134891986847,0.3028281033039093,0.5748346149921417,0.25725464514076135,0.7485192869648789,1.8711402662428462,1.9433954427201614,0.586008613408365
1205,40.166666666666664,84.04122921733716,164.31501869800047,0.4227207899093628,0.36741916550257836,165.6999313843659,0.4227207899093628,0.42623549699783325,0.42623549699783325,0.5113454312086105,0.5754880011081696,0.7019174993038177,0.3023260235786438,0.5754880011081696,0.2605916383926343,0.7523827507640376,0.06020313964915658,0.024566219117663813,0.48495665976884234
1206,40.2,85.3556498572547,164.79307573380825,0.42142993211746216,0.37212625831725415,162.10119911613666,0.42142993211746216,0.4252586364746094,0.4252586364746094,0.5114748030900955,0.5754380226135254,0.7015761733055115,0.3019096255302429,0.5754380226135254,0.2735759426902199,0.7561243140336239,0.0778466342380208,0.013253754522590906,0.49755204503393236
1207,40.233333333333334,80.99844167778859,156.9794192461704,0.4244351387023926,0.37804782542227366,168.6167416469831,0.4244351387023926,0.4273291826248169,0.4273291826248169,0.5112422704696655,0.575491726398468,0.7023459672927856,0.3019780367612839,0.575491726398468,0.29827517929500386,0.7597333960460894,0.0824149621657452,0.016789828519699516,0.4747158313041046
1208,40.266666666666666,75.68019507026565,134.95631486926425,0.4293822646141052,0.3752732148199186,177.79454031019634,0.4293822646141052,0.4324699640274048,0.4324699640274048,0.5108632147312164,0.5756960511207581,0.702308863401413,0.30199384689331055,0.5756960511207581,0.3774720554207594,0.7640865363857963,0.1082630078359131,0.027868576253191467,0.45292443051891645
1209,40.3,72.72601437004136,147.00341389816234,0.4314880967140198,0.3743487675226086,129.06542720500755,0.4314880967140198,0.4350016117095947,0.4350016117095947,0.5106776505708694,0.5756255090236664,0.7025461494922638,0.3032548725605011,0.5756255090236664,0.35225395510586066,0.7659324967499935,0.12371230534021943,0.03347904249135198,0.44114710476896224
1210,40.333333333333336,63.65733606352383,147.04342297300704,0.4371739625930786,0.3484117203214866,35.48870053275391,0.4371739625930786,0.434536337852478,0.4371739625930786,0.5102258622646332,0.5757818222045898,0.7040272057056427,0.3059207648038864,0.5757818222045898,0.3033802350204654,0.767963631586595,0.11742240810921212,0.03654755574181923,0.3888785894523405
1211,40.36666666666667,64.51830914752125,154.31941964735861,0.44086456298828125,0.32832829725819607,34.695188774261624,0.44086456298828125,0.4375768303871155,0.44086456298828125,0.5093750059604645,0.5757602155208588,0.7043406665325165,0.30727505683898926,0.5757602155208588,0.3055236424762334,0.7691586965864355,0.09426694631109644,0.037528942216025124,0.38671513471289143
1212,40.4,65.24899538742932,150.9788101060566,0.44274139404296875,0.33834283039382107,32.6556701571119,0.44274139404296875,0.43877822160720825,0.44274139404296875,0.5084910243749619,0.5759795308113098,0.7054771780967712,0.307831808924675,0.5759795308113098,0.3039371611570531,0.771164930228031,0.08055749082362038,0.034965492904181314,0.3866616660661379
1213,40.43333333333333,62.082030694213415,144.144278065354,0.4437796473503113,0.3360497286272657,33.97989369153038,0.4437796473503113,0.43863874673843384,0.4437796473503113,0.5086655467748642,0.5761533677577972,0.7055008113384247,0.30750688910484314,0.5761533677577972,0.32129670691952555,0.7723515295621121,0.05967800905381828,0.031138015239400182,0.36280357323955337
1214,40.46666666666667,63.168108502037185,141.4242242838458,0.44394922256469727,0.3373365367456512,31.92232059632579,0.44394922256469727,0.43995070457458496,0.44394922256469727,0.5082686543464661,0.5769891142845154,0.705944150686264,0.3075107932090759,0.5769891142845154,0.32547859156243836,0.7733185787995657,0.05352878454051872,0.03242893702219524,0.3669925714845844
1215,40.5,60.479874168120226,127.20932833560326,0.4465354084968567,0.25511456323598114,29.49278099242582,0.4465354084968567,0.4398907423019409,0.4465354084968567,0.507523775100708,0.578715443611145,0.7064386010169983,0.3064379096031189,0.578715443611145,0.37216402818918703,0.7758474214510485,0.06048287086549932,0.04055147496567858,0.3541441621936511
1216,40.53333333333333,55.83542767811093,130.96608237840255,0.4492981433868408,0.22353538997608355,30.543314034107993,0.4492981433868408,0.4397483468055725,0.4492981433868408,0.5069932639598846,0.5799997448921204,0.7066185176372528,0.30553553998470306,0.5799997448921204,0.3764214265868418,0.7788763357834383,0.07026500047975784,0.04747429298561319,0.331276320577877
1217,40.56666666666667,53.649644949090344,123.07165973668977,0.45212501287460327,0.22000858540413226,30.742132844130538,0.45212501287460327,0.4402261972427368,0.45212501287460327,0.5062543749809265,0.5814448595046997,0.7075931131839752,0.30422309041023254,0.5814448595046997,0.4168889955744824,0.7819571156393398,0.08379331839548175,0.056457760677645484,0.32319157856914643
1218,40.6,51.90308613117884,119.60368678913542,0.45472991466522217,0.24296209991065318,28.720600264102814,0.45472991466522217,0.44171440601348877,0.45472991466522217,0.5057750046253204,0.5827540457248688,0.7091880738735199,0.30344627797603607,0.5827540457248688,0.42949432512167457,0.7855199548331174,0.07536076272666459,0.053232002689218814,0.3109587073245485
1219,40.63333333333333,52.967242151881294,108.09942936339901,0.4564451575279236,0.08469286540711041,23.666390760793035,0.4564451575279236,0.4430721402168274,0.4564451575279236,0.5044047832489014,0.5843375623226166,0.7110569179058075,0.30173298716545105,0.5843375623226166,0.44514975246250116,0.7905108373273503,0.06637202771772756,0.052742065309112816,0.31417406471465875
1220,40.666666666666664,54.34798594602532,104.95878205340381,0.45697158575057983,0.07813049001895304,23.509966351962987,0.45697158575057983,0.44783276319503784,0.45697158575057983,0.5043646991252899,0.5850908160209656,0.7138752043247223,0.3004416972398758,0.5850908160209656,0.4666908168462175,0.7956488593058153,0.07005835944514556,0.06141544646613059,0.32295076308923987
1221,40.7,57.09016615581047,105.32480675154206,0.4568163752555847,0.0363489273958745,22.575428321365166,0.4568163752555847,0.44925254583358765,0.4568163752555847,0.5040057599544525,0.5855957567691803,0.7159707546234131,0.2990420311689377,0.5855957567691803,0.4842568827885399,0.7991287599910389,0.0857793207916467,0.06827574848465796,0.3429013859919966
1222,40.733333333333334,55.35853098253105,109.38190456953076,0.45524877309799194,0.10293898151317236,22.90558000540102,0.45524877309799194,0.4490896463394165,0.45524877309799194,0.5038969665765762,0.5853112936019897,0.7177699208259583,0.2956562489271164,0.5853112936019897,0.4782658279275742,0.8003131945927938,0.18469047059832233,0.06113479831655197,0.3629545355268914
1223,40.766666666666666,58.7311155614878,107.72428806303478,0.45061326026916504,0.15566761165511805,19.653509164387287,0.45061326026916504,0.44300270080566406,0.45061326026916504,0.5032868981361389,0.5856196880340576,0.7201626896858215,0.2930084615945816,0.5856196880340576,0.4532165236801373,0.8012374206022783,0.25882576540674096,0.0928856702296963,0.40393170496362113
1224,40.8,67.72811111664292,115.40034828758283,0.4317278265953064,0.2831165693407068,27.472194992904917,0.4317278265953064,0.430200457572937,0.4317278265953064,0.5032197386026382,0.5862484276294708,0.7037049829959869,0.29205411672592163,0.5862484276294708,0.5080002595748041,0.7973132011565295,0.2889927619788202,0.12215908420892424,0.4629651125749956
1225,40.833333333333336,76.22855720927315,135.2962149851817,0.41943567991256714,0.39601798949538286,44.230125277692025,0.41943567991256714,0.42682725191116333,0.42682725191116333,0.5025673508644104,0.5890917479991913,0.7206928730010986,0.28589169681072235,0.5890917479991913,0.43432713910873894,0.7963759980418466,0.3033948255032286,0.13361581055626723,0.5145104321469305
1226,40.86666666666667,84.3676461288754,142.84569379028642,0.41536563634872437,0.414926705864897,85.82429798092403,0.41536563634872437,0.42729055881500244,0.42729055881500244,0.5015336871147156,0.5930514335632324,0.7267281711101532,0.28090593218803406,0.5930514335632324,0.432892686017238,0.7963710793040015,0.2944519116502267,0.13848995067592693,0.557044718655487
1227,40.9,83.42866838094639,162.69979468003007,0.4105803966522217,0.4300965633777565,116.13261667567394,0.4105803966522217,0.411454975605011,0.411454975605011,0.500739187002182,0.5967216193675995,0.7322980165481567,0.2770724296569824,0.5967216193675995,0.3605948446884386,0.7950077400063024,0.19229111324126022,0.1404438482592803,0.5211799360887469
1228,40.93333333333333,84.19274435208142,168.5879329304322,0.40777862071990967,0.4162954404190694,93.01001659083289,0.40777862071990967,0.4092429280281067,0.4092429280281067,0.49958600103855133,0.598988801240921,0.7342987060546875,0.2744348794221878,0.598988801240921,0.31757833132991226,0.7939549124602115,0.13449440050081507,0.11859086623708853,0.5080857887729191
1229,40.96666666666667,89.55535942355758,169.44647856114503,0.40603411197662354,0.39985327921284686,68.42269460796962,0.40603411197662354,0.4066988229751587,0.4066988229751587,0.49915799498558044,0.600275307893753,0.7351365983486176,0.27372680604457855,0.600275307893753,0.2989529612797197,0.7939708562511386,0.12595696294117234,0.08882147718168847,0.5353168634576716
1230,41.0,88.79530878265889,167.7828993347534,0.40310055017471313,0.39151470367650876,121.8590329974495,0.40310055017471313,0.4056504964828491,0.4056504964828491,0.4983808845281601,0.6015161871910095,0.7370443940162659,0.2708374112844467,0.6015161871910095,0.297486363979149,0.7927294707659519,0.11131979823929392,0.06901576476765367,0.5267032104865598
1231,41.03333333333333,96.71034003605261,168.17092434266866,0.3981032371520996,0.37634910724081677,80.87731817036138,0.3981032371520996,0.39767783880233765,0.3981032371520996,0.49739930033683777,0.6028638184070587,0.7393878400325775,0.2704389691352844,0.6028638184070587,0.2793373623732371,0.7924467921257019,0.10273415915193253,0.06396254969959937,0.5680999146125387
1232,41.06666666666667,95.44454868833323,167.05678288102916,0.39499616622924805,0.3900930713657023,159.1077525693525,0.39499616622924805,0.3995385766029358,0.3995385766029358,0.4969610571861267,0.6030845940113068,0.7397200465202332,0.2684449404478073,0.6030845940113068,0.29684153240467226,0.7924254929477518,0.1046983379674518,0.05944751043543381,0.5616569941031979
1233,41.1,91.28816456901461,167.60454323086998,0.3965070843696594,0.39583447713801034,115.88063627317021,0.3965070843696594,0.4026296138763428,0.4026296138763428,0.4958452880382538,0.6049254238605499,0.740656316280365,0.2665584087371826,0.6049254238605499,0.29735845900490454,0.7928212221824762,0.10182779257127929,0.05029289116329297,0.5377048075992428
1234,41.13333333333333,89.35717073172138,166.31628079152276,0.39861804246902466,0.4009360167446422,177.65912585875026,0.39861804246902466,0.40223950147628784,0.40223950147628784,0.4946386218070984,0.6052156984806061,0.7412944734096527,0.26590390503406525,0.6052156984806061,0.30850006409128505,0.794046649427125,0.10645333779418818,0.045799010006917856,0.5283647276255975
1235,41.166666666666664,84.03324646654814,164.9688066864366,0.40187937021255493,0.38339654312184784,154.10761510736637,0.40187937021255493,0.40268927812576294,0.40268927812576294,0.494112104177475,0.6050998568534851,0.7416811287403107,0.2642892450094223,0.6050998568534851,0.2944270097080867,0.7920116244843511,0.14871493849866385,0.04053860816610419,0.5114658508082
1236,41.2,76.58565500844442,162.47434346358105,0.4076313376426697,0.3795045706005447,114.17169629608992,0.4076313376426697,0.40583038330078125,0.4076313376426697,0.49327415227890015,0.6053450405597687,0.7432584762573242,0.26368044316768646,0.6053450405597687,0.2947954000403636,0.7913342429832979,0.164531806817617,0.029148058124627473,0.47483540320330964
1237,41.233333333333334,71.35928205193629,162.05845859662455,0.41830724477767944,0.31325778288881373,67.87143026355983,0.41830724477767944,0.4149022102355957,0.41830724477767944,0.4924631416797638,0.6053431630134583,0.743301510810852,0.2625509649515152,0.6053431630134583,0.3346774387788362,0.7917529412291266,0.16269509647692262,0.029688150144611295,0.4452489847871673
1238,41.266666666666666,65.26882940202518,164.7638105322347,0.42330729961395264,0.31681463604545174,53.83620540956258,0.42330729961395264,0.4221290946006775,0.42330729961395264,0.4917840361595154,0.6052427291870117,0.7441238462924957,0.2618204206228256,0.6052427291870117,0.3182337601491397,0.7930650203065439,0.14514423360628784,0.020972148121731937,0.4061478778709151
1239,41.3,62.03529603672768,163.36794173549788,0.42503851652145386,0.30606980967859543,51.09631885050584,0.42503851652145386,0.42212581634521484,0.42503851652145386,0.491434246301651,0.6050956845283508,0.744868814945221,0.2610279470682144,0.6050956845283508,0.32599049619063486,0.7936100422432928,0.11523456456557751,0.021038448549504186,0.3792109029070493
1240,41.333333333333336,61.99804969237573,164.65724839518103,0.4257330894470215,0.30289720873060366,43.42445708217497,0.4257330894470215,0.42239826917648315,0.4257330894470215,0.49093490839004517,0.6050803363323212,0.7455878853797913,0.2611933797597885,0.6050803363323212,0.30452083982215833,0.794570714461081,0.0546397714655856,0.015919661155260268,0.36082554084176305
1241,41.36666666666667,62.78151595732984,164.42684607249078,0.4249570369720459,0.28223935737104794,37.08106640465655,0.4249570369720459,0.42255401611328125,0.4249570369720459,0.4900626540184021,0.6057198643684387,0.7460950016975403,0.26138412952423096,0.6057198643684387,0.3114284819808735,0.7952635568199735,0.025480028335061505,0.01657680737348222,0.356430208263462
1242,41.4,62.89441776322709,164.51565489855167,0.424322247505188,0.3044764019381973,39.4739021875954,0.424322247505188,0.42174243927001953,0.424322247505188,0.48923835158348083,0.6059925854206085,0.7466546595096588,0.2613395005464554,0.6059925854206085,0.2878289532215149,0.7948962763854952,0.017793140865179812,0.021589587645980537,0.3547513742774822
1243,41.43333333333333,59.13531497834555,164.79540270557627,0.4242411255836487,0.3013783296973421,54.01336232005116,0.4242411255836487,0.42211151123046875,0.4242411255836487,0.4887434244155884,0.6068211793899536,0.7467550337314606,0.26116417348384857,0.6068211793899536,0.32002112905168517,0.7948935542142752,0.017328645966822362,0.029594509116738853,0.333728121447522
1244,41.46666666666667,62.57372249034417,166.15062560700503,0.4240373969078064,0.27841344612943314,68.20712588289746,0.4240373969078064,0.42429107427597046,0.42429107427597046,0.4879274368286133,0.6083534955978394,0.7475053071975708,0.26175273954868317,0.6083534955978394,0.3259253158482166,0.795323535574205,0.01717476784009482,0.03594614036350224,0.3527842219650516
1245,41.5,62.67994208195403,166.7663633628332,0.4237716794013977,0.2971922038500059,55.62829100180477,0.4237716794013977,0.4241260886192322,0.4241260886192322,0.48644500970840454,0.6097377836704254,0.747833251953125,0.2623312175273895,0.6097377836704254,0.3208396637500311,0.7955264562007153,0.016156812685480703,0.05116874571198472,0.3530689442609444
1246,41.53333333333333,61.36552037570108,161.1532947585513,0.42347264289855957,0.2860955693153499,48.11977833233328,0.42347264289855957,0.42283719778060913,0.42347264289855957,0.48419389128685,0.6113094389438629,0.7481398284435272,0.2630445808172226,0.6113094389438629,0.3808878502646454,0.7964593167557861,0.020140509192324657,0.05671997119924615,0.3469617104004812
1247,41.56666666666667,61.14738618968381,158.79940618299017,0.42301076650619507,0.29242459932838705,59.639254179368095,0.42301076650619507,0.42165613174438477,0.42301076650619507,0.48266592621803284,0.6141220927238464,0.7482216656208038,0.2629776746034622,0.6141220927238464,0.3870531401155234,0.7978407537395303,0.03186290124806898,0.05420903238509306,0.34926657142821965
1248,41.6,60.091344800123935,161.1072940909208,0.42218852043151855,0.2948681593980184,73.11993158340442,0.42218852043151855,0.42160564661026,0.42218852043151855,0.48259812593460083,0.615877628326416,0.7482688724994659,0.26273562014102936,0.615877628326416,0.36410558265649207,0.7983245158737357,0.04640832007556183,0.05698509659540173,0.3477633004678015
1249,41.63333333333333,56.718862717586084,160.3883646514227,0.41981399059295654,0.31047868401939893,147.62909672317784,0.41981399059295654,0.4207119941711426,0.4207119941711426,0.4812786281108856,0.6165814697742462,0.7481505572795868,0.2617354840040207,0.6165814697742462,0.4070983814959709,0.7983971597118811,0.06381343769952115,0.060251470264823616,0.33424882418533464
1250,41.666666666666664,56.9121050913808,162.4462944976701,0.417183518409729,0.31711897568726954,126.2432146412161,0.417183518409729,0.4191601872444153,0.4191601872444153,0.48043134808540344,0.6177663803100586,0.7462297976016998,0.26017047464847565,0.6177663803100586,0.37973387174170375,0.7993665506893938,0.08972626102319206,0.06516774445203267,0.34309623992573984
1251,41.7,53.32586384878873,146.7729873698739,0.41420120000839233,0.3217570605589579,25.004589963940674,0.41420120000839233,0.41612130403518677,0.41612130403518677,0.47959908843040466,0.6170261800289154,0.7457848191261292,0.2580241560935974,0.6170261800289154,0.3212284847039441,0.8012005722883976,0.10141333845047128,0.07069127808200404,0.3266788006950787
1252,41.733333333333334,54.57662765513154,132.37137107035954,0.4110237956047058,0.3233674602017034,7.566972528252279,0.4110237956047058,0.4134756326675415,0.4134756326675415,0.47804322838783264,0.6176525354385376,0.7454512417316437,0.25444573163986206,0.6176525354385376,0.34622924794284,0.8015381122628847,0.10832992927727529,0.07832573483712744,0.3357024657561356
1253,41.766666666666666,52.431347803415015,137.431907228955,0.4102376103401184,0.33954932904486673,7.4141651531956825,0.4102376103401184,0.4136883616447449,0.4136883616447449,0.4764249324798584,0.6176839172840118,0.7444457709789276,0.25175318121910095,0.6176839172840118,0.26829528374873074,0.8008528889128657,0.1305720017524236,0.09639306354836669,0.33045686610025493
1254,41.8,54.611466118571784,135.2541707308274,0.40746235847473145,0.37540397191971137,15.021962224519086,0.40746235847473145,0.4100685715675354,0.4100685715675354,0.47483083605766296,0.6175386905670166,0.7439676225185394,0.2492620274424553,0.6175386905670166,0.24433925464925804,0.7999793092409769,0.1496574542313703,0.1097918986143396,0.3482942702614766
1255,41.833333333333336,57.622646949021345,102.26966462659506,0.40284091234207153,0.3852503558166096,16.42791346406861,0.40284091234207153,0.4067326784133911,0.4067326784133911,0.4725041389465332,0.6180834770202637,0.7446598708629608,0.24431775510311127,0.6180834770202637,0.229780319938642,0.8009730256868132,0.1543760238482509,0.10526278579602877,0.36643862353792717
1256,41.86666666666667,54.20808742555751,99.64556496662988,0.39739668369293213,0.4016113344469701,70.36367217230749,0.39739668369293213,0.40566903352737427,0.40566903352737427,0.46947741508483887,0.6197941899299622,0.7447030246257782,0.2401518151164055,0.6197941899299622,0.26067045029598945,0.7997035747676184,0.16997443112192756,0.11526532940299418,0.3521483705896755
1257,41.9,61.182733270430276,80.97032114056114,0.39253318309783936,0.42976617819758056,129.53220506542678,0.39253318309783936,0.40243178606033325,0.40243178606033325,0.46671876311302185,0.6207375824451447,0.7451289296150208,0.23743285238742828,0.6207375824451447,0.26671657420183587,0.7975197676004786,0.1740616048872028,0.11787002774358646,0.39212255519077344
1258,41.93333333333333,70.61442254781885,87.30875481241488,0.3891076445579529,0.5139744332779883,81.51816914589074,0.3891076445579529,0.4012529253959656,0.4012529253959656,0.4628601372241974,0.6219750940799713,0.7466225922107697,0.23325234651565552,0.6219750940799713,0.323905245164216,0.7973568852652203,0.1492149322559945,0.10127687343144433,0.43706682716468087
1259,41.96666666666667,92.91106104400511,100.13973721480944,0.38504624366760254,0.5764146125709251,165.79572213160196,0.38504624366760254,0.3961004614830017,0.3961004614830017,0.45982953906059265,0.6243466436862946,0.7482110559940338,0.23153254389762878,0.6243466436862946,0.35496012796819,0.7959127511942026,0.12463978618162487,0.0869927741937543,0.5535644972100714
1260,42.0,94.21325289487511,85.70148206454698,0.38250434398651123,0.5522411935409536,103.61556391436275,0.38250434398651123,0.3926922082901001,0.3926922082901001,0.4573152959346771,0.6264537274837494,0.7492428421974182,0.23087041079998016,0.6264537274837494,0.34199883679435505,0.7950633082425955,0.10282641251963937,0.07459429835614485,0.5542548842829758
1261,42.03333333333333,83.95225850750158,81.79944263410948,0.3798127770423889,0.5152641704359717,50.71059623896883,0.3798127770423889,0.38977593183517456,0.38977593183517456,0.4553866982460022,0.6284875869750977,0.749768078327179,0.23026229441165924,0.6284875869750977,0.3465226006352157,0.7956013467275735,0.0986187841273512,0.06093093713214935,0.4959870713909919
1262,42.06666666666667,71.99953925526424,80.28122631258354,0.3780028820037842,0.49774679827692414,49.51572479397049,0.3780028820037842,0.3863449692726135,0.3863449692726135,0.45371508598327637,0.6289175152778625,0.7503455579280853,0.22957396507263184,0.6289175152778625,0.3411940148178039,0.7953020011385282,0.08855729487933284,0.05722484159786574,0.4265646287708234
1263,42.1,71.2945999005144,79.29556361105793,0.37333208322525024,0.48852248593290654,46.91807164160829,0.37333208322525024,0.3832145929336548,0.3832145929336548,0.45169368386268616,0.6309252977371216,0.7525199353694916,0.22902077436447144,0.6309252977371216,0.3324840012728621,0.794628707974246,0.08500402034505689,0.04931816506078063,0.4215823166619304
1264,42.13333333333333,65.16688203309594,77.22365239350103,0.3718720078468323,0.4681961696115704,53.27786392489739,0.3718720078468323,0.3825794458389282,0.3825794458389282,0.4507139027118683,0.6309862434864044,0.752192884683609,0.2267097607254982,0.6309862434864044,0.3400658637399517,0.7930768005775682,0.08866835158984554,0.05679606300008166,0.38863873899415335
1265,42.166666666666664,57.14808249427242,80.02063689939354,0.3737073540687561,0.4416488517285859,46.59337647223961,0.3737073540687561,0.38093405961990356,0.38093405961990356,0.4497884213924408,0.6311377286911011,0.7519223690032959,0.22583184391260147,0.6311377286911011,0.29564838064213933,0.7926143676494107,0.10026054669428472,0.07447207366116461,0.34756751119868773
1266,42.2,57.692981262376215,96.56830404617277,0.3738251328468323,0.4033072532654965,36.68927865430962,0.3738251328468323,0.38326823711395264,0.38326823711395264,0.4497770369052887,0.6312226355075836,0.7515629529953003,0.22246377170085907,0.6312226355075836,0.26223598964156625,0.792031548239968,0.09762124326998228,0.08769412636362203,0.34980293554975145
1267,42.233333333333334,55.892291361158684,92.0644894862593,0.37476617097854614,0.4678391623373207,33.234110243472514,0.37476617097854614,0.3842442035675049,0.3842442035675049,0.4497833549976349,0.6314234733581543,0.7517870366573334,0.21871157735586166,0.6314234733581543,0.27642992746313455,0.7916534572388186,0.10479615268139558,0.09727875296555166,0.3419515755886336
1268,42.266666666666666,52.376189953505495,89.58547921033616,0.3753206729888916,0.44087001671713727,16.03124954380752,0.3753206729888916,0.3849650025367737,0.3849650025367737,0.449817419052124,0.6321317553520203,0.7517417967319489,0.21448422968387604,0.6321317553520203,0.2812892511747209,0.791677850439693,0.11635300195847698,0.11567088067635581,0.32588473366257364
1269,42.3,55.161400688701086,94.31228156779466,0.37582623958587646,0.45251786401540567,11.021628254843762,0.37582623958587646,0.38510745763778687,0.38510745763778687,0.44979149103164673,0.6324439942836761,0.7520548701286316,0.21058746427297592,0.6324439942836761,0.25993541223955013,0.7912455076972643,0.1340294597982171,0.13176379399042343,0.3466610639878045
1270,42.333333333333336,57.50515108000442,110.26819336532213,0.37603819370269775,0.4298507458813575,10.244473532779494,0.37603819370269775,0.3855905532836914,0.3855905532836914,0.4500480890274048,0.6323438286781311,0.7520946562290192,0.20663248747587204,0.6323438286781311,0.24043530954557962,0.7906287163496017,0.15485623345582716,0.15263125481088627,0.36592993159232823
1271,42.36666666666667,58.040378649823744,121.14894582192248,0.3742216229438782,0.41877221657777985,10.454442550610594,0.3742216229438782,0.38592803478240967,0.38592803478240967,0.4501676559448242,0.6321901381015778,0.752508133649826,0.20058314502239227,0.6321901381015778,0.2465199608427205,0.7902807584314635,0.16071046869268868,0.15837987356147606,0.37065968866238297
1272,42.4,62.286190276354446,125.52473380326923,0.372938871383667,0.3915351589145886,7.618883527553692,0.372938871383667,0.38589465618133545,0.38589465618133545,0.4501664936542511,0.6325491368770599,0.7526703476905823,0.19335658103227615,0.6325491368770599,0.26114251479548106,0.7892507113742105,0.17468724836854183,0.17292614487897068,0.39844056493475394
1273,42.43333333333333,67.80162153838623,130.9778045669348,0.3723081350326538,0.3620679875563907,4.804696615653796,0.3723081350326538,0.3857918381690979,0.3857918381690979,0.4501541256904602,0.6332210004329681,0.7532653212547302,0.1881554201245308,0.6332210004329681,0.26134645448616717,0.7893223067124685,0.19550600126397089,0.19448421531239585,0.4353274755924481
1274,42.46666666666667,74.91892434985915,138.73303706686383,0.37214207649230957,0.3001564507735798,2.6332272097019143,0.37214207649230957,0.3855360150337219,0.3855360150337219,0.4499438405036926,0.6342052817344666,0.7543068826198578,0.18189873546361923,0.6342052817344666,0.23706918059615817,0.7892567813396454,0.19137449160564907,0.19513664743051534,0.4736285938698011
1275,42.5,86.41987785087547,140.4244612949158,0.3725124001502991,0.3131377354715318,2.075496936739313,0.3725124001502991,0.3866735100746155,0.3866735100746155,0.4496769309043884,0.6355898082256317,0.7553154528141022,0.17447752505540848,0.6355898082256317,0.25310351541817594,0.7901859317313541,0.20397936577164358,0.19181721274352806,0.5413042422363568
1276,42.53333333333333,94.39431835247319,140.82859496811992,0.37281733751296997,0.28679097218385774,0.4140658340414518,0.37281733751296997,0.38472872972488403,0.38472872972488403,0.4488687515258789,0.6381134688854218,0.755416214466095,0.16885817050933838,0.6381134688854218,0.26966860508941026,0.7916126388943556,0.22786793145911063,0.2018919468786036,0.5927732591736954
1277,42.56666666666667,95.87243779700825,134.10940785334438,0.3800220489501953,0.24111565848788483,2.938042346533308,0.3800220489501953,0.3861699104309082,0.3861699104309082,0.4470255672931671,0.6408411264419556,0.7556551694869995,0.1627579927444458,0.6408411264419556,0.2768315154543357,0.790488682009957,0.2474305760283616,0.20265821280452176,0.6068538272363321
1278,42.6,108.13958638943998,124.08321402528358,0.3865319490432739,0.2354059030613145,4.780433548430608,0.3865319490432739,0.39236801862716675,0.39236801862716675,0.44624677300453186,0.6431416571140289,0.7577280700206757,0.15622787922620773,0.6431416571140289,0.2859386398481944,0.7938177359826637,0.2582973682497123,0.17429120949296548,0.6782646904162469
1279,42.63333333333333,94.56314817568432,105.23862452529728,0.39368534088134766,0.34099517418652214,4.594774094924219,0.39368534088134766,0.4006769061088562,0.4006769061088562,0.44618070125579834,0.644659012556076,0.7584940493106842,0.14994722604751587,0.644659012556076,0.36221572774960004,0.7966936804128416,0.32256846282511814,0.1736478438197186,0.6221213620457816
1280,42.666666666666664,136.2863650092562,121.41888135754856,0.40279901027679443,0.11663472393216796,5.959496111232426,0.40279901027679443,0.4104287028312683,0.4104287028312683,0.4446643590927124,0.6470281183719635,0.7583899199962616,0.1484149843454361,0.6470281183719635,0.3014761897254753,0.8006620664488185,0.38394641309515276,0.16833250959708945,0.8723303962021913
1281,42.7,128.6752857518278,124.98404312002943,0.41798877716064453,0.08061724703328721,6.280003416856005,0.41798877716064453,0.41980355978012085,0.41980355978012085,0.44309332966804504,0.6476503312587738,0.7583155930042267,0.14239424467086792,0.6476503312587738,0.31113313268958864,0.8071710435730038,0.397812569100231,0.17135766888903964,0.8342064693513349
1282,42.733333333333334,125.08532831834032,121.60052093512365,0.4367981553077698,0.05499557016201674,10.30476828302676,0.4367981553077698,0.4284944534301758,0.4367981553077698,0.441199392080307,0.6483442187309265,0.7582935392856598,0.1366395801305771,0.6483442187309265,0.30460671688159496,0.81096176757957,0.41496247999404484,0.1717555054200916,0.8149184906574461
1283,42.766666666666666,112.62310202446432,115.40699692461348,0.44563841819763184,0.10024384106478243,16.025777743313256,0.44563841819763184,0.4379395842552185,0.44563841819763184,0.43972456455230713,0.6489275693893433,0.7575443983078003,0.12923483178019524,0.6489275693893433,0.24534565492472873,0.8133814425179453,0.40592879067351534,0.2011743563331047,0.763425461071887
1284,42.8,91.1265384799043,120.8276742083053,0.4565805196762085,0.1550370553218049,26.422130734566167,0.4565805196762085,0.449545681476593,0.4565805196762085,0.4369218945503235,0.6519497632980347,0.7576139271259308,0.1234489381313324,0.6519497632980347,0.2361548372841348,0.8150635153958292,0.36666146973315084,0.21515535368541136,0.6752328634081797
1285,42.833333333333336,89.9773706102178,116.47182766256135,0.45703160762786865,0.18937824113501656,17.417027415074443,0.45703160762786865,0.4597845673561096,0.4597845673561096,0.4371562898159027,0.6521149277687073,0.7577667534351349,0.11572613939642906,0.6521149277687073,0.20048365608380758,0.8149462279045221,0.32200239675286557,0.23751681500943528,0.6643598328143571
1286,42.86666666666667,85.8926524562697,115.62465544246355,0.4620979428291321,0.29698205003802014,11.877020777548665,0.4620979428291321,0.46527570486068726,0.46527570486068726,0.4374046325683594,0.6520755290985107,0.759191632270813,0.10734326019883156,0.6520755290985107,0.2355319626693698,0.8141959282484922,0.324508259414065,0.25218468847944436,0.6581470972360348
1287,42.9,48.373478199418564,114.0452029920524,0.46976691484451294,0.40111883528216663,13.792374615882636,0.46976691484451294,0.4699290990829468,0.4699290990829468,0.43748369812965393,0.6519733965396881,0.76053586602211,0.09782055020332336,0.6519733965396881,0.2230316231116131,0.8153071534453016,0.31278720574245156,0.27071979565324733,0.4599139101349394
1288,42.93333333333333,53.81947258753254,89.00940083842029,0.4765041470527649,0.3813702038720276,35.24580010334921,0.4765041470527649,0.4731806516647339,0.4765041470527649,0.4377835988998413,0.6522304117679596,0.7623290419578552,0.08795155957341194,0.6522304117679596,0.21166858091676125,0.8178581450924729,0.3260321258855883,0.27789808601054594,0.5129683521551835
1289,42.96666666666667,70.44331082093764,100.26251160507151,0.48057061433792114,0.3400606869524202,64.03260257645209,0.48057061433792114,0.4776499271392822,0.48057061433792114,0.4395803213119507,0.6516329050064087,0.7619465887546539,0.07835330441594124,0.6516329050064087,0.22079088274498362,0.8172970043890404,0.33386010727374427,0.2904069582823622,0.6144806380430216
1290,43.0,64.92126010246638,112.40110821801568,0.4852885603904724,0.39580979810189915,10.171873502474511,0.4852885603904724,0.4841429591178894,0.4852885603904724,0.4436447322368622,0.649909496307373,0.7623224556446075,0.069600410759449,0.649909496307373,0.2377422607846957,0.8166725346536348,0.336651450548919,0.3136621563469353,0.5866005868614307
1291,43.03333333333333,60.15701042517872,119.6997712887122,0.4903649091720581,0.42894323383466665,69.26040188965618,0.4903649091720581,0.48927903175354004,0.4903649091720581,0.447209894657135,0.646424800157547,0.762602835893631,0.0597296766936779,0.646424800157547,0.25033699733129827,0.8149260937264471,0.4229768730009416,0.40267372164379145,0.5836706570179844
1292,43.06666666666667,66.40625805111539,135.66273558166642,0.49372929334640503,0.4408165409107295,3.6671746200738937,0.49372929334640503,0.49219149351119995,0.49372929334640503,0.451700359582901,0.6409688293933868,0.7625433206558228,0.04749166592955589,0.6409688293933868,0.2444485361534159,0.8115335973826322,0.48809787741061,0.4275788733437852,0.615010457130042
1293,43.1,104.71570860965444,137.3749178679696,0.5033086538314819,0.4831843399195017,6.5093329978151075,0.5033086538314819,0.4928271770477295,0.5033086538314819,0.455401211977005,0.6380370259284973,0.7613346576690674,0.022958628833293915,0.6380370259284973,0.2560534632284894,0.8049463986447363,0.531237797701729,0.45990259634106956,0.8454762622837332
1294,43.13333333333333,86.91443202999885,162.4241162593331,0.5200828909873962,0.4988924374509378,2.4485702478692133,0.5200828909873962,0.5173254907131195,0.5200828909873962,0.4625452756881714,0.63377246260643,0.7613638639450073,0.00986806396394968,0.63377246260643,0.21298035278070304,0.7976408718210278,0.5633423788854803,0.4959485210821121,0.7754708016198905
1295,43.166666666666664,114.72337473273389,117.28534015077952,0.5310684740543365,0.24602844986627426,2.7691425718945766,0.5310684740543365,0.5362573266029358,0.5362573266029358,0.47092676162719727,0.6281285285949707,0.7615586221218109,-0.0032799988985061646,0.6281285285949707,0.12139362461793474,0.8076229429606235,0.6052779505866741,0.47344079176297976,0.9533437767757371
1296,43.2,74.46611719054272,118.00794603469016,0.5290625989437103,0.20846255302510897,1.7242837419829016,0.5290625989437103,0.540484219789505,0.540484219789505,0.47345635294914246,0.6259263157844543,0.7619344890117645,-0.019607592548709363,0.6259263157844543,0.12849698837274465,0.7993144158161047,0.5458594758384914,0.47532668918231535,0.7347842515796583
1297,43.233333333333334,99.292383231201,114.28676206588044,0.5482940375804901,0.11614326334546123,2.8571821875688954,0.5482940375804901,0.5444956421852112,0.5482940375804901,0.4808183014392853,0.6172329187393188,0.7541315257549286,-0.023791559971868992,0.6172329187393188,0.07189506686769494,0.7778404129273964,0.6629739521323091,0.6384351016690801,0.8740515597080645
1298,43.266666666666666,152.9695301209245,143.17882602930965,0.5337387323379517,0.09483757525899793,5.202795452130459,0.5337387323379517,0.5332938432693481,0.5337387323379517,0.5015084743499756,0.5934026539325714,0.5778846442699432,-0.0314214127138257,0.5934026539325714,0.04040651692913265,0.7526162438320391,1.272496562438082,0.8389261004390945,1.0665214968579533
1299,43.3,83.52931520532194,136.4553623557765,0.5373982787132263,0.09175016285088079,2.13290370162818,0.5373982787132263,0.533497542142868,0.5373982787132263,0.4991471767425537,0.588291734457016,0.6094886958599091,-0.07205366529524326,0.588291734457016,0.012715943995047645,0.7235271813291492,3.637611864268531,3.199104988621211,0.6988050570526952
1300,43.333333333333336,117.0525576304651,122.23108855758305,0.41951942443847656,0.07807851340418033,43.88208027024723,0.41951942443847656,0.41694116592407227,0.41951942443847656,0.4323798716068268,0.633881002664566,0.6457217931747437,-0.05794191360473633,0.633881002664566,0.11374781508622579,0.7089741401600115,3.688186526324029,3.3097904030309504,0.7702919868359173
1302,43.4,107.59197976592152,100.37504176334582,0.3621296286582947,0.1079674720499124,1.2902241433237123,0.3621296286582947,0.3625677824020386,0.3625677824020386,0.4295748174190521,0.6598772704601288,0.7948465943336487,0.7613229155540466,0.6598772704601288,0.1327255009067727,0.7198361582828291,3.7761958393485306,3.3462641893169813,0.7177332209217863
1303,43.43333333333333,101.37320075276367,137.57279436686477,0.36305123567581177,0.09777362395577426,0.7623265271002708,0.36305123567581177,0.3646473288536072,0.3646473288536072,0.4299232065677643,0.6599521934986115,0.7965064942836761,0.7332276105880737,0.6599521934986115,0.13560575503415684,0.7268384243502761,3.684025180286446,3.2532917042760396,0.6831844486264648
1304,43.46666666666667,108.28177444501881,142.99747387105648,0.3636198043823242,0.0930680517238472,0.22982427729021992,0.3636198043823242,0.36595940589904785,0.36595940589904785,0.43027809262275696,0.6604511439800262,0.7947470247745514,0.7021307349205017,0.6604511439800262,0.11142084884406878,0.7322312503150015,3.085797182415663,3.082270016176428,0.7215654135834378
1305,43.5,95.14747509881676,154.56759461111326,0.364305317401886,0.11457140278723732,0.6702033817668962,0.364305317401886,0.3666062355041504,0.3666062355041504,0.43089938163757324,0.6591888964176178,0.7884817123413086,0.6767050325870514,0.6591888964176178,0.17286933596191678,0.7394531847852649,0.7196944277849026,0.7187498822233566,0.6485970838823153
1306,43.53333333333333,93.68653498089597,139.3681130493744,0.3660624027252197,0.10027849237727608,1.4590805990740137,0.3660624027252197,0.37320560216903687,0.37320560216903687,0.4318801164627075,0.6558897793292999,0.7799642086029053,0.6577705144882202,0.6558897793292999,0.16891533683892812,0.7454752615003875,0.6543208133021526,0.6545128420612258,0.6404807498938665
1307,43.56666666666667,90.69789663845478,127.43809509124837,0.37021780014038086,0.14844427039126862,1.627959116854555,0.37021780014038086,0.3882761597633362,0.3882761597633362,0.4325815439224243,0.6535570323467255,0.7735924422740936,0.6420238018035889,0.6535570323467255,0.17897723080109906,0.7527354928580198,0.560752170944251,0.5612194776325647,0.623877203546971
1308,43.6,95.78298633223675,134.176517240861,0.37251150608062744,0.10021404821828589,2.840611715174674,0.37251150608062744,0.3824149966239929,0.3824149966239929,0.433606892824173,0.650195986032486,0.7674203813076019,0.6249624788761139,0.650195986032486,0.16810650121175494,0.7577726777755853,0.49875301182595505,0.4993975677459408,0.6521277018457597
1309,43.63333333333333,90.06697088410216,136.35892531776446,0.37415921688079834,0.09887105843361174,1.988187498794673,0.37415921688079834,0.37982118129730225,0.37982118129730225,0.4340428113937378,0.6481704413890839,0.7604474723339081,0.609542965888977,0.6481704413890839,0.14799389429088486,0.7631442853898713,0.4714010246484303,0.47106929240092776,0.6203720604672343
1310,43.666666666666664,99.6575326227403,116.74318450563554,0.37634414434432983,0.10610868970556978,2.4376003003558537,0.37634414434432983,0.3819116950035095,0.3819116950035095,0.43503573536872864,0.6456533968448639,0.7541506588459015,0.594600111246109,0.6456533968448639,0.12238996073341077,0.7684089794303431,0.45308526739253546,0.4541809007338494,0.6736529590152239
1311,43.7,97.5214037578423,117.29847340570063,0.3782194256782532,0.1123844886705528,2.187381318767507,0.3782194256782532,0.3814771771430969,0.3814771771430969,0.43577665090560913,0.6434832215309143,0.7489371597766876,0.5802650451660156,0.6434832215309143,0.11471223205108166,0.7748008758732767,0.4225272755499912,0.42405931551080805,0.6617855764324572
1312,43.733333333333334,90.87112507746657,110.08082274532858,0.38091641664505005,0.1150247118878671,1.6408440308818797,0.38091641664505005,0.3852105736732483,0.3852105736732483,0.4367668926715851,0.6415164768695831,0.7451304495334625,0.5673096477985382,0.6415164768695831,0.10541423125862961,0.7802197743545879,0.3990775540813259,0.39992908128813626,0.624562849988101
1313,43.766666666666666,89.59253621863436,120.2771895807416,0.3830232620239258,0.1063312677643636,2.0576539938481915,0.3830232620239258,0.3871035575866699,0.3871035575866699,0.43812233209609985,0.6382773816585541,0.7368291616439819,0.5553723275661469,0.6382773816585541,0.10722419317001519,0.7851808838772051,0.3787540923367228,0.3794318346664663,0.6113625400267633
1314,43.8,91.59281690641618,106.2568581459454,0.38607335090637207,0.1042654437414706,1.815921303467519,0.38607335090637207,0.39049893617630005,0.39049893617630005,0.43946394324302673,0.6355001032352448,0.7333495020866394,0.5441815257072449,0.6355001032352448,0.08334323064666087,0.790385362776843,0.36100234414778476,0.36034210782125403,0.6171496860577586
1315,43.833333333333336,86.13684623997146,105.10254526250749,0.3880375027656555,0.10308853468146653,1.8781599048961937,0.3880375027656555,0.3922739028930664,0.3922739028930664,0.4405273199081421,0.6334050893783569,0.7293436229228973,0.5326328575611115,0.6334050893783569,0.06130505246906333,0.7950387967355323,0.3456297719221466,0.3454089882424067,0.5822269662431521
1316,43.86666666666667,80.74483772314234,111.93752822166594,0.39115482568740845,0.10015090795132649,0.8709778979090288,0.39115482568740845,0.39204466342926025,0.39204466342926025,0.4414471983909607,0.631045013666153,0.7261463105678558,0.5215649008750916,0.631045013666153,0.04378250041998157,0.8007088827364373,0.3342726427888688,0.3333739034991159,0.5488642246318959
1317,43.9,85.95542085835676,112.48509208999074,0.39297348260879517,0.10016105362187425,0.5433781857902602,0.39297348260879517,0.39392411708831787,0.39392411708831787,0.4424244165420532,0.6295910477638245,0.7242151200771332,0.5110499709844589,0.6295910477638245,0.05323686165341502,0.806700511412187,0.32315457409865944,0.32325872671600836,0.5744764881093576
1318,43.93333333333333,82.58884251341586,124.50470662737507,0.39423781633377075,0.11157061537522339,0.025080366330769266,0.39423781633377075,0.39441049098968506,0.39441049098968506,0.4435388743877411,0.6275027096271515,0.7229724228382111,0.5008994489908218,0.6275027096271515,0.07079043461454998,0.8130549309831677,0.30934035924675274,0.3089348083501511,0.5516290106263362
1319,43.96666666666667,85.9699446897015,131.6718180153183,0.39393824338912964,0.10647258722366618,0.8905561355213933,0.39393824338912964,0.39528852701187134,0.39528852701187134,0.4441889822483063,0.6260822415351868,0.7221798300743103,0.49115805327892303,0.6260822415351868,0.08129085427239052,0.8183823029200236,0.2926173498479426,0.29302529134543875,0.5653960087860578
1320,44.0,90.71660279138396,132.1208571487659,0.39521002769470215,0.10235664968533337,1.1536872964803138,0.39521002769470215,0.39594876766204834,0.39594876766204834,0.44442111253738403,0.6254124939441681,0.7210822105407715,0.48183223605155945,0.6254124939441681,0.08485594083717407,0.8219308997645522,0.2829148401803493,0.2833030303689218,0.5888555786729046
1321,44.03333333333333,100.1541727734727,131.72528009715307,0.3964020609855652,0.12022045520510852,1.583605958786734,0.3964020609855652,0.3966718316078186,0.3966718316078186,0.4446811079978943,0.6246264278888702,0.7199433743953705,0.47320276498794556,0.6246264278888702,0.0925691396185393,0.8248441074833726,0.2812203049350016,0.28070721616365224,0.6407781624442377
1322,44.06666666666667,112.14460747609665,131.27680334359653,0.3974419832229614,0.12113746802641578,1.337845613290341,0.3974419832229614,0.39709651470184326,0.3974419832229614,0.44468164443969727,0.624526172876358,0.7188773155212402,0.464208722114563,0.624526172876358,0.09162130119507865,0.8272816186601465,0.27760560201329976,0.2763867281806755,0.7063072776934157
1323,44.1,116.50805271811109,136.05336545429896,0.398023784160614,0.12712984210422473,1.4765868241045155,0.398023784160614,0.39721083641052246,0.398023784160614,0.44490426778793335,0.6243869364261627,0.7178805768489838,0.45427921414375305,0.6243869364261627,0.08674804993605978,0.8296021503029447,0.27569832275841666,0.27422234125431966,0.7299764563725867
1324,44.13333333333333,123.86765562257213,144.76696738275663,0.3986542224884033,0.13512600376380265,1.4541814529000305,0.3986542224884033,0.39695149660110474,0.3986542224884033,0.44518959522247314,0.6241714954376221,0.7161217033863068,0.4451574236154556,0.6241714954376221,0.08192716632084751,0.8326007489002112,0.2834677592806951,0.2818917120954971,0.7731939701318316
1325,44.166666666666664,129.17124029705067,143.85338201408592,0.4000610113143921,0.14233860734484438,1.6571408166312551,0.4000610113143921,0.3971368074417114,0.4000610113143921,0.44571441411972046,0.6238929927349091,0.7154118418693542,0.43617263436317444,0.6238929927349091,0.07927849881527431,0.8349174432682268,0.2787756899675756,0.2780841093822485,0.8012507086405543
1326,44.2,126.2442720418189,142.72341768369688,0.4016132354736328,0.134217812706505,1.912199397297485,0.4016132354736328,0.39855140447616577,0.4016132354736328,0.4463517963886261,0.6228184103965759,0.7148080766201019,0.426287442445755,0.6228184103965759,0.07841158789373376,0.8370744974324198,0.2741714439500292,0.2743047206159772,0.7836085000840026
1327,44.233333333333334,133.85688652678553,156.59028342376567,0.4013604521751404,0.14192310484554152,1.7788402901132088,0.4013604521751404,0.4002697467803955,0.4013604521751404,0.4472513198852539,0.6215821504592896,0.7138551473617554,0.4180193543434143,0.6215821504592896,0.08377710971031556,0.8395603931311405,0.27143185530842623,0.2718531416965852,0.8250789261857807
1328,44.266666666666666,130.86301789627868,145.62321177030074,0.4014018177986145,0.12866263491304464,2.0995352145517074,0.4014018177986145,0.4013940691947937,0.4014018177986145,0.4484163224697113,0.6200836300849915,0.7133282423019409,0.40884028375148773,0.6200836300849915,0.08071532486441468,0.8414896338274984,0.2641580473445349,0.26475103998306593,0.8062641802937975
1329,44.3,127.25528649906686,144.07495988618945,0.4015548825263977,0.13503992313530064,2.004964274398901,0.4015548825263977,0.40201330184936523,0.40201330184936523,0.44868820905685425,0.6193594932556152,0.7116646468639374,0.4001546800136566,0.6193594932556152,0.08197385508937723,0.8424498700734341,0.25157800528882074,0.2522797430940976,0.7824472154703509
1330,44.333333333333336,138.67458917297785,147.420816052279,0.4027124047279358,0.15038368454052334,1.7337515322191166,0.4027124047279358,0.40208566188812256,0.4027124047279358,0.4493485987186432,0.6189863383769989,0.7107493877410889,0.3923581838607788,0.6189863383769989,0.08605244627091226,0.8435330273527087,0.24810473233485583,0.24817919906449235,0.8448458039947782
1331,44.36666666666667,138.54690509358255,137.30505421928916,0.40374064445495605,0.1374746940774641,1.8158427093685816,0.40374064445495605,0.40338319540023804,0.40374064445495605,0.45000141859054565,0.6183938086032867,0.7105655074119568,0.3845156580209732,0.6183938086032867,0.07961615839115127,0.8442856470743815,0.23260483211363875,0.23205798220915455,0.8394864779317724
1332,44.4,141.81871989704905,132.9576047336601,0.4044104218482971,0.13335928762276064,1.1481280100115896,0.4044104218482971,0.4043828248977661,0.4044104218482971,0.4501388370990753,0.6179521381855011,0.7094067335128784,0.37685179710388184,0.6179521381855011,0.07843456897185573,0.8452493620641304,0.22289617374422052,0.22239840402452088,0.8547506293290943
1333,44.43333333333333,142.2328059798038,133.75563862398226,0.404793918132782,0.12702552833990133,0.7537832254974717,0.404793918132782,0.4043290615081787,0.404793918132782,0.4503198266029358,0.617333173751831,0.7089205086231232,0.3702671080827713,0.617333173751831,0.07805829035506057,0.844914048910141,0.2126172544780066,0.212758220499657,0.8539674317867564
1334,44.46666666666667,139.94913984871917,126.89339826349338,0.40436649322509766,0.11814582480957969,0.6112145738282777,0.40436649322509766,0.4045919179916382,0.4045919179916382,0.4509633779525757,0.6164925396442413,0.7087946832180023,0.3632111996412277,0.6164925396442413,0.07785586393439081,0.8451425794399146,0.20437124086931355,0.2049082957029289,0.8388065936425673
1335,44.5,139.42698412582203,125.44340618307102,0.4045282006263733,0.11743623080618122,0.5952378049215667,0.4045282006263733,0.40494006872177124,0.40494006872177124,0.4518386125564575,0.6158630847930908,0.7082131803035736,0.357044517993927,0.6158630847930908,0.07679710109619145,0.8451079590754076,0.19365688611314208,0.19471452721972823,0.8326914220885094
1336,44.53333333333333,134.1325331542258,127.43421903667561,0.40436774492263794,0.10832342429752335,0.44073989250708223,0.40436774492263794,0.40484219789505005,0.40484219789505005,0.4521932005882263,0.6153118014335632,0.7078573405742645,0.35051117837429047,0.6153118014335632,0.07663957351230007,0.8455325861771902,0.17945352149008675,0.18058202937666956,0.7990167961927249
1337,44.56666666666667,137.6365268454679,122.45528700354129,0.40444082021713257,0.10819078007714815,0.37905583990308855,0.40444082021713257,0.4049100875854492,0.4049100875854492,0.4525213837623596,0.614395022392273,0.7075909376144409,0.3446042835712433,0.614395022392273,0.08080939881556398,0.8450172678990797,0.16324850919775263,0.16415703615476024,0.8136219241230364
1338,44.6,133.35464555654988,125.79207258636534,0.404329776763916,0.1104566738845848,0.04760914312660702,0.404329776763916,0.40506821870803833,0.40506821870803833,0.4531596004962921,0.61388099193573,0.7058273255825043,0.3403771221637726,0.61388099193573,0.07773355332521296,0.8432583023201335,0.1621169890015208,0.1629224231866093,0.7894942386812889
1339,44.63333333333333,131.6228979567007,136.42502536832734,0.40424829721450806,0.11150573146059141,0.4625257819980675,0.40424829721450806,0.40504157543182373,0.40504157543182373,0.45379960536956787,0.613784670829773,0.7063526809215546,0.3360098749399185,0.613784670829773,0.07410200718828225,0.8431190541296294,0.16062748806843447,0.16154987948239447,0.7794265684022009
1340,44.666666666666664,127.02503619879428,132.09730999975176,0.404232382774353,0.11462687676908226,0.43913301241988734,0.404232382774353,0.4051809310913086,0.4051809310913086,0.4544564485549927,0.6133937835693359,0.7068513333797455,0.3300296813249588,0.6133937835693359,0.0734318608751354,0.8418240240125945,0.146930874054676,0.14733543837521595,0.7497739077652599
1341,44.7,128.30818471117541,123.49555045141538,0.40419769287109375,0.1333415254336014,1.2357287247672275,0.40419769287109375,0.40518879890441895,0.40518879890441895,0.45519569516181946,0.6126760542392731,0.707612544298172,0.32374271750450134,0.6126760542392731,0.08618532366035214,0.8417038836262443,0.15422071504746304,0.15439995419617242,0.759089462909658
1342,44.733333333333334,124.8217588577228,125.92614045464514,0.40384775400161743,0.1335419678474296,1.1184564651932192,0.40384775400161743,0.4053521156311035,0.4053521156311035,0.4556591808795929,0.6127564907073975,0.7096033990383148,0.32013507187366486,0.6127564907073975,0.08913051149349731,0.8423721970933856,0.1587426089691635,0.15872334666674637,0.7410769985669868
1343,44.766666666666666,131.73652648179825,125.62322701137879,0.4034978747367859,0.12573455444956053,0.8811839647662509,0.4034978747367859,0.4053170680999756,0.4053170680999756,0.45585906505584717,0.6129482090473175,0.7127106189727783,0.31470273435115814,0.6129482090473175,0.09623805867790054,0.8421369809092898,0.15531615449788228,0.15574038893977912,0.7784644379149106
1344,44.8,126.06741640028586,122.6194302960031,0.4028252959251404,0.14378029904403333,1.5514449117240474,0.4028252959251404,0.40513867139816284,0.40513867139816284,0.45577695965766907,0.6132912039756775,0.715956300497055,0.30962543189525604,0.6132912039756775,0.0987030972072031,0.8404359663977767,0.14776145118688616,0.14868537589385022,0.7447029709132096
1345,44.833333333333336,135.8231173891376,128.09644730987438,0.4027014374732971,0.13112255402792292,1.270918357119342,0.4027014374732971,0.4047281742095947,0.4047281742095947,0.4557257890701294,0.6142711639404297,0.7182285189628601,0.30421771109104156,0.6142711639404297,0.11196718235717268,0.8377279937267303,0.14373439629118048,0.14597642418032553,0.7976931932714518
1346,44.86666666666667,136.84133755578264,118.47430400417318,0.40281057357788086,0.12728092892091006,1.2305897744597019,0.40281057357788086,0.40383458137512207,0.40383458137512207,0.45571789145469666,0.6154000759124756,0.7206609547138214,0.299190953373909,0.6154000759124756,0.12460418198568583,0.8346791032588843,0.13482579299458194,0.1392512811383102,0.8006773909860558
1347,44.9,138.49328407786658,127.3924824879824,0.4027671217918396,0.12289400813642354,0.6984914636933013,0.4027671217918396,0.40297001600265503,0.40297001600265503,0.4556797444820404,0.6165164411067963,0.7239037156105042,0.29623787105083466,0.6165164411067963,0.1081690779341458,0.8343553254098603,0.12702994275120022,0.13102992608479572,0.8075161165912854
1348,44.93333333333333,140.58048034332552,119.94595814074913,0.401502788066864,0.12059598281193398,0.6704569754282943,0.401502788066864,0.4015763998031616,0.4015763998031616,0.4555087685585022,0.6186481714248657,0.7279521226882935,0.29248636960983276,0.6186481714248657,0.10890891828704366,0.8324687038407181,0.11779998905934336,0.11997625431528587,0.8163426652918336
1349,44.96666666666667,139.01815307499407,112.01196125247327,0.3998592495918274,0.12681191317041982,0.7097815069198532,0.3998592495918274,0.3998451828956604,0.3998592495918274,0.4555964171886444,0.6200335323810577,0.7314137518405914,0.2890354096889496,0.6200335323810577,0.1132462567018677,0.8324744349176233,0.09586627362833779,0.09977021104950491,0.8010829547273574
1350,45.0,131.75133878077798,121.86095212901455,0.3974512815475464,0.12938196148182013,0.6921560787658052,0.3974512815475464,0.39845407009124756,0.39845407009124756,0.45556169748306274,0.6220739483833313,0.7353824377059937,0.2860047519207001,0.6220739483833313,0.11415342576939351,0.8330308596293131,0.09218158439269145,0.09238618173422834,0.7596063574332407
1351,45.03333333333333,129.73525329762302,123.44894144247392,0.39742058515548706,0.1314031002539293,0.9850893271771213,0.39742058515548706,0.3974943161010742,0.3974943161010742,0.4557161331176758,0.6232147216796875,0.738150030374527,0.28463277220726013,0.6232147216796875,0.11588755214071934,0.8339260455333826,0.07539611762973653,0.07318818479679784,0.7433702424979377
1352,45.06666666666667,129.31430440985883,114.05953705271895,0.3956528306007385,0.12915155007417303,0.7532324727144726,0.3956528306007385,0.39709609746932983,0.39709609746932983,0.45602384209632874,0.6243824660778046,0.7415527999401093,0.2831006795167923,0.6243824660778046,0.1253854241703047,0.8332503031600605,0.05594146791914076,0.05444771405778983,0.7351952426527358
1353,45.1,129.130165984027,111.30560267061851,0.3952023386955261,0.13030161795790526,1.1065806889762086,0.3952023386955261,0.3971290588378906,0.3971290588378906,0.4572887718677521,0.6246956884860992,0.744012326002121,0.2820303738117218,0.6246956884860992,0.1275535738925985,0.8334147117354653,0.03441786786203762,0.03463018332486634,0.7277151713809835
1354,45.13333333333333,125.72638673416705,110.61890989381243,0.39478904008865356,0.13271955707624705,1.3686123207592686,0.39478904008865356,0.39742833375930786,0.39742833375930786,0.4589003920555115,0.6251302361488342,0.7459682524204254,0.28243716061115265,0.6251302361488342,0.12238334857681242,0.8347280621528625,0.028673054452640706,0.027595098774693724,0.7070818426367202
1355,45.166666666666664,126.06213151579777,107.73401272046755,0.3948568105697632,0.1337537002689886,1.91463813523535,0.3948568105697632,0.3976576328277588,0.3976576328277588,0.46033063530921936,0.6253472864627838,0.7471029758453369,0.28271248936653137,0.6253472864627838,0.11228414228518427,0.8361476704929814,0.021074836209080045,0.02254169471383901,0.7066676259504894
1356,45.2,118.79617741425832,100.6458701049799,0.39497387409210205,0.1341946541662563,2.2344466290496428,0.39497387409210205,0.398007333278656,0.398007333278656,0.4614557921886444,0.625811904668808,0.7486829459667206,0.28311048448085785,0.625811904668808,0.10832027699298757,0.837179852254463,0.018658916287573876,0.020605941466155284,0.6655764382988184
1357,45.233333333333334,120.41958619334974,106.18674337100782,0.39517152309417725,0.13440914974903792,2.870030521646271,0.39517152309417725,0.39889055490493774,0.39889055490493774,0.462309330701828,0.6255603432655334,0.7473697364330292,0.28416503965854645,0.6255603432655334,0.09602521620932924,0.8384656824848868,0.018202177944827917,0.02151701117780982,0.6744583544576136
1358,45.266666666666666,128.07566991247018,97.73879709368411,0.39521026611328125,0.14081171544423607,3.0962708432398927,0.39521026611328125,0.400610089302063,0.400610089302063,0.4633011221885681,0.6253275275230408,0.7487739324569702,0.28492264449596405,0.6253275275230408,0.09531981477209382,0.8376954974550189,0.03303251551091946,0.037026251212790295,0.721441254166999
1359,45.3,125.82419702042984,93.78097929487373,0.395363986492157,0.14186823389010417,1.9638850518933566,0.395363986492157,0.40189218521118164,0.40189218521118164,0.4649035930633545,0.6247548460960388,0.7488618493080139,0.28540240228176117,0.6247548460960388,0.09775495701020048,0.8380647247487848,0.06145392013007088,0.06471564268058606,0.717459492819187
1360,45.333333333333336,132.01586133287444,92.88422993526041,0.39636939764022827,0.1515303689151532,1.6569112489154634,0.39636939764022827,0.40250879526138306,0.40250879526138306,0.4662548005580902,0.6233278512954712,0.7491425573825836,0.2879676818847656,0.6233278512954712,0.09630395443830933,0.8373557798790209,0.08214901974514886,0.08813612482811806,0.758066157772847
1361,45.36666666666667,126.09148972183407,94.99684278044155,0.3976987600326538,0.15328797336303338,1.3243952985927194,0.3976987600326538,0.40351593494415283,0.40351593494415283,0.46780017018318176,0.621732622385025,0.7488524615764618,0.2929449677467346,0.621732622385025,0.08544637137822586,0.8379488831216638,0.1101785030934435,0.11726926719347035,0.7335618271604446
1362,45.4,122.88170059403133,92.09089276609504,0.3981349468231201,0.15261741222545738,0.8995310319999987,0.3981349468231201,0.4043542742729187,0.4043542742729187,0.4689439535140991,0.6195839941501617,0.7484650313854218,0.29744598269462585,0.6195839941501617,0.07367780857127336,0.8386761211987698,0.13730008293811743,0.1433972431362043,0.7238661392927204
1363,45.43333333333333,128.14361017085258,85.19376774052834,0.3991371989250183,0.1556345289786657,0.09884552131268265,0.3991371989250183,0.4051881432533264,0.4051881432533264,0.4699259400367737,0.6177350282669067,0.7487818896770477,0.3027828633785248,0.6177350282669067,0.07060972566287743,0.8393905740795713,0.15170473964200148,0.1578257153918013,0.757420367286226
1364,45.46666666666667,124.25841013439648,87.37168137202156,0.399990975856781,0.15469353822560653,0.24398660659784355,0.399990975856781,0.4060174226760864,0.4060174226760864,0.4704207181930542,0.616503894329071,0.7486923933029175,0.30773383378982544,0.616503894329071,0.06361009460267746,0.8408853140744296,0.152788539223804,0.1582498269800537,0.7361610625137883
1365,45.5,125.87472697919975,84.1829483302076,0.40035074949264526,0.14792813718728212,0.7059660588326153,0.40035074949264526,0.4066314101219177,0.4066314101219177,0.4711128771305084,0.6150677502155304,0.7483430206775665,0.3128773123025894,0.6150677502155304,0.059350878186887855,0.8407890128366875,0.16889822843921412,0.1711163902001993,0.7499735073050962
1366,45.53333333333333,125.82259284928156,83.7699187826235,0.40161484479904175,0.14756174636208294,0.8006707445696293,0.40161484479904175,0.40821027755737305,0.40821027755737305,0.4713611900806427,0.6139606833457947,0.7481164634227753,0.31805770099163055,0.6139606833457947,0.052159457015981424,0.8401340282324589,0.18781350151508608,0.18809204814755026,0.7553584551727568
1367,45.56666666666667,130.01495490989265,78.87711262803464,0.40277355909347534,0.15468293770318722,1.1371571748446172,0.40277355909347534,0.40813231468200684,0.40813231468200684,0.4716452658176422,0.6134446561336517,0.7463435530662537,0.32517099380493164,0.6134446561336517,0.06514501894808243,0.8402641532999097,0.2247797638747005,0.22456852552079923,0.7897392342173692
1368,45.6,133.4904427291323,85.3885649968151,0.40411585569381714,0.1591692464125177,1.0749942003705257,0.40411585569381714,0.4087045192718506,0.4087045192718506,0.4718037247657776,0.6135115623474121,0.7439261376857758,0.33364810049533844,0.6135115623474121,0.07812686813942693,0.8414367491548712,0.2635135896111894,0.2621997708799769,0.8206676476007585
1369,45.63333333333333,135.75118777973017,87.41971811101797,0.40442007780075073,0.15486537465483882,1.1668082327950628,0.40442007780075073,0.40864431858062744,0.40864431858062744,0.4716981053352356,0.6134437918663025,0.7430896461009979,0.3448290526866913,0.6134437918663025,0.06382703691170596,0.8418377285653894,0.2941825041227778,0.2932103471464196,0.8424280166797787
1370,45.666666666666664,131.90738756369055,87.78744394705996,0.4050317406654358,0.14846712080539415,1.5776433023033007,0.4050317406654358,0.4099082350730896,0.4099082350730896,0.4718990623950958,0.6128244996070862,0.7430146336555481,0.35642461478710175,0.6128244996070862,0.04367355128795914,0.8426679156043313,0.2848311741457392,0.2854835728431629,0.8182681720420025
1371,45.7,131.685743666232,85.81616247101952,0.4051840305328369,0.1580282165928214,1.3359643626564548,0.4051840305328369,0.410037636756897,0.410037636756897,0.4723423719406128,0.6121306419372559,0.7423500716686249,0.36686737835407257,0.6121306419372559,0.04623127739167136,0.8423602626179204,0.2894681772280349,0.29074479125288943,0.8184279179808106
1372,45.733333333333334,131.23225016691958,78.18246290729432,0.4057791829109192,0.15280245391938854,1.532521318571611,0.4057791829109192,0.41004836559295654,0.41004836559295654,0.4728076159954071,0.6105171740055084,0.7416002452373505,0.3724844306707382,0.6105171740055084,0.04478595177444486,0.8413677856777654,0.2600634402888366,0.26189590082312914,0.8070870885695375
1373,45.766666666666666,131.72762487033256,80.78449822662435,0.40560275316238403,0.15597556589834105,1.6185134936607994,0.40560275316238403,0.4099109172821045,0.4099109172821045,0.47324225306510925,0.6104363203048706,0.739945113658905,0.381838321685791,0.6104363203048706,0.05909291589669616,0.8401937511834231,0.21953737451772323,0.2218196647079451,0.7976813505238312
1374,45.8,117.89001464787728,79.16059475108487,0.40561825037002563,0.1430942774409938,1.628630398950122,0.40561825037002563,0.4100644588470459,0.4100644588470459,0.4740775525569916,0.6093765795230865,0.7395593822002411,0.3881226032972336,0.6093765795230865,0.05822511297194573,0.8397189478079478,0.1849661804464557,0.1843220614667271,0.7104343799554771
1375,45.833333333333336,122.20913911649956,86.1762179385519,0.40647590160369873,0.14911666456050504,1.8101220144079946,0.40647590160369873,0.41026967763900757,0.41026967763900757,0.47499704360961914,0.6081627011299133,0.7380787432193756,0.3929036259651184,0.6081627011299133,0.035995818463988416,0.8389150102933248,0.18291974283773332,0.17451505768542372,0.7338155846096509
1376,45.86666666666667,119.55297467097967,86.60275372067352,0.40858715772628784,0.1467552043352028,1.8250966959665789,0.40858715772628784,0.41088300943374634,0.41088300943374634,0.47610753774642944,0.6076037287712097,0.7375074923038483,0.3970825970172882,0.6076037287712097,0.034950136484752106,0.8383309218016538,0.14186667438820302,0.13071257724989932,0.7067431949330146
1377,45.9,118.44436601404871,128.98730283647637,0.4118204712867737,0.149281212685019,1.7502201529166825,0.4118204712867737,0.41423267126083374,0.41423267126083374,0.4777979552745819,0.6076878905296326,0.7344432771205902,0.4012914448976517,0.6076878905296326,0.019652612150526064,0.8387939866745111,0.12879046045351825,0.11047249319641758,0.6966613937696595
1378,45.93333333333333,114.41334902135632,142.90660940360812,0.4133250117301941,0.14902782761690997,1.7742212805465272,0.4133250117301941,0.4161267876625061,0.4161267876625061,0.4785516560077667,0.6080938279628754,0.7325434684753418,0.4033047556877136,0.6080938279628754,0.02929607781162122,0.8390562398867174,0.12495152778156497,0.10574980617798896,0.6731151751197824
1379,45.96666666666667,111.5616747506,162.01919440847126,0.41613084077835083,0.06745535417844176,1.3689506233135376,0.41613084077835083,0.41648590564727783,0.41648590564727783,0.4796440303325653,0.6079517602920532,0.7315510213375092,0.4063010513782501,0.6079517602920532,0.04385175044806992,0.8397900778235812,0.13860252967612813,0.122071691643396,0.6613678408506162
1380,46.0,116.5347849732243,156.36553795427207,0.41530996561050415,0.1282923504735063,0.2018944186453382,0.41530996561050415,0.41746777296066284,0.41746777296066284,0.479482501745224,0.6076827049255371,0.7308043539524078,0.4104379117488861,0.6076827049255371,0.05499970721062579,0.8450181809338656,0.1306640665403104,0.12059908699554751,0.6866146920355615
1381,46.03333333333333,107.63444543915867,143.3725613739359,0.4159897565841675,0.14186964051684073,0.7669618504162088,0.4159897565841675,0.4180712103843689,0.4180712103843689,0.47939667105674744,0.6072644889354706,0.7299505472183228,0.4173617959022522,0.6072644889354706,0.03334259604805678,0.8480012380715573,0.13879659388826318,0.13116109112699506,0.6396081194951383
1382,46.06666666666667,112.57354844450863,147.44789735874386,0.41640424728393555,0.14608302672969128,0.4945677911098869,0.41640424728393555,0.41775310039520264,0.41775310039520264,0.47925499081611633,0.6073746085166931,0.7295206487178802,0.4213245213031769,0.6073746085166931,0.04813955219391778,0.8485299375924197,0.15866748538576017,0.15765600514426362,0.6730088480852204
1383,46.1,105.61862615355705,150.3006597614132,0.41708946228027344,0.13385503276489746,1.2282951513689682,0.41708946228027344,0.42059051990509033,0.42059051990509033,0.47921305894851685,0.6071515679359436,0.7300606667995453,0.425132155418396,0.6071515679359436,0.05210959184064814,0.8538576825098558,0.18443498533146124,0.18287983496416163,0.6421006408969775
1384,46.13333333333333,101.42871075704535,142.34110629850932,0.4173985719680786,0.14258488226413524,1.2398405853296879,0.4173985719680786,0.4201135039329529,0.4201135039329529,0.4792696535587311,0.6068744957447052,0.7305256128311157,0.43254245817661285,0.6068744957447052,0.0535441698648989,0.856866124904517,0.17104262627832223,0.16214982244697107,0.6148056254226375
1385,46.166666666666664,118.63031053202462,115.71742585673985,0.41905486583709717,0.15685860327253945,1.322202874844919,0.41905486583709717,0.41965562105178833,0.41965562105178833,0.47887250781059265,0.6069275438785553,0.7308626770973206,0.4408918619155884,0.6069275438785553,0.0591040787964481,0.858733819289641,0.19892251739465105,0.1748824852834584,0.7187340359518655
1386,46.2,130.4516696040523,116.69122063378433,0.42241185903549194,0.18693902927955647,1.7513315500781061,0.42241185903549194,0.4190385341644287,0.42241185903549194,0.4779817461967468,0.6079588234424591,0.7313095033168793,0.44421711564064026,0.6079588234424591,0.06355403208616028,0.861542492201834,0.2576112557389947,0.20040896693017282,0.802014874521989
1387,46.233333333333334,146.59902828117205,124.41626723546696,0.42859596014022827,0.23140385559695567,3.1251065130656457,0.42859596014022827,0.41759979724884033,0.42859596014022827,0.4768207371234894,0.608849287033081,0.732287734746933,0.4502379894256592,0.608849287033081,0.06546140565852308,0.8611155540654154,0.2646106494635574,0.1853729841626884,0.8938222408455786
1388,46.266666666666666,148.8029895326311,140.87648412415507,0.43985623121261597,0.3049559327861208,2.8784776063308755,0.43985623121261597,0.4156261682510376,0.43985623121261597,0.4750978350639343,0.6112085580825806,0.7324802577495575,0.45795392990112305,0.6112085580825806,0.04726245750434711,0.856574434222597,0.2647084665749297,0.17805429208836046,0.9060958151537628
1389,46.3,148.23816769774402,133.41139322957156,0.4469413161277771,0.3018920969395668,3.386952502314017,0.4469413161277771,0.41542214155197144,0.4469413161277771,0.47301948070526123,0.6120011508464813,0.733838677406311,0.4627990126609802,0.6120011508464813,0.02874145918218542,0.8516434566541151,0.3058449399327829,0.21343428211457335,0.9152988580784128
1390,46.333333333333336,146.14643454227058,123.98146470171643,0.45162808895111084,0.27505804819479146,2.7332268610257984,0.45162808895111084,0.41512423753738403,0.45162808895111084,0.47102680802345276,0.6122582256793976,0.7335680723190308,0.4699241667985916,0.6122582256793976,0.03742235582245134,0.8485521927024379,0.32081086413793464,0.24306161514620217,0.908167895587328
1391,46.36666666666667,142.6670728316466,130.02321764011785,0.4448130130767822,0.24116014003082015,2.375085162786661,0.4448130130767822,0.41351866722106934,0.4448130130767822,0.4690171778202057,0.6127789914608002,0.7339338660240173,0.47928786277770996,0.6127789914608002,0.015600380573534895,0.8453128220457019,0.291177237441975,0.2422162678169833,0.8799480202972958
1392,46.4,149.71274126068428,108.6817276908102,0.44327038526535034,0.2824471012699245,2.764090630700906,0.44327038526535034,0.4080654978752136,0.44327038526535034,0.4681616723537445,0.6131548881530762,0.7333380281925201,0.49030570685863495,0.6131548881530762,0.019961446764228324,0.8412127485781005,0.3483529539434801,0.2553805230695416,0.9362433376312901
1393,46.43333333333333,150.3967191124146,95.67695974031788,0.4394848346710205,0.27771635729355615,1.3146828839292368,0.4394848346710205,0.4077562093734741,0.4394848346710205,0.46734628081321716,0.6142913401126862,0.7329134047031403,0.4981515109539032,0.6142913401126862,0.0326550693548434,0.8394630894516454,0.3382983216721999,0.24829954346588756,0.9370268249039632
1394,46.46666666666667,147.8486850033926,108.86759788305686,0.42282140254974365,0.23046762871694462,1.1559211663876283,0.42282140254974365,0.4042819142341614,0.42282140254974365,0.4677347242832184,0.6145439743995667,0.7329164147377014,0.5052505433559418,0.6145439743995667,0.0571769577674122,0.8373561826619235,0.3174449587614511,0.22984267829730531,0.9166150709806165
1395,46.5,126.51023654112669,104.56841665999008,0.4193180203437805,0.18139149506649727,0.7783789895762254,0.4193180203437805,0.40375232696533203,0.4193180203437805,0.4676496386528015,0.6153884828090668,0.7325389981269836,0.5111399292945862,0.6153884828090668,0.08637929929397668,0.8390631224169876,0.2912534581620079,0.1941936434835721,0.7902106848993061
1396,46.53333333333333,131.48426075345037,108.63801842101837,0.4142197370529175,0.1810557749150246,1.2196566547353314,0.4142197370529175,0.403969943523407,0.4142197370529175,0.46757012605667114,0.6153067946434021,0.73090660572052,0.5174414217472076,0.6153067946434021,0.09305398151268303,0.8380251562956608,0.26460878587480663,0.17195697364217943,0.8098507510593885
1397,46.56666666666667,132.75485226398362,102.80169639930361,0.4097334146499634,0.19924304355104244,0.711942721410594,0.4097334146499634,0.4041651487350464,0.4097334146499634,0.4675719141960144,0.6158196032047272,0.7314515113830566,0.5224982351064682,0.6158196032047272,0.11495175610541793,0.8372951691800897,0.19939751212277054,0.17185654012762472,0.7973462106589624
1398,46.6,147.392659538068,115.65550718179722,0.4085403084754944,0.22224644230704904,1.011347761381984,0.4085403084754944,0.4035794734954834,0.4085403084754944,0.4670640528202057,0.6168234348297119,0.7322058975696564,0.52659872174263,0.6168234348297119,0.1263685926896653,0.8340639002395399,0.18384154469323197,0.1619534428137354,0.8740005719527917
1399,46.63333333333333,152.132564985071,125.43533599284888,0.40661609172821045,0.24978564609495327,0.26896574907124204,0.40661609172821045,0.40403950214385986,0.40661609172821045,0.4663902521133423,0.6180271208286285,0.7336573302745819,0.5335825383663177,0.6180271208286285,0.16481475339253307,0.8301698267459869,0.16462697401451495,0.14791210806726707,0.8945690087880823
1400,46.666666666666664,148.714396823809,123.02884273133675,0.40571796894073486,0.1665369700188041,0.42034390759937423,0.40571796894073486,0.4048483967781067,0.40571796894073486,0.46601203083992004,0.6190955936908722,0.7352989017963409,0.5377467572689056,0.6190955936908722,0.16686530278960304,0.8265121177290425,0.1611467002551906,0.14143814003069996,0.8745351035421628
1401,46.7,150.69366540368208,121.46679182500887,0.40885090827941895,0.2131229219164236,0.5916630145545128,0.40885090827941895,0.4041427969932556,0.40885090827941895,0.46465224027633667,0.6203079223632812,0.7390069961547852,0.54151850938797,0.6203079223632812,0.18866040307620402,0.821329977927786,0.17599018198792413,0.15643702232163642,0.8899840846168332
1402,46.733333333333334,141.53589406521579,126.96688266751396,0.4041277766227722,0.27048852924197947,0.35166868566469134,0.4041277766227722,0.40079134702682495,0.4041277766227722,0.4638531506061554,0.6206892430782318,0.7423422932624817,0.5455040633678436,0.6206892430782318,0.2256069787881335,0.8192221702951373,0.17618315379625762,0.15079817836854384,0.8391654687234095
1403,46.766666666666666,137.10721217751188,126.37529918721471,0.40281713008880615,0.32256318691575897,0.30694578214422563,0.40281713008880615,0.39865314960479736,0.40281713008880615,0.46227625012397766,0.6218754947185516,0.745205819606781,0.5521199405193329,0.6218754947185516,0.2450632122345252,0.817992678194335,0.18508784497492745,0.16082242141068478,0.8172330878119887
1404,46.8,140.41112206061388,129.4678014375449,0.3987928628921509,0.35295027658626243,0.7968803910605686,0.3987928628921509,0.3959076404571533,0.3987928628921509,0.46090298891067505,0.6228937208652496,0.745445966720581,0.5581820011138916,0.6228937208652496,0.25084082979040223,0.8183814684549967,0.1830903748243456,0.15167746216355724,0.8349889016729363
1405,46.833333333333336,134.8971659915764,143.91727666194924,0.3996698260307312,0.37487311352634983,1.005910453331353,0.3996698260307312,0.3945811986923218,0.3996698260307312,0.4593011736869812,0.6247412264347076,0.7453643083572388,0.5638587474822998,0.6247412264347076,0.2847486757230119,0.8186463000196399,0.17223947831983005,0.14943385244666985,0.8011005434491513
1406,46.86666666666667,66.36896205746694,141.87076947251097,0.39580124616622925,0.35135304927651506,1.3826767422942225,0.39580124616622925,0.3898676633834839,0.39580124616622925,0.4576636552810669,0.6248840987682343,0.7453324794769287,0.5662921965122223,0.6248840987682343,0.2670856900988353,0.8208332856496176,0.1728373295495729,0.11490756463850481,0.42056765473968827
1407,46.9,90.45454789884418,146.3852637317102,0.3931644558906555,0.38520577501587033,0.2780129194585186,0.3931644558906555,0.38561826944351196,0.3931644558906555,0.4561902582645416,0.6258930265903473,0.7462060749530792,0.5697789788246155,0.6258930265903473,0.2633730524411449,0.8223779079588976,0.1713686267731978,0.09436134984355093,0.5539358541366493
1408,46.93333333333333,99.8715519228588,149.97927637423768,0.3863205909729004,0.38684546133149456,0.8568925548282209,0.3863205909729004,0.38135820627212524,0.3863205909729004,0.45450034737586975,0.6268584132194519,0.7469611465930939,0.5697230696678162,0.6268584132194519,0.26932156823457876,0.8246369826974291,0.13857852262378037,0.06238771177553179,0.5964155119141274
1409,46.96666666666667,124.69094672389474,158.6681167484499,0.37933027744293213,0.3319963989669641,1.8140010869065009,0.37933027744293213,0.37697893381118774,0.37933027744293213,0.4528580904006958,0.6294730007648468,0.7476227581501007,0.5704823732376099,0.6294730007648468,0.3281304555127306,0.8284242767276186,0.11999021323168561,0.05668559100735711,0.7287245457689209
1410,47.0,130.76440291081062,154.6737844664708,0.3793788552284241,0.34494334717180986,3.2611749662209775,0.3793788552284241,0.3755081295967102,0.3793788552284241,0.4524245262145996,0.6300519704818726,0.7466099262237549,0.5702075660228729,0.6300519704818726,0.31247334565799445,0.8334639153697274,0.10330886362321562,0.04460187600244182,0.7574615641470237
1411,47.03333333333333,127.1060334442061,156.20608170522598,0.37970811128616333,0.3458775517181901,3.0705978593796033,0.37970811128616333,0.37507396936416626,0.37970811128616333,0.4526539742946625,0.6304430365562439,0.745734840631485,0.5716425180435181,0.6304430365562439,0.4212521292855431,0.8434186189463644,0.08335984017443977,0.0553936296503305,0.7311525822979215
1412,47.06666666666667,130.0159363083288,154.8144068042416,0.37996864318847656,0.32776615589604186,1.7801800935143888,0.37996864318847656,0.37576431035995483,0.37996864318847656,0.45236021280288696,0.6300601065158844,0.7440405189990997,0.5732123553752899,0.6300601065158844,0.4306269538854755,0.8527124695705645,0.06375678429579348,0.06134316711379055,0.7414377925572314
1413,47.1,140.65592526202394,150.00342116828233,0.38216423988342285,0.3344957580920835,1.2290811741125935,0.38216423988342285,0.374137818813324,0.38216423988342285,0.45202329754829407,0.6297699511051178,0.7435654997825623,0.5759627223014832,0.6297699511051178,0.40902023506867013,0.8621753291650252,0.11211608888214394,0.10668386196515703,0.8150566336758873
1414,47.13333333333333,142.4903781318349,146.8070747573706,0.3828086256980896,0.3388327936851878,0.6604707921712247,0.3828086256980896,0.37547892332077026,0.3828086256980896,0.45199742913246155,0.6295677125453949,0.7434484660625458,0.5796714127063751,0.6295677125453949,0.3643530592634117,0.8706165985627607,0.1308656926074817,0.1223174132065009,0.8308729196257717
1415,47.166666666666664,165.69847757984414,147.62881035074213,0.3851127028465271,0.4150639708912275,1.4923575601337973,0.3851127028465271,0.374872088432312,0.3851127028465271,0.4510565400123596,0.6312917470932007,0.7440446019172668,0.5876857340335846,0.6312917470932007,0.4030490541749024,0.8757100629084038,0.1825484188107957,0.1313680949485788,0.9753116233090395
1416,47.2,170.2256123599756,156.6076230955463,0.3875214457511902,0.4172825629782938,0.026379799891799394,0.3875214457511902,0.37485355138778687,0.3875214457511902,0.4506012201309204,0.6324832439422607,0.7444936633110046,0.5916013419628143,0.6324832439422607,0.3984407646959543,0.8757658555652156,0.244757509478153,0.13024366350356145,1.0191250992877547
1417,47.233333333333334,170.37106172736588,164.09218371565842,0.397335946559906,0.45344158168778376,3.006305007841405,0.397335946559906,0.3737989664077759,0.397335946559906,0.4498586654663086,0.6338767111301422,0.746548056602478,0.5943976938724518,0.6338767111301422,0.2610997520089175,0.8752256722161265,0.23644587431177236,0.12378442572775887,1.0174396607788978
1418,47.266666666666666,97.18628467111593,165.62037111436058,0.38364940881729126,0.30522733971518773,4.30720604552053,0.38364940881729126,0.377413272857666,0.38364940881729126,0.4499661922454834,0.6349291503429413,0.749330997467041,0.59675133228302,0.6349291503429413,0.27613982300376,0.8705354242613821,0.2043104888038658,0.09174293005911185,0.6012169503695816
1419,47.3,105.3139493895675,167.96066521613756,0.3824498653411865,0.2683010051850128,5.777873941070368,0.3824498653411865,0.3808552026748657,0.3824498653411865,0.44969257712364197,0.6365834176540375,0.7494641244411469,0.5988057553768158,0.6365834176540375,0.3010671223454494,0.8671113062988628,0.19132088183647097,0.08555942466216157,0.6424737611596496
1420,47.333333333333336,129.3783534027489,169.84485493509317,0.384222149848938,0.31453995369874693,8.491285074573852,0.384222149848938,0.38213497400283813,0.384222149848938,0.4497282803058624,0.6381349265575409,0.7500882744789124,0.6012052595615387,0.6381349265575409,0.31394076697791135,0.8604930837949117,0.14993055416425544,0.08661582994050972,0.7637477962645484
1421,47.36666666666667,119.16383226971743,168.665120054689,0.3847348093986511,0.29254589737798087,5.562332923710812,0.3847348093986511,0.38224565982818604,0.3847348093986511,0.4492619037628174,0.6400648653507233,0.7511899173259735,0.6035828590393066,0.6400648653507233,0.3858597778245121,0.8562738570300016,0.09521140618725556,0.10013733424082384,0.6905847122434957
1422,47.4,124.80179096659309,165.3396832294694,0.3849979043006897,0.3050946603893948,4.694345024038228,0.3849979043006897,0.3820986747741699,0.3849979043006897,0.4488203227519989,0.6398993134498596,0.7520402371883392,0.6068790853023529,0.6398993134498596,0.4030652676631643,0.8512350555622217,0.09530817397225733,0.0949990081253954,0.7219357353394166
1423,47.43333333333333,115.68870358087874,163.2600979605881,0.385847806930542,0.32343638686979037,5.640225411222303,0.385847806930542,0.3819900155067444,0.385847806930542,0.44832152128219604,0.6410564184188843,0.7531937658786774,0.6115702986717224,0.6410564184188843,0.4429239758188466,0.8496338029702505,0.17398429099684803,0.1000175278398089,0.6949103071928252
1424,47.46666666666667,124.0188230941952,171.48736048655243,0.38753634691238403,0.33703478929256075,6.003537437799224,0.38753634691238403,0.3819391131401062,0.38753634691238403,0.4481948912143707,0.6405201852321625,0.7549161314964294,0.6132689416408539,0.6405201852321625,0.50206129499338,0.8460982767018405,0.21007203542125094,0.09067244086864835,0.752015072260793
1425,47.5,79.56831879963539,171.97717277756792,0.3718552589416504,0.2120046418789397,4.5002169585180525,0.3718552589416504,0.38149023056030273,0.38149023056030273,0.444844126701355,0.6412043273448944,0.7551590800285339,0.6168988645076752,0.6412043273448944,0.4689095825821557,0.8463262211192738,0.21295508215474399,0.08129666315931687,0.5059327401999532
1426,47.53333333333333,95.28404096741674,170.44894421975204,0.3634885549545288,0.20749300460266495,4.897928993276707,0.3634885549545288,0.3800166845321655,0.3800166845321655,0.4431111216545105,0.6421616971492767,0.756154865026474,0.6180598139762878,0.6421616971492767,0.45933144753157734,0.848426693316662,0.2099253823245285,0.06908593006468466,0.5923333978496738
1427,47.56666666666667,122.17787456096764,167.78390660762352,0.3670762777328491,0.21812410844598668,6.117080702237132,0.3670762777328491,0.37881362438201904,0.37881362438201904,0.4422585368156433,0.643406093120575,0.7552025020122528,0.619272768497467,0.643406093120575,0.4401542604945742,0.847890396009792,0.28692432355676956,0.06940911537959621,0.7648432668501843
1428,47.6,90.95755882084087,162.37806473505273,0.37032657861709595,0.32756716790255436,8.480403927488965,0.37032657861709595,0.3761906027793884,0.3761906027793884,0.4429246485233307,0.6429414451122284,0.7538959980010986,0.6220305860042572,0.6429414451122284,0.3955804517739569,0.8436877962314722,0.43749617788556416,0.09094320177500895,0.6253197712268938
1429,47.63333333333333,72.33750939451636,154.68333990898466,0.38547080755233765,0.33926182691558704,13.1595615300551,0.38547080755233765,0.37641632556915283,0.38547080755233765,0.4431873559951782,0.6420385241508484,0.7489600479602814,0.6236282289028168,0.6420385241508484,0.30278381289297507,0.8431274484504353,0.5140097283511517,0.18298081481007772,0.5218750521917576
1430,47.666666666666664,81.95245964558741,155.1911767145983,0.42601853609085083,0.14541218946140333,146.51146134891542,0.42601853609085083,0.376833438873291,0.42601853609085083,0.442800372838974,0.6413635611534119,0.7467018961906433,0.6308797299861908,0.6413635611534119,0.2749323734997623,0.8403282111341303,0.5890009501373362,0.25753487420278065,0.5752914424754856
1431,47.7,71.28051117344259,156.82753110019658,0.4131195545196533,0.4547597245717981,0.4621094620926556,0.4131195545196533,0.3778482675552368,0.4131195545196533,0.443027526140213,0.6405185461044312,0.7449119091033936,0.6477029025554657,0.6405185461044312,0.27418464522394187,0.8386508723100027,0.6747428446319566,0.33131832654568566,0.5160028398524588
1432,47.733333333333334,48.95498062089128,142.30478163831478,0.4050713777542114,0.41357523240209687,2.006961056480236,0.4050713777542114,0.3775404095649719,0.4050713777542114,0.44288209080696106,0.6401311755180359,0.7446830868721008,0.6618610322475433,0.6401311755180359,0.2496019475917758,0.8374395343390378,0.7204015590304812,0.40805941523721134,0.39197211456050707
1433,47.766666666666666,49.02192736003381,138.33974387816698,0.41590964794158936,0.44644390127249484,4.533787924201874,0.41590964794158936,0.3741161823272705,0.41590964794158936,0.4429541230201721,0.63909050822258,0.745409220457077,0.6769190430641174,0.63909050822258,0.2245306603919301,0.8358894604625124,0.5712951532632987,0.4547026953636109,0.3923440408890767
1434,47.8,48.68355639470092,135.4235750965529,0.3983393907546997,0.3748057583660014,131.76145094738297,0.3983393907546997,0.37358444929122925,0.3983393907546997,0.44378817081451416,0.6380720734596252,0.7444814443588257,0.6915088593959808,0.6380720734596252,0.2065539779893264,0.8328774350159096,0.5514979248133838,0.3850417283288457,0.3904642021927829
1435,47.833333333333336,55.22184234791511,140.18446965727176,0.39035314321517944,0.3877572205385649,160.5456072037167,0.39035314321517944,0.37442582845687866,0.39035314321517944,0.4456353485584259,0.6332254111766815,0.7412692010402679,0.7057642042636871,0.6332254111766815,0.20702116156673936,0.8316652232950384,0.5580389452047562,0.32509457630280336,0.4267880130439728
1436,47.86666666666667,55.869580924068345,139.04879723282988,0.40756434202194214,0.39405735399023756,138.90393417784318,0.40756434202194214,0.3742959499359131,0.40756434202194214,0.44651180505752563,0.6314289569854736,0.7425205409526825,0.7106804847717285,0.6314289569854736,0.21821498309700543,0.833677432753823,0.47827143832627367,0.2582636592275966,0.43038656068926856
1437,47.9,67.04027064045798,149.79849250985592,0.4244319200515747,0.39505301017348254,160.9556307060883,0.4244319200515747,0.37434840202331543,0.4244319200515747,0.44747012853622437,0.6314304172992706,0.745797336101532,0.7148527204990387,0.6314304172992706,0.24405767948347545,0.8375963329365759,0.37274977352842076,0.1997822244471217,0.48427088006107055
1438,47.93333333333333,84.51091277346221,157.8595695307447,0.4279559850692749,0.37779103221989174,3.529314826873872,0.4279559850692749,0.3812410831451416,0.4279559850692749,0.4478308856487274,0.6320739984512329,0.7512065172195435,0.718755453824997,0.6320739984512329,0.2708853671996437,0.8415210739229665,0.29976115236056405,0.13529861456082512,0.5594334166718482
1439,47.96666666666667,76.14782748207482,159.79671067687488,0.42992985248565674,0.3995586296682888,156.62955804801942,0.42992985248565674,0.3774365186691284,0.42992985248565674,0.44806885719299316,0.6324217319488525,0.7515023350715637,0.7236214578151703,0.6324217319488525,0.32364431440913627,0.8464159870689566,0.22317804786628623,0.1320785302177659,0.48999690037141264
1440,48.0,73.5169917628942,173.41979014673575,0.43019503355026245,0.4723578631684173,10.923024628935792,0.43019503355026245,0.37715786695480347,0.43019503355026245,0.44798752665519714,0.6335214376449585,0.7512202560901642,0.7277882397174835,0.6335214376449585,0.3732508992649733,0.8548925663485671,0.14889011662602514,0.13114394769682633,0.4530947670038864
1441,48.03333333333333,87.55646610953166,177.50086513601929,0.42761075496673584,0.5358515958613581,9.075420224051072,0.42761075496673584,0.376285195350647,0.42761075496673584,0.4476158916950226,0.6350607872009277,0.7505678832530975,0.7322264015674591,0.6350607872009277,0.41294986568700204,0.862324088360324,0.24490302189538588,0.12209770066744326,0.559895718288236
1442,48.06666666666667,80.81499237214751,176.42635974636175,0.4241342544555664,0.5505765899248456,9.153448347289213,0.4241342544555664,0.37507760524749756,0.4241342544555664,0.4464913308620453,0.6368696689605713,0.7496335208415985,0.7358124852180481,0.6368696689605713,0.4533789923754005,0.868916822202278,0.2407758641892034,0.10076965304484944,0.521204939102025
1443,48.1,70.35298439281173,175.26341425803275,0.40292996168136597,0.5413109019573261,12.056416516693957,0.40292996168136597,0.36853426694869995,0.40292996168136597,0.44567668437957764,0.6387681066989899,0.7500756084918976,0.7373575866222382,0.6387681066989899,0.4537342102659677,0.8714387904513966,0.24376011084375485,0.09195340836286335,0.46397794654652497
1444,48.13333333333333,134.49468543129723,176.21476379240835,0.3983790874481201,0.6590719634580119,9.041801347369187,0.3983790874481201,0.36890125274658203,0.3983790874481201,0.4449976682662964,0.6400485336780548,0.7500542104244232,0.7376934289932251,0.6400485336780548,0.5245759962009661,0.8727600154551592,0.2435738629906324,0.09450248394640415,0.8202648557377299
1445,48.166666666666664,122.46163494724861,175.5821608195913,0.40210628509521484,0.6312755198742672,8.16623730437891,0.40210628509521484,0.36852478981018066,0.40210628509521484,0.44508451223373413,0.6396949589252472,0.7504769563674927,0.740511417388916,0.6396949589252472,0.4763797764591021,0.8739543810035243,0.26045024216772944,0.0983982077846255,0.7584774890239222
1446,48.2,52.93409581129037,158.10756996605963,0.40266555547714233,0.5184224782617666,7.245452523806534,0.40266555547714233,0.3683898448944092,0.40266555547714233,0.44514790177345276,0.6389923095703125,0.7490425407886505,0.7455853819847107,0.6389923095703125,0.3321387038609517,0.8775620568882335,0.18111457602320413,0.11651489229039567,0.3484126828696855
1447,48.233333333333334,55.5732288658245,155.05598702657377,0.3963989019393921,0.4760126367014368,6.177281837154624,0.3963989019393921,0.36800235509872437,0.3963989019393921,0.4453185200691223,0.6386993527412415,0.7483755052089691,0.7502419352531433,0.6386993527412415,0.3720697319030391,0.8810811661409609,0.19483846584841674,0.13249032023051133,0.3671917001202166
1448,48.266666666666666,61.302428867977326,155.00383090227214,0.3904683589935303,0.44757203817678615,4.465760158599153,0.3904683589935303,0.3677787780761719,0.3904683589935303,0.44566404819488525,0.6380258798599243,0.7454754412174225,0.7556674778461456,0.6380258798599243,0.4350940838961311,0.885154743086208,0.22972650760238,0.1675627442185636,0.4094870015472547
1449,48.3,61.42687953627319,155.79707677824837,0.3848898410797119,0.4280405086238151,3.8562731831587485,0.3848898410797119,0.3671784996986389,0.3848898410797119,0.4465000033378601,0.6377425193786621,0.7438960671424866,0.7596437036991119,0.6377425193786621,0.4288897617852746,0.886889760241364,0.28563349219227946,0.18682483557005203,0.4269504895258682
1450,48.333333333333336,60.82822180455746,157.22034200371507,0.3789743185043335,0.4155903020755267,4.527719160389296,0.3789743185043335,0.3675033450126648,0.3789743185043335,0.44703319668769836,0.6370728313922882,0.7426680326461792,0.7683033347129822,0.6370728313922882,0.42929999537124974,0.888194144675226,0.29001891138179403,0.2005607979484542,0.42494023899541294
1451,48.36666666666667,67.62578898726997,159.7349345778499,0.3671874403953552,0.39162252496377936,4.058950831192732,0.3671874403953552,0.36767929792404175,0.36767929792404175,0.44801485538482666,0.6364763975143433,0.743770956993103,0.7766146957874298,0.6364763975143433,0.4219993042165874,0.8870368572798643,0.2957766249600877,0.2208309019313266,0.4644318151950817
1452,48.4,62.81655087702202,159.39267443303834,0.3722778558731079,0.38422124209007114,5.273989686524146,0.3722778558731079,0.3697110414505005,0.3722778558731079,0.4490967094898224,0.6352999210357666,0.7417136132717133,0.783469557762146,0.6352999210357666,0.41706621145702627,0.8856000909299562,0.3133018117066844,0.2530022675181722,0.4429713817176832
1453,48.43333333333333,60.612132197188515,142.0637534729155,0.37410271167755127,0.39216434401004097,4.760823010167314,0.37410271167755127,0.36995142698287964,0.37410271167755127,0.4500046670436859,0.6345136761665344,0.739759087562561,0.7922800779342651,0.6345136761665344,0.3128259880376557,0.8805940268617688,0.3594883324341786,0.3104886574570014,0.444580567492412
1454,48.46666666666667,62.26396851069478,127.32905517993291,0.3772607445716858,0.38242694929854987,5.618368956447512,0.3772607445716858,0.37204015254974365,0.3772607445716858,0.45087912678718567,0.6331420838832855,0.7386471629142761,0.8015271127223969,0.6331420838832855,0.25239335149802966,0.8755922416845957,0.38555843728183326,0.37280833119341383,0.4615784673550765
1455,48.5,60.45999164064938,106.44271161989823,0.3787442445755005,0.3625260604655611,6.330689451590388,0.3787442445755005,0.3742005228996277,0.3787442445755005,0.4515621066093445,0.6308676600456238,0.7392825186252594,0.8196515142917633,0.6308676600456238,0.21579109853736714,0.8745516118678179,0.47775672496097626,0.46791323860024403,0.4558888424480521
1456,48.53333333333333,54.38294527338801,74.36246208951592,0.3804172873497009,0.35699977993179377,5.075067274654884,0.3804172873497009,0.3761443495750427,0.3804172873497009,0.45220884680747986,0.6298714876174927,0.740995854139328,0.8383443355560303,0.6298714876174927,0.13247060506441494,0.8741511029727531,0.5312896884778323,0.4883917290137205,0.4221274737410445
1457,48.56666666666667,54.424246955055985,109.3424984812679,0.3875986337661743,0.3712333092850958,5.614531548217656,0.3875986337661743,0.3785572648048401,0.3875986337661743,0.4531308114528656,0.629371166229248,0.7425642311573029,0.8611447513103485,0.629371166229248,0.23543510940541984,0.8711248622699217,0.5364481177959805,0.49246236706911867,0.4223569275280888
1458,48.6,52.691533007989406,155.9567884982648,0.40067166090011597,0.3806283468846821,6.803502649096117,0.40067166090011597,0.3818383812904358,0.40067166090011597,0.45361796021461487,0.6296215951442719,0.743490993976593,0.8734008073806763,0.6296215951442719,0.2873539366001012,0.8717727259253011,0.5050604671037369,0.4578480838066716,0.4127307389332745
1459,48.63333333333333,50.02042335657184,143.4139420357897,0.4042068123817444,0.36975992463003227,6.671740104589389,0.4042068123817444,0.38435524702072144,0.4042068123817444,0.4535472095012665,0.6297173202037811,0.7433817684650421,0.8834269940853119,0.6297173202037811,0.23740406031544434,0.8739694569146994,0.46686602926498155,0.39122769232349497,0.39789124086984357
1460,48.666666666666664,47.93478455123626,162.8547497344489,0.4007951021194458,0.3731826977366631,6.701901036286472,0.4007951021194458,0.3851184844970703,0.4007951021194458,0.4538196921348572,0.6298848688602448,0.7439312934875488,0.895923376083374,0.6298848688602448,0.2966770157564961,0.8744924506454756,0.35653551564367075,0.26417991988791156,0.3732650133110805
1461,48.7,52.91149093006411,157.87158695473104,0.39100635051727295,0.38632388844315174,6.511668836142235,0.39100635051727295,0.383614182472229,0.39100635051727295,0.4538838863372803,0.6300175786018372,0.7446997463703156,0.903538167476654,0.6300175786018372,0.2838201497767143,0.8733694106340408,0.2591169223917635,0.1937861819710618,0.3716878041067741
1462,48.733333333333334,55.18166448216933,152.4265113563629,0.38571906089782715,0.3735239762499352,3.547739890423827,0.38571906089782715,0.3828548192977905,0.38571906089782715,0.45389631390571594,0.6295839250087738,0.7450876832008362,0.9019655883312225,0.6295839250087738,0.28606835649551476,0.8732655716664863,0.20973134008217217,0.14603212774989136,0.3694842047033702
1463,48.766666666666666,55.59307721615604,146.7342279574484,0.38411831855773926,0.36456296666587423,2.9507119775885258,0.38411831855773926,0.3817213177680969,0.38411831855773926,0.45385196805000305,0.6295060217380524,0.7439551055431366,0.902486115694046,0.6295060217380524,0.3225687313370306,0.8720470341769132,0.13490843902545144,0.0797395821233418,0.3493229606862801
1464,48.8,55.540108927610696,147.832853649368,0.3828943371772766,0.35524062190212347,3.280335891527102,0.3828943371772766,0.3813914656639099,0.3828943371772766,0.45423805713653564,0.6296160519123077,0.7426397502422333,0.9045508205890656,0.6296160519123077,0.3299888903680937,0.8706605660192894,0.08587016632732905,0.06485913009207832,0.33431721060714703
1465,48.833333333333336,53.30892508709631,100.26057249220644,0.38324689865112305,0.3466216273218226,3.9570648078874626,0.38324689865112305,0.3823612332344055,0.38324689865112305,0.45493510365486145,0.6282055079936981,0.7392425537109375,0.904220312833786,0.6282055079936981,0.18505389581203627,0.8691098721641483,0.06208749508534846,0.07156100871912115,0.3147869434539174
1466,48.86666666666667,58.128983775039956,119.3321243791834,0.38523316383361816,0.35938183809144697,13.858053807076658,0.38523316383361816,0.3827846050262451,0.38523316383361816,0.4563915729522705,0.6246784627437592,0.734495609998703,0.9079535603523254,0.6246784627437592,0.24187633602724345,0.8690709002090223,0.10158892677698324,0.11403258557677436,0.3534154767833169
1467,48.9,60.98217728009754,118.27994949007744,0.38561737537384033,0.3705215663685695,8.151230190605645,0.38561737537384033,0.3826930522918701,0.38561737537384033,0.4578167498111725,0.6223783493041992,0.7285766899585724,0.9064494371414185,0.6223783493041992,0.3106822233789656,0.8691572930776712,0.09807292039787135,0.11107420189422632,0.3682117498976811
1468,48.93333333333333,70.1315016988012,130.51552820727082,0.3813709616661072,0.3947666212034791,77.47283162715456,0.3813709616661072,0.3824986219406128,0.3824986219406128,0.45899394154548645,0.6196348965167999,0.7286461591720581,0.9135422706604004,0.6196348965167999,0.363798995445824,0.8700481874473167,0.11643681058893121,0.1139465464689417,0.42455049705890824
1469,48.96666666666667,68.93056598754231,131.479241115986,0.3822724223136902,0.405848405446719,7.797265304308382,0.3822724223136902,0.38236361742019653,0.38236361742019653,0.45969703793525696,0.6196561753749847,0.7312941551208496,0.91511669754982,0.6196561753749847,0.2830200808565604,0.8702156168944908,0.14366681272082302,0.11698342026904926,0.4260476326359264
1470,49.0,65.66594826889346,142.51860411961988,0.3852997422218323,0.4181184277011636,7.778740821030738,0.3852997422218323,0.38493263721466064,0.3852997422218323,0.4612850844860077,0.6202223598957062,0.7355815172195435,0.916959136724472,0.6202223598957062,0.29937018333767546,0.8743818113298127,0.1864824941371293,0.1460194867396119,0.4207555719572136
1471,49.03333333333333,63.99383711955255,116.23601818486313,0.3920644521713257,0.4308247483369467,6.99962723213406,0.3920644521713257,0.38846176862716675,0.3920644521713257,0.4622182548046112,0.6193669140338898,0.7315318286418915,0.9225359261035919,0.6193669140338898,0.23548064368151,0.8794422303185319,0.17951020324005387,0.143183181646894,0.40937437830286366
1472,49.06666666666667,63.356953708229874,122.52570742513747,0.39634931087493896,0.3817415352898478,5.922338368593074,0.39634931087493896,0.3875594735145569,0.39634931087493896,0.4630814492702484,0.6187005937099457,0.7330108284950256,0.9300942122936249,0.6187005937099457,0.22111550160371138,0.883310291351694,0.22651531107905745,0.19078599705513485,0.41993766948054984
1473,49.1,57.47283409674439,109.46209734444753,0.39696764945983887,0.35250723298615394,5.70002200989552,0.39696764945983887,0.3869481682777405,0.39696764945983887,0.463652640581131,0.617821455001831,0.7333183586597443,0.9371720254421234,0.617821455001831,0.22369324414537264,0.8893715883746292,0.27352297904487655,0.24598341997903203,0.40135041647315406
1474,49.13333333333333,58.041507983354094,136.11162777341406,0.39862143993377686,0.39161445573318476,5.365234406302051,0.39862143993377686,0.3882748484611511,0.39862143993377686,0.4640248715877533,0.6180498600006104,0.7356357574462891,0.9466776549816132,0.6180498600006104,0.3127496150889736,0.8938907258438341,0.2650906405673982,0.26227800701007953,0.40198001429996444
1475,49.166666666666664,64.00818909825159,134.85249329483636,0.4013822078704834,0.3944269493744698,5.804756206902084,0.4013822078704834,0.3766171932220459,0.4013822078704834,0.46362021565437317,0.6194506883621216,0.7417937517166138,0.957716166973114,0.6194506883621216,0.37413577944113463,0.8939489478414709,0.2361501116797556,0.24344952075198098,0.42644608404976886
1476,49.2,76.08582005026035,149.37214418243997,0.40236932039260864,0.39339593310915566,10.174677078409331,0.40236932039260864,0.3804120421409607,0.40236932039260864,0.4619597792625427,0.6235289573669434,0.7450151741504669,0.9650113880634308,0.6235289573669434,0.3513357791023248,0.8916455380844347,0.21660580665708995,0.23334022234686422,0.48768074227635116
1477,49.233333333333334,123.14092058545032,161.35096568877574,0.404479444026947,0.7164548283968414,12.153696571746195,0.404479444026947,0.4346780776977539,0.4346780776977539,0.46113571524620056,0.626580685377121,0.7461141347885132,0.9682494699954987,0.626580685377121,0.36729532264560055,0.8870011062333079,0.16458816424636824,0.1777952399825261,0.7334926747486344
1478,49.266666666666666,86.90422448237503,150.30714801611884,0.4049971103668213,0.553834213511912,12.183860335364216,0.4049971103668213,0.44198673963546753,0.44198673963546753,0.46091029047966003,0.622689813375473,0.7437842190265656,0.9720618724822998,0.622689813375473,0.3617967467163402,0.8887113639802644,0.13490571892974443,0.14973857640965263,0.5232729628032291
1479,49.3,75.55245394806356,145.17491683462436,0.405967116355896,0.6092911834194883,12.649585644355398,0.405967116355896,0.4457293152809143,0.4457293152809143,0.46052876114845276,0.6224758625030518,0.7388478219509125,0.9721928834915161,0.6224758625030518,0.30027670860153416,0.8913552661736807,0.15750743502842593,0.16638559749368526,0.46698808577554757
1480,49.333333333333336,78.21318676224945,149.41423818290494,0.4066798686981201,0.4409409977175095,13.236651164794011,0.4066798686981201,0.3949928879737854,0.4066798686981201,0.4594630300998688,0.623347133398056,0.7342970669269562,0.9658010601997375,0.623347133398056,0.24849306237527063,0.8852514732967723,0.2072226628714248,0.2187257660907563,0.4966845030961466
1481,49.36666666666667,108.59090494754457,159.46934312441456,0.40593665838241577,0.589834755207141,11.486276787802353,0.40593665838241577,0.40484869480133057,0.40593665838241577,0.45928725600242615,0.6225513815879822,0.7275672554969788,0.9546972513198853,0.6225513815879822,0.4041219900027953,0.8851652208602789,0.24883024166295473,0.25156315317909933,0.6779318777630229
1482,49.4,59.8453646366472,139.6614292615877,0.4050644636154175,0.40791011816240147,6.487377835573852,0.4050644636154175,0.3840246796607971,0.4050644636154175,0.4593355357646942,0.6173896789550781,0.7251993417739868,0.9425777792930603,0.6173896789550781,0.30800752425191386,0.8890023059917219,0.2993501578925055,0.30590231294641856,0.42227929534912495
1483,49.43333333333333,52.80727371544206,148.4979198668792,0.4043208956718445,0.3896332493324844,4.948511277516559,0.4043208956718445,0.3828160762786865,0.4043208956718445,0.4598079323768616,0.6155047714710236,0.7212862372398376,0.9318214654922485,0.6155047714710236,0.4214386141744532,0.8921991613778201,0.32337024913474327,0.3220201986892833,0.39038481760398996
1484,49.46666666666667,51.99843396588712,148.71160984075377,0.4029863476753235,0.3761165357994233,3.4473027154903093,0.4029863476753235,0.38287973403930664,0.4029863476753235,0.4600507915019989,0.615237683057785,0.7186903655529022,0.9225178956985474,0.615237683057785,0.35864455352523356,0.8937476728901719,0.305628339389583,0.3023151819385827,0.3805686905162478
1485,49.5,54.29344890016224,147.29240274470854,0.3979354500770569,0.3795128944696644,3.1942637197488466,0.3979354500770569,0.3844916820526123,0.3979354500770569,0.46033671498298645,0.615578293800354,0.7152951955795288,0.9133870005607605,0.615578293800354,0.36919204023467883,0.8941368695461389,0.25390144662961495,0.2443523186268277,0.3778007056564525
1486,49.53333333333333,60.81428238330807,152.92974972397357,0.3956582546234131,0.37910420281022855,4.1681274304960425,0.3956582546234131,0.3845706582069397,0.3956582546234131,0.4613550901412964,0.615627110004425,0.7113869190216064,0.9055390357971191,0.615627110004425,0.36442458531525823,0.891421405654965,0.3964308188451237,0.2187817469667404,0.4567863700052486
1487,49.56666666666667,64.44894236065772,150.64903798638065,0.39622026681900024,0.3661281091906637,5.033166863640986,0.39622026681900024,0.38970690965652466,0.39622026681900024,0.4628778398036957,0.615186333656311,0.7109262943267822,0.9020543992519379,0.615186333656311,0.3284592920152487,0.886627073540832,0.37293327865137377,0.1862899600367421,0.46992966337684394
1488,49.6,67.46900189157505,131.48952133929708,0.43017494678497314,0.4166821374551217,2.451710655222655,0.43017494678497314,0.3904007077217102,0.43017494678497314,0.46440351009368896,0.6130746304988861,0.7098702788352966,0.8957396745681763,0.6130746304988861,0.257775450642492,0.878282062032006,0.37240628351546945,0.14114285381935385,0.48654967334116883
1489,49.63333333333333,45.60137858631909,105.15286432423976,0.4347391128540039,0.37787029864560195,1.6744222783802911,0.4347391128540039,0.3908155560493469,0.4347391128540039,0.46526283025741577,0.6106411516666412,0.7109038829803467,0.8927021324634552,0.6106411516666412,0.24142026087006388,0.8731116056442261,0.4004156645360445,0.11297881337297173,0.3733409921462172
1490,49.666666666666664,48.22831372922532,94.48406543288354,0.4244552254676819,0.32217780010978225,1.9238541936616684,0.4244552254676819,0.3909851908683777,0.4244552254676819,0.46570920944213867,0.6095010936260223,0.7097024023532867,0.8915614485740662,0.6095010936260223,0.18433884405161513,0.8693912778839921,0.4124531288526262,0.10605640223777234,0.387935076273474
1491,49.7,67.31788275509547,95.54858397501607,0.4119967818260193,0.32208209430594537,3.363893956572383,0.4119967818260193,0.3928976058959961,0.4119967818260193,0.4662516713142395,0.6100471913814545,0.7097886502742767,0.8884549736976624,0.6100471913814545,0.16946326928070404,0.8643987156224974,0.2238657398222974,0.08455458400698444,0.4411479594749974
1492,49.733333333333334,67.58094405628418,102.76428239531415,0.40694862604141235,0.29767602610318206,4.715585429280736,0.40694862604141235,0.39601826667785645,0.40694862604141235,0.46642830967903137,0.6094140410423279,0.7110399901866913,0.8861828744411469,0.6094140410423279,0.1723222075559715,0.8617258821472977,0.21023919615425773,0.0799426261432724,0.4385214480478561
1493,49.766666666666666,62.870861249316164,105.98348010717005,0.40745800733566284,0.30300400791298615,5.586061265917351,0.40745800733566284,0.3998990058898926,0.40745800733566284,0.4664413630962372,0.6091514825820923,0.7149751484394073,0.8831192851066589,0.6091514825820923,0.11401161628381348,0.8608572194070527,0.16276763600616478,0.08489681529091667,0.39811285329805035
1494,49.8,59.84490197921262,118.05442451054417,0.40661537647247314,0.28312453273356425,5.179644543375844,0.40661537647247314,0.40095818042755127,0.40661537647247314,0.4664662480354309,0.6095420122146606,0.7172494232654572,0.8800203502178192,0.6095420122146606,0.15956714598143265,0.8581651602730607,0.11840975819971518,0.09735302293570393,0.3679946051222069
1495,49.833333333333336,58.282698499531854,128.2549227687717,0.40671759843826294,0.2407449440668532,6.2541884124728995,0.40671759843826294,0.40335625410079956,0.40671759843826294,0.4666977524757385,0.6097063422203064,0.7198839783668518,0.8775874674320221,0.6097063422203064,0.1657443096383833,0.853715028275143,0.11200101355293544,0.10868404018987651,0.3573930735077243
1496,49.86666666666667,60.910058406771164,150.62913948264773,0.4046068787574768,0.28102403649460794,7.373337155945819,0.4046068787574768,0.4048982262611389,0.4048982262611389,0.4666634500026703,0.6111694276332855,0.7191415131092072,0.8725661337375641,0.6111694276332855,0.17728574827394816,0.8507787946498755,0.14630570633298756,0.14317689323628985,0.38228092527084717
1497,49.9,62.179442797069576,160.47193962309188,0.40320879220962524,0.27608095396574556,6.935061276306669,0.40320879220962524,0.4056350588798523,0.4056350588798523,0.4663565158843994,0.6113482713699341,0.7189605534076691,0.8683227300643921,0.6113482713699341,0.19102303944948273,0.8482613947355386,0.16348354950445068,0.16207763107391449,0.39448641372394394
1498,49.93333333333333,63.95010243723847,155.00208750632768,0.40359652042388916,0.2681744691668421,5.222281668873052,0.40359652042388916,0.40783119201660156,0.40783119201660156,0.46622857451438904,0.6117479205131531,0.7196922898292542,0.8595081567764282,0.6117479205131531,0.20388537773875864,0.8473005299315308,0.20949163031367105,0.207860893725049,0.41812583596764835
1499,49.96666666666667,57.80708007917493,141.18953000442514,0.4038141965866089,0.271182593719606,3.4138507712799537,0.4038141965866089,0.4073600769042969,0.4073600769042969,0.4660002887248993,0.6133310794830322,0.7202112674713135,0.8534376323223114,0.6133310794830322,0.16491674557172195,0.8469415383808541,0.23177865789712268,0.23146560678037223,0.390684042253442
1500,50.0,52.11906263805624,122.92725811216216,0.4029540419578552,0.2209783425131861,2.304664617883873,0.4029540419578552,0.4064972400665283,0.4064972400665283,0.4658700227737427,0.6135603189468384,0.7193121612071991,0.8433712720870972,0.6135603189468384,0.15636495950864043,0.8463171855969862,0.23668211797133965,0.23856058284312842,0.3605549833806032
1501,50.03333333333333,54.78228031043428,131.37691834303507,0.4031006693840027,0.21726696972811163,4.460151439691344,0.4031006693840027,0.40601646900177,0.40601646900177,0.4648967385292053,0.6132891476154327,0.7180293202400208,0.8342110216617584,0.6132891476154327,0.16594969983164953,0.8458552956581116,0.22655364662317537,0.22301671534517328,0.3723120957115875
1502,50.06666666666667,66.71713078024925,129.74016960681988,0.40318042039871216,0.18055935734450929,4.364270244576119,0.40318042039871216,0.40654587745666504,0.40654587745666504,0.46503984928131104,0.612041711807251,0.7201419472694397,0.8289265930652618,0.612041711807251,0.17986111330267832,0.84571398749496,0.2313048021633692,0.22246916074299505,0.440042167205951
1503,50.1,60.23909257752063,136.79744172350365,0.4068261384963989,0.28255999171524465,5.576774366881978,0.4068261384963989,0.40724825859069824,0.40724825859069824,0.46520259976387024,0.6109313666820526,0.7149147689342499,0.8227933049201965,0.6109313666820526,0.16665208466485978,0.8446395740364537,0.20224379900919748,0.19029920930465086,0.3953347651334294
1504,50.13333333333333,59.37736788647212,131.70588158388065,0.40372276306152344,0.274717129070104,5.127290419320502,0.40372276306152344,0.4067509174346924,0.4067509174346924,0.4652043879032135,0.6100911200046539,0.7126737833023071,0.8166683614253998,0.6100911200046539,0.17707709530959975,0.8435235664700017,0.18931856552904136,0.17759918814380793,0.3866698356946686
1505,50.166666666666664,64.73243446553681,158.41866427725938,0.4007362127304077,0.33250405697696384,9.73495112037449,0.4007362127304077,0.4046482443809509,0.4046482443809509,0.46552738547325134,0.6082430183887482,0.7093330025672913,0.8123390078544617,0.6082430183887482,0.2023079055347983,0.839924598733584,0.25373489557469503,0.23437904081807232,0.43574510459205745
1506,50.2,62.97455746853099,149.00636748434457,0.4009755849838257,0.3150981406909809,7.38634371618366,0.4009755849838257,0.4057753086090088,0.4057753086090088,0.4665648937225342,0.6074526011943817,0.7112551927566528,0.8053358793258667,0.6074526011943817,0.1694170445387025,0.8383606080756043,0.30241303422545907,0.29066757662133785,0.44058256287058767
1507,50.233333333333334,59.05366793484352,156.57598314684145,0.4068858027458191,0.35136572057454996,12.742973960184145,0.4068858027458191,0.4125984311103821,0.4125984311103821,0.46750572323799133,0.6076897084712982,0.7156331539154053,0.7904447913169861,0.6076897084712982,0.18854183742860378,0.8362378805424228,0.3743043896467108,0.3553727391676407,0.4403672498653661
1508,50.266666666666666,56.98464332179475,154.88682051063483,0.4058799743652344,0.33379994705951227,17.33088883795176,0.4058799743652344,0.4138471484184265,0.4138471484184265,0.4673823416233063,0.6111994981765747,0.7183114290237427,0.7752299606800079,0.6111994981765747,0.17909840848080832,0.8325799631349968,0.4080360647470773,0.3892878702051481,0.4365813517877486
1509,50.3,68.41448495388826,150.84805530589847,0.414090096950531,0.3527381171195297,12.758991717126833,0.414090096950531,0.41677147150039673,0.41677147150039673,0.46688205003738403,0.6113200485706329,0.7182917892932892,0.758263885974884,0.6113200485706329,0.17373453515260387,0.8342235580538259,0.45777909658610527,0.3942257843890982,0.5000804719660459
1510,50.333333333333336,58.46690533922901,157.73231560085924,0.4184240698814392,0.33035541112531047,16.84308623068671,0.4184240698814392,0.421137273311615,0.421137273311615,0.4665951430797577,0.6140954196453094,0.7286671102046967,0.7482827305793762,0.6140954196453094,0.20510423433946443,0.8313328081911261,0.3828609490281423,0.3214757990387819,0.43967442548193714
1511,50.36666666666667,102.39343384202019,165.3255528213191,0.43166422843933105,0.20762261110979802,9.273882637032102,0.43166422843933105,0.423519492149353,0.43166422843933105,0.4661002457141876,0.6158919334411621,0.7332939207553864,0.7406199276447296,0.6158919334411621,0.42880678859266863,0.8322419451944756,0.3041084882353836,0.2460849497123222,0.6600849567040605
1512,50.4,101.82230354051046,171.67434501712893,0.4341220259666443,0.23158983841328604,7.667801638621654,0.4341220259666443,0.4269394278526306,0.4341220259666443,0.4660324454307556,0.6169911026954651,0.7349948585033417,0.7380795478820801,0.6169911026954651,0.4007151862676181,0.8343771260344621,0.2140289267794939,0.16196069644907063,0.6298881421477951
1513,50.43333333333333,116.08565217754801,170.63459437416515,0.43397051095962524,0.13472475324178645,6.365878460743488,0.43397051095962524,0.42656469345092773,0.43397051095962524,0.4659450948238373,0.6191855072975159,0.7387161254882812,0.7359623312950134,0.6191855072975159,0.4340531581840084,0.8340079522494114,0.1899147953018499,0.12672478045754368,0.7018947284658217
1514,50.46666666666667,119.66307871689364,168.64332388019085,0.4374745488166809,0.15253958477554172,4.1234791509132265,0.4374745488166809,0.42906421422958374,0.4374745488166809,0.46556606888771057,0.6216853857040405,0.740110844373703,0.7344040274620056,0.6216853857040405,0.45304068911485357,0.8336135433478788,0.11326468180810886,0.08628319687775356,0.6987742863029528
1515,50.5,108.28460775989254,167.47607804601077,0.43221092224121094,0.21894373392554173,4.316803010791091,0.43221092224121094,0.4287716746330261,0.43221092224121094,0.46497732400894165,0.6225497424602509,0.740199863910675,0.7300008833408356,0.6225497424602509,0.4173032907488882,0.8334790660124837,0.1516683591951311,0.09272348703350507,0.6470816619801645
1516,50.53333333333333,94.8783767917562,165.70783195273853,0.42976897954940796,0.2670204129900454,5.661397766844175,0.42976897954940796,0.4301493763923645,0.4301493763923645,0.46485739946365356,0.6216134428977966,0.7441061735153198,0.7306340932846069,0.6216134428977966,0.42092316905154487,0.8364296794840784,0.17542281840950474,0.1108641545144017,0.5797289388103859
1517,50.56666666666667,60.14386556056817,163.2672800362313,0.4205625057220459,0.365360256004084,7.380534355788768,0.4205625057220459,0.4284271001815796,0.4284271001815796,0.46370571851730347,0.6225102245807648,0.7456358075141907,0.7268988788127899,0.6225102245807648,0.5473177515417293,0.8371070772409439,0.19380570911218267,0.12412067998808216,0.3922742991812558
1518,50.6,80.8090778658816,160.1653038544275,0.4209880828857422,0.28246053511181574,6.24703090166085,0.4209880828857422,0.4275835156440735,0.4275835156440735,0.463366836309433,0.6222423613071442,0.7461962103843689,0.7208320796489716,0.6222423613071442,0.49658043914409905,0.8412719396027651,0.1724304369406786,0.11688555093254677,0.5006684525593236
1519,50.63333333333333,75.02747645804939,157.01573410545538,0.4163513779640198,0.20544595358190584,2.460554809409672,0.4163513779640198,0.4239749312400818,0.4239749312400818,0.46221137046813965,0.6229371726512909,0.7472210228443146,0.7157239019870758,0.6229371726512909,0.31200925666446483,0.8427127559076656,0.16057834243017277,0.1142719588216745,0.4649928163848818
1520,50.666666666666664,124.2617726940678,153.94684175363247,0.41673070192337036,0.13689889538784059,2.8792935505435935,0.41673070192337036,0.419325590133667,0.419325590133667,0.46180611848831177,0.622790515422821,0.7485837936401367,0.712445855140686,0.622790515422821,0.3217556411664174,0.8473101922056891,0.15764235298361723,0.09617896404358055,0.7376358875287952
1521,50.7,109.70923419085376,154.4852378543604,0.4172658324241638,0.21434586102696343,4.252629943899365,0.4172658324241638,0.4149532914161682,0.4172658324241638,0.46134138107299805,0.6234756410121918,0.7480111420154572,0.7123308181762695,0.6234756410121918,0.4536626652441331,0.8520625057545576,0.14066965186768257,0.077829232791694,0.651696641065048
1522,50.733333333333334,92.83282000658518,157.0068783227957,0.4078352451324463,0.2606915390736175,4.471505277675533,0.4078352451324463,0.40862613916397095,0.40862613916397095,0.4601597785949707,0.6241008937358856,0.746222585439682,0.7128703594207764,0.6241008937358856,0.49413943314641323,0.8559067407340715,0.11967277510389927,0.05749106191940929,0.551639721456643
1523,50.766666666666666,76.97757493860067,157.75796252901404,0.4046308994293213,0.3059671475645321,8.659403911962045,0.4046308994293213,0.4056922197341919,0.4056922197341919,0.45882943272590637,0.6270628273487091,0.7458160519599915,0.7134304344654083,0.6270628273487091,0.48085357495144615,0.8584256533420447,0.11487087544674476,0.04991370419021876,0.46211445673736046
1524,50.8,84.53020593388871,157.35585630092524,0.4080301523208618,0.3226667064266679,10.129403033399058,0.4080301523208618,0.40674662590026855,0.4080301523208618,0.4574523866176605,0.6288283467292786,0.7451983988285065,0.7134291231632233,0.6288283467292786,0.4836593445803791,0.8615319972688501,0.14321845649647813,0.04834401112281223,0.512577792137214
1525,50.833333333333336,91.43323693823955,154.93267161637903,0.40953028202056885,0.2446424772995401,8.587145717122098,0.40953028202056885,0.4064255356788635,0.40953028202056885,0.45690906047821045,0.6291048228740692,0.7434048056602478,0.7114297151565552,0.6291048228740692,0.4433500442336141,0.8625414150230812,0.09487137303743223,0.05142197666616089,0.5364238393458938
1526,50.86666666666667,60.286693824396075,148.80362599263506,0.40427058935165405,0.3684463332804571,9.231568781265878,0.40427058935165405,0.4050600528717041,0.4050600528717041,0.4564703106880188,0.6293466091156006,0.7434424161911011,0.7117890417575836,0.6293466091156006,0.435531987531524,0.8631669779618582,0.12922382803973234,0.04976671478872672,0.37369322521412013
1527,50.9,66.61414012637366,146.6840713712954,0.4038897752761841,0.39263240939576227,11.276419247092463,0.4038897752761841,0.40147167444229126,0.4038897752761841,0.4565613269805908,0.6292438507080078,0.7438786327838898,0.710454136133194,0.6292438507080078,0.39251688143979074,0.8585576731147189,0.13119383141036953,0.04220760630090446,0.40943670568074225
1528,50.93333333333333,59.879503664516655,105.14011688397292,0.3950929045677185,0.3962367987110404,10.385926683015214,0.3950929045677185,0.39802253246307373,0.39802253246307373,0.4551744759082794,0.6313112378120422,0.7485805153846741,0.7086581587791443,0.6313112378120422,0.3128834408903015,0.8568639529473854,0.12197640611751073,0.03596337248629959,0.36925683108256796
1529,50.96666666666667,59.532310879231964,120.715483151154,0.39138978719711304,0.38835897279350184,11.15622684051516,0.39138978719711304,0.3942016363143921,0.3942016363143921,0.45441147685050964,0.631583034992218,0.7519257366657257,0.7082317471504211,0.631583034992218,0.2534034646978361,0.8575699749318036,0.11986854573693771,0.062684025801561,0.3666956241612589
1530,51.0,57.15695995626144,114.31898984664677,0.39153826236724854,0.39581707849093883,10.116025386049387,0.39153826236724854,0.3899679183959961,0.39153826236724854,0.4543841779232025,0.6313596069812775,0.754305362701416,0.7091836035251617,0.6313596069812775,0.20054866202377128,0.8586327176202427,0.19820762136794434,0.14232567474820096,0.377000952834058
1531,51.03333333333333,49.91012463304508,130.41447541953505,0.389898419380188,0.40163196623763026,12.353826864034659,0.389898419380188,0.3872968554496765,0.389898419380188,0.4542733132839203,0.6328940987586975,0.7564263939857483,0.7138229608535767,0.6328940987586975,0.262807507303016,0.8559993735768578,0.21062782616542172,0.19193376242730636,0.3404668180332103
1532,51.06666666666667,59.81884988059773,173.18554873730778,0.3890952467918396,0.410785568426668,171.6138285533509,0.3890952467918396,0.3781583905220032,0.3890952467918396,0.4524235129356384,0.635243684053421,0.7600712180137634,0.7282452881336212,0.635243684053421,0.3636950271969898,0.8577231588688764,0.24432671715733495,0.2414355478402119,0.405624958928299
1533,51.1,76.35135052760808,176.02454783785475,0.39049649238586426,0.4181247777394845,153.37462956297804,0.39049649238586426,0.3713884949684143,0.39049649238586426,0.45145750045776367,0.6362641751766205,0.7590147256851196,0.7392044365406036,0.6362641751766205,0.400214978564344,0.860289887045369,0.33159729316203,0.2522884653445553,0.5236533575464317
1534,51.13333333333333,72.39129291316483,178.33745383383857,0.38720130920410156,0.40402388373636383,12.544551751717876,0.38720130920410156,0.3630598187446594,0.38720130920410156,0.4503333866596222,0.6367262899875641,0.7593196928501129,0.7479481995105743,0.6367262899875641,0.3648560671244561,0.8617260054205403,0.39390870986849263,0.23657492446742362,0.5203464624781302
1535,51.166666666666664,55.732021122381774,171.6473731530541,0.4024662971496582,0.39568420535181187,133.74653572079302,0.4024662971496582,0.36502212285995483,0.4024662971496582,0.45014268159866333,0.6372480988502502,0.7583855092525482,0.7452109456062317,0.6372480988502502,0.3587386629069993,0.860299568736192,0.33642359393247423,0.16933363980874516,0.41054941774852993
1536,51.2,63.79835402263802,162.43514131007035,0.41770046949386597,0.3049227321443776,13.655225426455672,0.41770046949386597,0.362679660320282,0.41770046949386597,0.4490782916545868,0.638966292142868,0.7574248313903809,0.7466907799243927,0.638966292142868,0.2799473549465269,0.8605414936036775,0.3242824386499755,0.147607199535515,0.4517200317207595
1537,51.233333333333334,69.66133628469181,162.64407741674194,0.4214557409286499,0.3551350620637646,17.899010678422655,0.4214557409286499,0.3623262643814087,0.4214557409286499,0.4492108225822449,0.6403957307338715,0.7568460404872894,0.7435997128486633,0.6403957307338715,0.30837215695024334,0.8609547664721807,0.4566990046171164,0.11745222862875516,0.5070074238038433
1538,51.266666666666666,56.5750712363966,160.7845913150349,0.41622066497802734,0.35425737546314034,9.220498678095396,0.41622066497802734,0.3657039999961853,0.41622066497802734,0.44941872358322144,0.6396860480308533,0.754863828420639,0.7362484037876129,0.6396860480308533,0.31124869434003943,0.8614947068871874,0.40326737086807474,0.11873815055808691,0.43430595131331445
1539,51.3,57.52088889091584,166.7745862421473,0.38502806425094604,0.362501202904323,8.343448569018278,0.38502806425094604,0.36761677265167236,0.38502806425094604,0.44962161779403687,0.6393953561782837,0.7529461085796356,0.7325296103954315,0.6393953561782837,0.3463973953857001,0.8614240564180143,0.4072155725482454,0.12511645330864057,0.43956049383842133
1540,51.333333333333336,51.15984249804452,168.57358516917907,0.39091914892196655,0.39310305578670623,7.610793130019374,0.39091914892196655,0.36820703744888306,0.39091914892196655,0.44979989528656006,0.6390667855739594,0.7521750330924988,0.7295467853546143,0.6390667855739594,0.35621992674015374,0.8604599928314035,0.5231911564857062,0.11969437238539785,0.40422134721135844
1541,51.36666666666667,63.66294933126668,169.65791166746934,0.37526077032089233,0.38240556445281715,7.5188210252022145,0.37526077032089233,0.3687208294868469,0.37526077032089233,0.4501129686832428,0.6378702521324158,0.7512145936489105,0.7264384627342224,0.6378702521324158,0.39832166253376705,0.8580279756676067,0.6986810707758038,0.08716989483682751,0.47368305184037046
1542,51.4,48.26348674784259,168.92425945574678,0.399341881275177,0.462782814980749,5.533191462379364,0.399341881275177,0.36914169788360596,0.399341881275177,0.450204074382782,0.6369461119174957,0.7490437626838684,0.7241134941577911,0.6369461119174957,0.40773440864276733,0.8581575439734892,0.5463288118993633,0.07449938974980169,0.38813048193245886
1543,51.43333333333333,99.45972315226724,169.5289602966165,0.43760472536087036,0.5726463639486905,4.805498252396319,0.43760472536087036,0.3723927140235901,0.43760472536087036,0.45056191086769104,0.635193794965744,0.7470381259918213,0.7232249081134796,0.635193794965744,0.39574127386934954,0.8607584445765524,0.5254717291452738,0.07444259198277313,0.6725540175125958
1544,51.46666666666667,91.7494377359248,165.04370302126762,0.4435325264930725,0.5673697773165192,5.013237339031889,0.4435325264930725,0.3741059899330139,0.4435325264930725,0.451225608587265,0.6339690089225769,0.7451935410499573,0.722167044878006,0.6339690089225769,0.34668998192614375,0.8656976656480269,0.6453603588979697,0.06283895693309136,0.6297190985329155
1545,51.5,113.96419426835278,159.8984059276874,0.44448864459991455,0.6167128447251927,5.7920690580504015,0.44448864459991455,0.3757537007331848,0.44448864459991455,0.45143380761146545,0.6336784064769745,0.744785726070404,0.7191897928714752,0.6336784064769745,0.32618886641935885,0.8684434646909888,0.6345066624622273,0.05742002792614558,0.7531344126019599
1546,51.53333333333333,33.859838101250105,147.52214339991775,0.4085524082183838,0.42016003474699876,4.140980138609507,0.4085524082183838,0.37803661823272705,0.4085524082183838,0.45160773396492004,0.6325401067733765,0.7442282438278198,0.7183803915977478,0.6325401067733765,0.30836837130100364,0.8661723150448366,0.9625128285883421,0.5633398670983017,0.3081102116736117
1547,51.56666666666667,51.84417717573654,144.9628045865357,0.3861788511276245,0.374096683524942,3.5429903065551684,0.3861788511276245,0.37828510999679565,0.3861788511276245,0.45132720470428467,0.6310970187187195,0.7442746758460999,0.7190684974193573,0.6310970187187195,0.3391294082273294,0.8660176184141275,1.4451769509689785,1.0744036490165518,0.4080232065318697
1548,51.6,134.39513317960908,168.99857042117932,0.4209330677986145,0.19722340762510526,5.301471022847096,0.4209330677986145,0.42298221588134766,0.42298221588134766,0.4360809922218323,0.6349576711654663,0.7371425330638885,0.805266797542572,0.6349576711654663,0.08198699154337667,0.8594860840927471,1.715975162077146,1.3449518427140312,0.866639628775606
1549,51.63333333333333,131.31181084935238,168.13925820320796,0.42692458629608154,0.4258830741677517,60.77407018058295,0.42692458629608154,0.4277486801147461,0.4277486801147461,0.4562951624393463,0.6253082752227783,0.7389929294586182,0.8915244340896606,0.6253082752227783,0.3135544276168415,0.855178819009752,1.5549719394535493,1.3916309333071524,0.8495100602741799
1550,51.666666666666664,101.9638277424115,164.97028613001888,0.4227856397628784,0.3557993557178634,0.2550313076059183,0.4227856397628784,0.42547136545181274,0.42547136545181274,0.46982818841934204,0.6250816583633423,0.7436078786849976,0.9396066665649414,0.6250816583633423,0.3770420884158748,0.8536956974051215,1.4741913121045618,1.4351668117415795,0.6864657096800638
1551,51.7,64.25158628358801,167.84854794375778,0.4214653968811035,0.35442102605816345,174.3234139444312,0.4214653968811035,0.42306286096572876,0.42306286096572876,0.4729761779308319,0.623368889093399,0.7499633133411407,0.930591344833374,0.623368889093399,0.35425834777332965,0.8552480294848933,1.0071273348576915,1.008020487638521,0.47695325713104453
1552,51.733333333333334,79.43604337411622,165.5077257003526,0.4198588728904724,0.3741041425496684,49.44155240262444,0.4198588728904724,0.4201717972755432,0.4201717972755432,0.4721029996871948,0.6245555877685547,0.7543028891086578,0.921816498041153,0.6245555877685547,0.3076062149007736,0.8501368106314631,0.5425315880458099,0.5410321671709076,0.5613113520784234
1553,51.766666666666666,64.9032230796813,151.23379420783002,0.41906124353408813,0.3617384730367401,11.609295518618865,0.41906124353408813,0.42195332050323486,0.42195332050323486,0.47063007950782776,0.6252901554107666,0.753863513469696,0.9067407250404358,0.6252901554107666,0.3153596822090943,0.8504823464335818,0.30507702149402033,0.30225537225847,0.4520965680019911
1554,51.8,62.65143635046916,153.61097285725754,0.42018914222717285,0.34758657321029945,9.57936666821638,0.42018914222717285,0.4242669939994812,0.4242669939994812,0.4702382981777191,0.6254861354827881,0.7549694776535034,0.8977785706520081,0.6254861354827881,0.3339638473304236,0.8506178697853377,0.2915122424043991,0.2851526610840363,0.43551720800170396
1555,51.833333333333336,64.28400316999542,153.76333453291068,0.4227951169013977,0.2915552554742059,8.484712407323173,0.4227951169013977,0.4238154888153076,0.4238154888153076,0.4701119661331177,0.6252796947956085,0.754737913608551,0.8894945085048676,0.6252796947956085,0.34194110721688387,0.8505080053300569,0.2702205498378408,0.26586382001011605,0.43819951589577116
1556,51.86666666666667,60.78047847354107,139.91045217404726,0.4256330728530884,0.2827660628906238,8.710484875676457,0.4256330728530884,0.4240529537200928,0.4256330728530884,0.47043290734291077,0.6242110431194305,0.7593038082122803,0.8832592964172363,0.6242110431194305,0.29411397013017093,0.848905158313838,0.19165265955254013,0.19004042869496823,0.39516512271876797
1557,51.9,60.93171224546473,143.69502795498786,0.4255732297897339,0.2968556661877809,11.678468334191848,0.4255732297897339,0.4239140748977661,0.4255732297897339,0.47058990597724915,0.6224926114082336,0.7586987018585205,0.8778875470161438,0.6224926114082336,0.2976855231087809,0.8467319251009913,0.16329133414566932,0.15462951416230153,0.38749691271850484
1558,51.93333333333333,69.52925317426691,134.16822309609023,0.42545920610427856,0.23946780708252238,8.339920713871265,0.42545920610427856,0.42412102222442627,0.42545920610427856,0.4704732298851013,0.6210649609565735,0.7527152299880981,0.8758885860443115,0.6210649609565735,0.3075811286108102,0.8493802926757119,0.17687700385365654,0.15590582313248394,0.43933672990202427
1559,51.96666666666667,60.55165512125214,135.20889996757697,0.4223886728286743,0.3631864571361164,6.648517952372913,0.4223886728286743,0.4227405786514282,0.4227405786514282,0.47053584456443787,0.6205495595932007,0.7503930330276489,0.8728697896003723,0.6205495595932007,0.29363020345460583,0.8478210216218774,0.20767625367640521,0.18867213738525845,0.3987009601098779
1560,52.0,61.16369744841928,136.06645566910746,0.4154859781265259,0.3912495976568136,6.183499284894651,0.4154859781265259,0.4223216772079468,0.4223216772079468,0.4705076813697815,0.6204264163970947,0.7505854964256287,0.8643713295459747,0.6204264163970947,0.2756889792549494,0.8495428336389137,0.25422665505578007,0.22235259640396374,0.41606631567461894
1561,52.03333333333333,61.487994628676226,141.55524499216017,0.41317135095596313,0.40682516292903254,8.435364498216472,0.41317135095596313,0.4221928119659424,0.4221928119659424,0.4702925682067871,0.619600921869278,0.7491791844367981,0.852613091468811,0.619600921869278,0.27610922044900293,0.8507102181514105,0.3326052900650623,0.29707131138632836,0.44138155717883104
1562,52.06666666666667,59.407498578916,144.20493140023382,0.4062421917915344,0.406689199502247,10.106137927750524,0.4062421917915344,0.4186367392539978,0.4186367392539978,0.4701371192932129,0.6181038916110992,0.7466962039470673,0.8414597809314728,0.6181038916110992,0.26261995155141454,0.8511587092370698,0.3556479983352964,0.3275317819321867,0.4367360582723445
1563,52.1,68.66217069901633,139.70221166833534,0.40868979692459106,0.3744221195562748,11.503849712385772,0.40868979692459106,0.4180654287338257,0.4180654287338257,0.47047749161720276,0.6169542968273163,0.742387980222702,0.8265946209430695,0.6169542968273163,0.25102584594891364,0.8504231585697695,0.3864475047844478,0.3741727309045132,0.49739075531875837
1564,52.13333333333333,71.48830955667125,136.3308245434662,0.4099222421646118,0.36471443053172514,16.17032423198816,0.4099222421646118,0.4176536798477173,0.4176536798477173,0.4703616201877594,0.6157703101634979,0.7392125725746155,0.8185419738292694,0.6157703101634979,0.24882786266426235,0.8468991093563311,0.3962367389511544,0.3890281726061151,0.5160282970001866
1565,52.166666666666664,72.66140577618545,145.1664697770026,0.4106554388999939,0.34279409207170286,14.082092797959262,0.4106554388999939,0.4166848659515381,0.4166848659515381,0.47069236636161804,0.6131783425807953,0.7285279929637909,0.8024768829345703,0.6131783425807953,0.22960500273601356,0.8428177070437055,0.39660609150387505,0.4040930330461374,0.5226563039855261
1566,52.2,63.70888692812255,158.9341578857504,0.4146973490715027,0.3485112121653694,18.3122083266112,0.4146973490715027,0.416840136051178,0.416840136051178,0.4716052711009979,0.6073138117790222,0.7226096391677856,0.7894752323627472,0.6073138117790222,0.2495402583715825,0.8401354542284301,0.3681660868300837,0.3810756063309044,0.4643880867608171
1567,52.233333333333334,62.299272327920875,167.43329869714847,0.41601377725601196,0.35422908861455205,13.239654025735263,0.41601377725601196,0.4169617295265198,0.4169617295265198,0.47220951318740845,0.6031720042228699,0.7121569216251373,0.7763490378856659,0.6031720042228699,0.27145315647683815,0.8387150755434325,0.37087482286399764,0.38476330375706,0.4573695153476486
1568,52.266666666666666,61.03693167552592,165.24571628034587,0.4174656271934509,0.3459777823853465,19.136250260635506,0.4174656271934509,0.41691499948501587,0.4174656271934509,0.47247016429901123,0.5989159643650055,0.7066859006881714,0.7661263048648834,0.5989159643650055,0.28014422950487267,0.8374258957125924,0.31632059408836477,0.32926993391214565,0.4339902430905423
1569,52.3,60.77569202945869,161.02214147860792,0.4176822900772095,0.3468324146122234,17.972766922949177,0.4176822900772095,0.41615694761276245,0.4176822900772095,0.47247767448425293,0.5972566604614258,0.7034502923488617,0.7575311660766602,0.5972566604614258,0.2611910473805853,0.8357467132084297,0.25898040033756053,0.26465344664943363,0.41533685359826084
1570,52.333333333333336,57.064484092450684,159.35022821761652,0.4176065921783447,0.34103653844176657,16.94567800891639,0.4176065921783447,0.41358673572540283,0.4176065921783447,0.47241929173469543,0.5965571701526642,0.7015388011932373,0.7505421340465546,0.5965571701526642,0.2770968130118966,0.8357233265132615,0.22729217083423067,0.19609838296232474,0.3852125628749952
1571,52.36666666666667,54.20866494979789,158.69021402005194,0.41552114486694336,0.34188807500053053,12.798918177861424,0.41552114486694336,0.40815526247024536,0.41552114486694336,0.47181862592697144,0.5968427062034607,0.699508786201477,0.7470601499080658,0.5968427062034607,0.2838253190859244,0.8349739990451119,0.1838233376803904,0.13812699701955267,0.3563062510252165
1572,52.4,59.23677060906026,162.2194275192329,0.4078429341316223,0.33020874248023285,31.748810673439948,0.4078429341316223,0.3990328907966614,0.4078429341316223,0.4701116383075714,0.5982005894184113,0.6977370381355286,0.7451565265655518,0.5982005894184113,0.2662652127750059,0.82853008174535,0.14934013142221422,0.09090683976857557,0.37389520947699906
1573,52.43333333333333,60.202960706893805,158.6995787503286,0.4049198627471924,0.3305573884831624,21.48969871568059,0.4049198627471924,0.39855730533599854,0.4049198627471924,0.4687722623348236,0.5992237627506256,0.6983140707015991,0.7441843152046204,0.5992237627506256,0.27571687674619394,0.8234559274984129,0.10923413680445117,0.058434202892590874,0.3672311338574121
1574,52.46666666666667,64.27051474324524,156.1183123167886,0.4021844267845154,0.3268792052764787,17.61175338586628,0.4021844267845154,0.39799654483795166,0.4021844267845154,0.4676729440689087,0.5995944738388062,0.697868287563324,0.7433820068836212,0.5995944738388062,0.2651047148008937,0.8178923310655536,0.0894824549345307,0.04577121504432234,0.38390315172061057
1575,52.5,64.53286934536428,155.90087828074593,0.4018975496292114,0.3285647319064904,11.990077864005684,0.4018975496292114,0.3977523446083069,0.4018975496292114,0.4665084779262543,0.6012029647827148,0.6996289193630219,0.7434858977794647,0.6012029647827148,0.26241812572095846,0.8137749205484535,0.04648570844109305,0.043919650620824216,0.3724616533399072
1576,52.53333333333333,67.47977032005183,154.37736171918962,0.4013775587081909,0.3245645311641309,2.875408576675312,0.4013775587081909,0.3971205949783325,0.4013775587081909,0.46571236848831177,0.6024661362171173,0.7004593014717102,0.7440494298934937,0.6024661362171173,0.2698015325612289,0.8124892991600614,0.03634715898445475,0.04372093602726379,0.38579176058451325
1577,52.56666666666667,69.39757801685731,156.38678862678998,0.40092605352401733,0.31412846863953875,1.9802621201899342,0.40092605352401733,0.3964713215827942,0.40092605352401733,0.46507298946380615,0.6044075787067413,0.7011744976043701,0.7434574067592621,0.6044075787067413,0.27535867075036247,0.8107000979961771,0.02071959050759727,0.03977071016619693,0.39175797724593087
1578,52.6,64.62805059503359,154.0085237532905,0.4006577134132385,0.32141947775644586,2.864483484265861,0.4006577134132385,0.3969467282295227,0.4006577134132385,0.46478790044784546,0.6046012341976166,0.7016736268997192,0.7420927882194519,0.6046012341976166,0.2610652235673274,0.8113780432578289,0.031897643257965916,0.041875626695556126,0.36861401850535414
1579,52.63333333333333,60.77489091498562,137.72609246816722,0.40048885345458984,0.32327004472930687,4.555729380741695,0.40048885345458984,0.39797788858413696,0.40048885345458984,0.464665949344635,0.6047382950782776,0.7033255100250244,0.7419137954711914,0.6047382950782776,0.24345183509811644,0.813094521110708,0.04935464010042761,0.040609593731395256,0.3524446748911595
1580,52.666666666666664,65.28008429548221,140.7245815722782,0.40141212940216064,0.3293367285027111,3.4526347961166266,0.40141212940216064,0.4019749164581299,0.4019749164581299,0.46469300985336304,0.6046771109104156,0.7058908045291901,0.7438755035400391,0.6046771109104156,0.2431738615940659,0.812961427099777,0.14486877245937807,0.038855889336108666,0.40612776671271456
1581,52.7,67.18473003331393,146.2698584575771,0.4049305319786072,0.4203676792538026,4.667288795349123,0.4049305319786072,0.41053205728530884,0.41053205728530884,0.4644361138343811,0.605165034532547,0.7092472314834595,0.7449412941932678,0.605165034532547,0.27722172156915836,0.8095885553594792,0.15837894147152623,0.04626804005985538,0.42076218262653525
1582,52.733333333333334,175.24931100191537,145.35343848077372,0.4215853810310364,0.8202144246375871,8.723843915213479,0.4215853810310364,0.4236392378807068,0.4236392378807068,0.46388423442840576,0.6068167388439178,0.7123933732509613,0.7454802691936493,0.6068167388439178,0.29092041195427826,0.8071595744201632,0.2185174190420144,0.06417222711622213,1.0391625090565786
1583,52.766666666666666,173.0139091305491,139.60452621562936,0.4252036213874817,0.9632504559804904,8.922017719140513,0.4252036213874817,0.43625104427337646,0.43625104427337646,0.4627649784088135,0.6093965470790863,0.715661346912384,0.745899498462677,0.6093965470790863,0.2742117883868079,0.8056864873929457,0.25987779502013864,0.07296716678817618,1.0391517225646478
1584,52.8,170.13683268776117,145.7035174095848,0.4352257251739502,0.9011865918665739,9.95348102327057,0.4352257251739502,0.4448999762535095,0.4448999762535095,0.4623044431209564,0.6116960644721985,0.7191725671291351,0.7481384575366974,0.6116960644721985,0.3158316856568172,0.8047018464316021,0.2521927172766505,0.08100777038507989,1.0208624412261127
1585,52.833333333333336,169.00313415479147,139.74438886126464,0.4438211917877197,0.9592627160122851,8.549525644196478,0.4438211917877197,0.4479212760925293,0.4479212760925293,0.4612470865249634,0.6135737001895905,0.7224731147289276,0.751007080078125,0.6135737001895905,0.27868709199485886,0.8063234941977443,0.1814442323879721,0.09215299083064962,0.9933395705763443
1586,52.86666666666667,169.803705697322,130.50088061297302,0.4445917010307312,1.0965737037212966,12.035964328944715,0.4445917010307312,0.447953462600708,0.447953462600708,0.4605933427810669,0.614654004573822,0.7243934273719788,0.7532752156257629,0.614654004573822,0.2647696627262573,0.8065082775146672,0.330993237910427,0.09362712629288471,1.0426518919138057
1587,52.9,170.32583718659305,125.15676607032205,0.4404681324958801,1.073003686575202,10.255450903096175,0.4404681324958801,0.4540422558784485,0.4540422558784485,0.4566127359867096,0.6171419024467468,0.725874274969101,0.7558702230453491,0.6171419024467468,0.31817350584513276,0.8074803180766829,0.31564400554375893,0.08337370999969075,1.0409478526997558
1588,52.93333333333333,170.6805797953742,134.72379307330806,0.41201627254486084,0.9815191610534073,9.272453789272276,0.41201627254486084,0.45212477445602417,0.45212477445602417,0.4564157724380493,0.6184046864509583,0.7282578349113464,0.7584356069564819,0.6184046864509583,0.3071722565073063,0.8078296069394458,0.3667801851113819,0.07060513272512385,1.058259498841049
1589,52.96666666666667,166.55212750445048,140.52027225485597,0.4196416139602661,0.93735703826398,9.645190316775825,0.4196416139602661,0.4503982663154602,0.4503982663154602,0.45628708600997925,0.619373619556427,0.7298252284526825,0.7595814168453217,0.619373619556427,0.34053242539824674,0.8090563302464557,0.37123226214823646,0.06578483874163252,1.0366592758914182
1590,53.0,163.3838557508795,141.56111850863957,0.4372134208679199,0.8961959331256265,9.852567359506338,0.4372134208679199,0.4525628685951233,0.4525628685951233,0.45583391189575195,0.6204938590526581,0.7305705547332764,0.7602417767047882,0.6204938590526581,0.3361064233126115,0.8101815452629869,0.3468984053920825,0.04974374204753273,1.011757609122511
1591,53.03333333333333,148.06402751340147,140.60094919340014,0.44008874893188477,0.8069730625773356,10.48644368489883,0.44008874893188477,0.4492715001106262,0.4492715001106262,0.4548048973083496,0.6216532588005066,0.7330003082752228,0.7614971995353699,0.6216532588005066,0.3415033577815194,0.814828236220461,0.18876319551429643,0.042949711653824094,0.8792068892842971
1592,53.06666666666667,162.82744346810603,142.2174856166561,0.440615177154541,0.9641645184001022,9.188657524638018,0.440615177154541,0.44816380739212036,0.44816380739212036,0.45412707328796387,0.6223311126232147,0.7350106239318848,0.7621213495731354,0.6223311126232147,0.3283644116493116,0.8169118536241127,0.1573752614774083,0.04777813734936534,0.951809486599367
1593,53.1,163.55311749117004,144.04099913434084,0.4390019178390503,0.9637831717324353,10.903765147762556,0.4390019178390503,0.44781017303466797,0.44781017303466797,0.45437130331993103,0.6231646537780762,0.7360466122627258,0.7636338770389557,0.6231646537780762,0.29634724790977707,0.8180683221329342,0.08092353160834313,0.047834693850059666,0.9329054899890031
1594,53.13333333333333,159.39678376119628,145.41862885583234,0.43723249435424805,0.9199209086085747,7.486175338295624,0.43723249435424805,0.4436858296394348,0.4436858296394348,0.45377352833747864,0.6246801614761353,0.7381629943847656,0.7653710246086121,0.6246801614761353,0.3219964078266077,0.8230262581597675,0.09501344119358412,0.05474249143888582,0.9140417199202767
1595,53.166666666666664,109.26151041211074,148.3841945753532,0.4324157238006592,0.7852301867342801,9.213030462095219,0.4324157238006592,0.4406527280807495,0.4406527280807495,0.4527582824230194,0.6258923709392548,0.7406686842441559,0.7658671736717224,0.6258923709392548,0.3319047077127748,0.8278959734421788,0.13191083040065696,0.0720694137298424,0.6465816402985901
1596,53.2,127.98602868131425,145.44203275954013,0.4272095561027527,0.7962147812675944,9.343692331845375,0.4272095561027527,0.440670371055603,0.440670371055603,0.4515390992164612,0.6281707882881165,0.7426738142967224,0.7675961852073669,0.6281707882881165,0.37974099865744043,0.8327296281402762,0.15475457006327917,0.07856505513894284,0.7574598636929518
1597,53.233333333333334,154.48592594679383,151.14958009684497,0.42027920484542847,0.87205583081192,9.21805667748302,0.42027920484542847,0.43624061346054077,0.43624061346054077,0.4502047300338745,0.6319143176078796,0.7446448802947998,0.7683007717132568,0.6319143176078796,0.372272036906347,0.8384548475344976,0.15399300858879642,0.07674074788556802,0.9044530467254935
1598,53.266666666666666,158.08099554191202,159.70763800299784,0.4144749045372009,0.93799003596572,11.924132961317582,0.4144749045372009,0.4310305118560791,0.4310305118560791,0.44972050189971924,0.6342292726039886,0.7459366321563721,0.7698929011821747,0.6342292726039886,0.37779432609264235,0.8412572506702307,0.14927658430099675,0.08743222584330668,0.9230107283009213
1599,53.3,157.14690338261047,168.59629929883675,0.41239458322525024,0.9436214881750521,11.988327361713914,0.41239458322525024,0.42873626947402954,0.42873626947402954,0.44823816418647766,0.6359018683433533,0.7477203905582428,0.7709917426109314,0.6359018683433533,0.42878999479822866,0.8440458079179128,0.1476125511391674,0.08920005289803458,0.917322117467364
1600,53.333333333333336,158.51859786889474,167.85985829394264,0.40962934494018555,0.9364598383548697,12.061742509193778,0.40962934494018555,0.4283010959625244,0.4283010959625244,0.44753172993659973,0.6367694437503815,0.7486899793148041,0.7739592492580414,0.6367694437503815,0.4263820135329758,0.8450058414177462,0.12092892470080124,0.0766942006299411,0.9169375544596556
1601,53.36666666666667,161.49328410811475,164.1715414791444,0.40538233518600464,0.9558669252196323,9.570629488424629,0.40538233518600464,0.4294818639755249,0.4294818639755249,0.4465571939945221,0.6376980245113373,0.7487947344779968,0.7769743204116821,0.6376980245113373,0.3999057105995105,0.846916602416472,0.10065033017956511,0.06511951258044614,0.9273800107656182
1602,53.4,159.5782397499792,159.46890841520195,0.40352916717529297,0.9410291116709967,9.32128534311471,0.40352916717529297,0.4294946789741516,0.4294946789741516,0.4462893605232239,0.6379535794258118,0.7487864792346954,0.7786802351474762,0.6379535794258118,0.39606044638675664,0.8495385999029333,0.09889953952003638,0.062340455344794495,0.9162156382447842
1603,53.43333333333333,160.0249471866454,159.31043717024434,0.40094995498657227,0.9444933087520779,8.600906422336152,0.40094995498657227,0.429542601108551,0.429542601108551,0.4462276101112366,0.6386344730854034,0.7486791610717773,0.7792384922504425,0.6386344730854034,0.4215116863772818,0.8522625655838938,0.0833633949134356,0.05007471660571736,0.9140365028442828
1604,53.46666666666667,160.94531460903195,157.6183306717502,0.3995433449745178,0.9621155512299411,7.975913525646348,0.3995433449745178,0.42925769090652466,0.42925769090652466,0.4461797773838043,0.6389458179473877,0.7494870722293854,0.780744731426239,0.6389458179473877,0.4248076658723132,0.8554372376564777,0.0560815858178438,0.03431017005757639,0.9109651124621974
1605,53.5,157.31056550206273,138.22513153922918,0.39851313829421997,0.926711897893044,8.89791431316641,0.39851313829421997,0.4237702488899231,0.4237702488899231,0.4459206461906433,0.6390286982059479,0.7500060498714447,0.7817888855934143,0.6390286982059479,0.3718186525896458,0.858662508653872,0.06471572565945763,0.02591194354459288,0.893362303820408
1606,53.53333333333333,162.51659041417167,139.02018700464615,0.39915263652801514,0.9981465303256125,9.077648323407232,0.39915263652801514,0.4200769066810608,0.4200769066810608,0.44550830125808716,0.6395282745361328,0.7515998482704163,0.7819579243659973,0.6395282745361328,0.3869134102527374,0.8617614376725573,0.06209026512448878,0.022015911248502953,0.9214970262827449
1607,53.56666666666667,156.19990171332412,137.36486848062927,0.39519840478897095,0.9455372904868911,8.964404346114009,0.39519840478897095,0.41554713249206543,0.41554713249206543,0.444938987493515,0.6398063600063324,0.7524233162403107,0.781789243221283,0.6398063600063324,0.35254628068441424,0.864529853517359,0.06977388217117143,0.014093641907256227,0.8887093963920409
1608,53.6,158.1798587549705,114.09891830238749,0.3929978609085083,0.9939329517946689,8.805042413500871,0.3929978609085083,0.4123932719230652,0.4123932719230652,0.4440899193286896,0.6395831108093262,0.7533281147480011,0.7817293107509613,0.6395831108093262,0.3182811983012722,0.8683010664853182,0.08600157154684986,0.010600906176622715,0.9045774645472244
1609,53.63333333333333,152.33917247074368,122.3356132287312,0.38966286182403564,0.9495240590259755,10.88203701821061,0.38966286182403564,0.4068973660469055,0.4068973660469055,0.44236958026885986,0.6395200788974762,0.755330890417099,0.7815209329128265,0.6395200788974762,0.333568449341388,0.8717849864201113,0.10330079839113729,0.011979079774054855,0.8773189754659171
1610,53.666666666666664,112.10596322911121,108.94847728940213,0.38551461696624756,0.8045889319002406,12.01157357321759,0.38551461696624756,0.39424437284469604,0.39424437284469604,0.4405524432659149,0.6393667161464691,0.7559561729431152,0.7819602489471436,0.6393667161464691,0.34955545243762265,0.8765612362009106,0.11721296265638127,0.015544478783654453,0.6579747956253099
1611,53.7,94.10425638465034,76.28762797471859,0.3820000886917114,0.8060323743212404,10.594128837954742,0.3820000886917114,0.3946458101272583,0.3946458101272583,0.4388602077960968,0.638766348361969,0.7561163604259491,0.7814989984035492,0.638766348361969,0.23020492417390714,0.8814941649184083,0.14633824350445007,0.01886153823145353,0.5667028974105036
1612,53.733333333333334,68.37485340670065,76.99364336787205,0.37575751543045044,0.7639108893398486,11.271795966971666,0.37575751543045044,0.39286530017852783,0.39286530017852783,0.4371127188205719,0.6381179392337799,0.7552008628845215,0.7808470726013184,0.6381179392337799,0.2211681453377098,0.8864586588108179,0.1535019870627656,0.03994904002889315,0.42591089282272215
1613,53.766666666666666,55.52448195090588,78.86317271026147,0.3687450885772705,0.6962835669812373,10.876289301063991,0.3687450885772705,0.39136505126953125,0.39136505126953125,0.4353189468383789,0.638205498456955,0.7549735903739929,0.7800679802894592,0.638205498456955,0.2144087457155943,0.8917724264390541,0.14820412537484806,0.05264510772715802,0.35293058178415376
1614,53.8,51.63945620110266,75.00261327258777,0.3661308288574219,0.6345020441333193,11.10721120476245,0.3661308288574219,0.3886280059814453,0.3886280059814453,0.4335111975669861,0.6386458575725555,0.7543641328811646,0.7763617634773254,0.6386458575725555,0.22310578438025275,0.8976276968464707,0.15241589964104557,0.06702762273493297,0.33261063767621735
1615,53.833333333333336,51.66037456688434,78.64736559506342,0.36380577087402344,0.608413526072575,8.4750898591723,0.36380577087402344,0.38679587841033936,0.38679587841033936,0.4325024485588074,0.6397661864757538,0.7548109889030457,0.7740362286567688,0.6397661864757538,0.3281949297431458,0.9022791972666075,0.13137806795396204,0.07823936210878916,0.32641550131332386
1616,53.86666666666667,54.3383245880214,81.38314523920077,0.3609497547149658,0.6155125742601646,9.706607607586363,0.3609497547149658,0.38526976108551025,0.38526976108551025,0.43137550354003906,0.6400341987609863,0.7556018233299255,0.7708934545516968,0.6400341987609863,0.3202089001397686,0.9068814254168308,0.11183765789238104,0.09709646527037843,0.3354308784122777
1617,53.9,50.67164445554476,79.03054807427519,0.3610087037086487,0.5922682532614485,9.777432865117305,0.3610087037086487,0.3846246004104614,0.3846246004104614,0.43130508065223694,0.6403549611568451,0.7569281756877899,0.7681238651275635,0.6403549611568451,0.28188366699810047,0.9103959536913669,0.11751650530265392,0.10344823598121235,0.31676408745493373
1618,53.93333333333333,47.57094863912683,80.69794160489877,0.3606424331665039,0.541852835825702,9.705435938201703,0.3606424331665039,0.3832716941833496,0.3832716941833496,0.4310756027698517,0.6414147317409515,0.7603880763053894,0.764342725276947,0.6414147317409515,0.2838228778955909,0.9135147893067562,0.13120703820303878,0.11892016797193833,0.3036451594560607
1619,53.96666666666667,49.780232525211176,79.21263887493673,0.35761672258377075,0.5192550769060789,11.124252010037821,0.35761672258377075,0.3817594647407532,0.3817594647407532,0.43092548847198486,0.6428486704826355,0.7617465257644653,0.7597714364528656,0.6428486704826355,0.2523349612289811,0.9148726463317871,0.12009364600534345,0.11198898494066362,0.31258494116388735
1620,54.0,48.00429630153759,77.4252316118292,0.3553186058998108,0.5087257970150266,12.5160188180908,0.3553186058998108,0.3803245425224304,0.3803245425224304,0.4307846128940582,0.6437864303588867,0.7641709744930267,0.7546973824501038,0.6437864303588867,0.27950467188092876,0.9168300863468286,0.12180940294939357,0.1108602598213477,0.30323335589336026
1621,54.03333333333333,47.175377330638504,78.0759549925954,0.353384792804718,0.4747194746221122,11.5432555163637,0.353384792804718,0.3787413239479065,0.3787413239479065,0.4306040108203888,0.6452015042304993,0.7656356692314148,0.7532854676246643,0.6452015042304993,0.2713791160590679,0.9181737981059335,0.11237315533754096,0.10163065531327573,0.2957973762159206
1622,54.06666666666667,48.9360332286205,78.13875087915022,0.35103321075439453,0.46920021608163875,12.646550566713671,0.35103321075439453,0.377841591835022,0.377841591835022,0.429897278547287,0.6469189524650574,0.7674032747745514,0.751333475112915,0.6469189524650574,0.2699316861489262,0.9187272561318947,0.09948552831909353,0.09257794713356439,0.30171250976584196
1623,54.1,49.56438914728947,75.90388939927638,0.3495895266532898,0.5579857720217526,14.141055377200217,0.3495895266532898,0.3784875273704529,0.3784875273704529,0.4290367066860199,0.6486023664474487,0.7694223523139954,0.7496389448642731,0.6486023664474487,0.2707582506874537,0.9196515878041586,0.10821377669428542,0.10422996580427776,0.3078218504932271
1624,54.13333333333333,51.463531480361496,78.09063138920672,0.3483893871307373,0.6011560308362521,15.141847620689873,0.3483893871307373,0.37858498096466064,0.37858498096466064,0.42875853180885315,0.6496498286724091,0.7710521519184113,0.7465284466743469,0.6496498286724091,0.2691915749644762,0.919989034985051,0.1294529482608723,0.12782280086296294,0.3247443927024922
1625,54.166666666666664,51.15132320300162,87.6322777928343,0.34859955310821533,0.6230060401241407,14.66929404505737,0.34859955310821533,0.37790924310684204,0.37790924310684204,0.42871853709220886,0.6507141292095184,0.7722232043743134,0.7395066618919373,0.6507141292095184,0.3013038479871565,0.9201549860564145,0.1646644112947829,0.16510182726094452,0.33357334118288834
1626,54.2,52.75522626482034,97.13889229731379,0.34833186864852905,0.6203274618291564,15.3539887070894,0.34833186864852905,0.3770889639854431,0.3770889639854431,0.42912694811820984,0.650899738073349,0.7733756303787231,0.7335784435272217,0.650899738073349,0.31407734385864683,0.9186231331391768,0.20833576953076952,0.2076951922888884,0.35558532121934383
1627,54.233333333333334,51.2311611319484,97.12894825736217,0.34976625442504883,0.6014448441010158,15.146087584773227,0.34976625442504883,0.37676429748535156,0.37676429748535156,0.4297219216823578,0.6511788368225098,0.773667722940445,0.7247697114944458,0.6511788368225098,0.3427542894502325,0.9178340543400157,0.24165078276243973,0.24134385475188422,0.3571127966728897
1628,54.266666666666666,50.48045876918017,95.90319839435499,0.35038453340530396,0.597751852981734,14.235815932641145,0.35038453340530396,0.3771294355392456,0.3771294355392456,0.43029192090034485,0.6514140069484711,0.773743212223053,0.7152851521968842,0.6514140069484711,0.3647990483204978,0.9166416570995793,0.25187035252711465,0.2512030782641219,0.35600809892024643
1629,54.3,54.58307084562847,96.24727395299116,0.35036957263946533,0.5679389432305337,14.436027818284487,0.35036957263946533,0.37717777490615845,0.37717777490615845,0.43047669529914856,0.6511556804180145,0.7742084860801697,0.7063986659049988,0.6511556804180145,0.37318563449042264,0.9144396637425278,0.2820196688335995,0.28136588432006165,0.3878451831257936
1630,54.333333333333336,54.454392336338245,98.54796700425005,0.3501192331314087,0.618584696639086,13.935683658755039,0.3501192331314087,0.37739264965057373,0.37739264965057373,0.43030548095703125,0.6517554223537445,0.7747905552387238,0.6976740658283234,0.6517554223537445,0.3796338845765497,0.9129725550160264,0.27153697540966404,0.27137989727367456,0.383985494491445
1631,54.36666666666667,51.8287330129102,90.54883803750884,0.3498663902282715,0.5759980366613676,12.96454061236821,0.3498663902282715,0.37782734632492065,0.37782734632492065,0.4304932951927185,0.6515445113182068,0.7744563221931458,0.6867178380489349,0.6515445113182068,0.35323288017840343,0.9118292340726564,0.25278413894208485,0.24938107338518486,0.36377264730990433
1632,54.4,53.09604041924033,89.4409635833653,0.34922266006469727,0.6320942228342452,12.381503170948008,0.34922266006469727,0.3785454034805298,0.3785454034805298,0.4302158057689667,0.6515051424503326,0.7750140130519867,0.6795691251754761,0.6515051424503326,0.35868429328382667,0.9115237431092695,0.32636167024611257,0.2503001522995233,0.39288650340294673
1633,54.43333333333333,52.606726520711064,80.48983889735126,0.3518362045288086,0.6143548054959593,13.667179203050864,0.3518362045288086,0.37872785329818726,0.37872785329818726,0.4299982190132141,0.6513627171516418,0.7751185297966003,0.6737498641014099,0.6513627171516418,0.30148452722816177,0.9123352567354838,0.4034023879724054,0.2563028564210843,0.4122595917817281
1634,54.46666666666667,65.70230126149113,78.28354227846849,0.37096112966537476,0.6945787287916737,15.073716446739184,0.37096112966537476,0.3787428140640259,0.3787428140640259,0.42982056736946106,0.6508645117282867,0.7740789353847504,0.6647201776504517,0.6508645117282867,0.30191014352625156,0.9139685594674313,0.5792057834079686,0.2743600699894429,0.4850127847860618
1635,54.5,76.54008969718386,77.48787129369722,0.3902091383934021,0.6744054465611609,12.39251612888134,0.3902091383934021,0.37871235609054565,0.3902091383934021,0.4292461574077606,0.6503436267375946,0.7743735611438751,0.6549884676933289,0.6503436267375946,0.2928039231832876,0.9176495337125027,0.6571185220251348,0.3069070755056367,0.5452227205399103
1636,54.53333333333333,96.46207214594939,74.9617072973774,0.42796820402145386,0.6694264674253297,9.06470872322808,0.42796820402145386,0.3783324956893921,0.42796820402145386,0.4287315309047699,0.6502992212772369,0.7743894457817078,0.6410207450389862,0.6502992212772369,0.28838877490422876,0.922332687811418,0.7211636046732223,0.33747374024610893,0.6559004008108299
1637,54.56666666666667,100.71033212459214,82.22856632453023,0.4437359571456909,0.6561051700005072,5.339935249802181,0.4437359571456909,0.37840795516967773,0.4437359571456909,0.4285740256309509,0.6498990952968597,0.7753336131572723,0.62845379114151,0.6498990952968597,0.276231458937638,0.9271317034056692,0.6990349177548483,0.3722215791240571,0.724987639680843
1638,54.6,119.41954696707123,79.0749156218989,0.45684486627578735,0.6013686620071498,2.618691095359054,0.45684486627578735,0.3778040409088135,0.45684486627578735,0.42865481972694397,0.6494842171669006,0.7753380239009857,0.6175462305545807,0.6494842171669006,0.28332699503124525,0.9314242384650491,0.6677135895788124,0.40969885589420335,0.8680120672413703
1639,54.63333333333333,118.42311590304863,83.06819736121423,0.4660581946372986,0.5802205298705518,0.3890058999095345,0.4660581946372986,0.3778839707374573,0.4660581946372986,0.42851707339286804,0.6492448151111603,0.7748656868934631,0.6027134358882904,0.6492448151111603,0.4202652077357219,0.9338613513744238,0.5312075967969446,0.4307279258303453,0.8905295631946729
1640,54.666666666666664,112.7968428241075,136.88699565319746,0.469504714012146,0.5554251399119029,4.169260910513316,0.469504714012146,0.377463161945343,0.469504714012146,0.4304860830307007,0.6486466228961945,0.7729149758815765,0.5867327749729156,0.6486466228961945,0.49749653837437896,0.9366472110603795,0.5140188688647105,0.45838946785733176,0.8637050197449332
1641,54.7,117.9958075691696,144.28515930400684,0.4706324338912964,0.5745721890151415,6.613469514753916,0.4706324338912964,0.37752312421798706,0.4706324338912964,0.4318043887615204,0.6485474109649658,0.7688048779964447,0.5692604184150696,0.6485474109649658,0.5114741175667964,0.9396249760280956,0.5200235849517314,0.4918177188902785,0.8920163996624925
1642,54.733333333333334,114.24447339039124,117.29926653887556,0.4727059006690979,0.5395150922466918,6.9913977549736614,0.4727059006690979,0.3775622844696045,0.4727059006690979,0.43221402168273926,0.6479615271091461,0.7675587236881256,0.5520868301391602,0.6479615271091461,0.4247057057889726,0.9430137818509882,0.5363639338174475,0.514574797201533,0.8761671557945828
1643,54.766666666666666,114.28205601819558,107.31940361751103,0.4653477668762207,0.5551365561843257,5.822644756966213,0.4653477668762207,0.37879323959350586,0.4653477668762207,0.4325505793094635,0.6478989720344543,0.7661150395870209,0.5356001257896423,0.6478989720344543,0.37697165751312944,0.9456804539218093,0.5580023646104326,0.5355544926276821,0.8532918739124692
1644,54.8,112.6383231620012,64.00869622037078,0.45749443769454956,0.48857143734570285,5.684538360791009,0.45749443769454956,0.38007813692092896,0.45749443769454956,0.4337675869464874,0.6467857658863068,0.7640928626060486,0.5170058459043503,0.6467857658863068,0.2991005586025562,0.9489767840414336,0.612744312447009,0.5577173275315591,0.8169490142553042
1645,54.833333333333336,111.90293617577946,95.95355643757662,0.45320653915405273,0.4852850834546794,3.4215324961638487,0.45320653915405273,0.3821885585784912,0.45320653915405273,0.43463417887687683,0.6467176079750061,0.7623458802700043,0.49751749634742737,0.6467176079750061,0.3808882380008266,0.9528137373201775,0.721423408822001,0.5906898686357299,0.797400059585858
1646,54.86666666666667,112.21182581355052,113.78151931617015,0.43704283237457275,0.4710544900216192,2.2182500449845293,0.43704283237457275,0.3840312957763672,0.43704283237457275,0.4350630044937134,0.6467429101467133,0.7607409358024597,0.4763510674238205,0.6467429101467133,0.3519452949090078,0.9557567473613855,0.7935287494177575,0.6355974322212471,0.749338515940081
1647,54.9,76.37905574238412,147.33737093394737,0.40983933210372925,0.4139368645199065,2.1268763728901376,0.40983933210372925,0.38529473543167114,0.40983933210372925,0.4354095757007599,0.6461151838302612,0.7583238184452057,0.45368075370788574,0.6461151838302612,0.38488462352907543,0.9560318878202727,0.8329613119569984,0.6731710495335049,0.5443280874576896
1648,54.93333333333333,79.75618016367342,143.59119213778652,0.3916672468185425,0.41451790254727156,1.0106611206361151,0.3916672468185425,0.38723224401474,0.3916672468185425,0.4360364079475403,0.6453776657581329,0.755500316619873,0.4297206848859787,0.6453776657581329,0.3287888976687872,0.9584612449010214,0.8592333965842648,0.6951502808773274,0.5630898897981856
1649,54.96666666666667,59.69059328203077,155.3365310068407,0.3817131519317627,0.3831722952830858,1.3925338757572092,0.3817131519317627,0.3893278241157532,0.3893278241157532,0.43704989552497864,0.6437459886074066,0.7510875463485718,0.40488438308238983,0.6437459886074066,0.31734444189538125,0.9601501533479402,0.8413452545104461,0.7046895010246677,0.45161440712239315
1650,55.0,53.47372460072693,161.55649990002286,0.37383967638015747,0.34219482079151786,0.29024736633002135,0.37383967638015747,0.3918610215187073,0.3918610215187073,0.43750235438346863,0.6413194239139557,0.7434195578098297,0.38186022639274597,0.6413194239139557,0.30802945132578313,0.9617619261597142,0.7788744586499494,0.7191907694628378,0.4170762477818163
1651,55.03333333333333,51.09920299179462,166.08619443063034,0.3670344352722168,0.3300222618890196,0.2715928526280038,0.3670344352722168,0.3935052752494812,0.3935052752494812,0.43808063864707947,0.6391306519508362,0.735946923494339,0.35920941829681396,0.6391306519508362,0.28183434295399606,0.9630471937584154,0.7506349739982539,0.7286957217885486,0.40388446106552567
1652,55.06666666666667,49.90355090230014,161.7625506752129,0.36518728733062744,0.30851400778378324,0.21260094752673808,0.36518728733062744,0.3964792490005493,0.3964792490005493,0.43911290168762207,0.6362617313861847,0.7288558483123779,0.33427806198596954,0.6362617313861847,0.2539579028416225,0.9642145669821537,0.7574916038787702,0.7401411131047558,0.397241949457223
1653,55.1,59.177247856338546,157.0371854417899,0.36450326442718506,0.25720352264903007,0.9405216625208652,0.36450326442718506,0.40012210607528687,0.40012210607528687,0.4402637481689453,0.633073627948761,0.7237687706947327,0.3089221268892288,0.633073627948761,0.2996777844971014,0.9662122798688484,0.7909355628743304,0.7813969828878149,0.4487624880907697
1654,55.13333333333333,71.8158148666291,144.16720707664976,0.3737637400627136,0.17755330023776456,0.5014478240557594,0.3737637400627136,0.40457355976104736,0.40457355976104736,0.441657692193985,0.6280266642570496,0.7175952792167664,0.28260427713394165,0.6280266642570496,0.23475241495781535,0.9625211213574265,0.8128373453709273,0.8091243796928926,0.5189767492590505
1655,55.166666666666664,61.69504046900977,144.46615408084944,0.3765144348144531,0.16130305043721782,1.514491377605566,0.3765144348144531,0.4057486653327942,0.4057486653327942,0.4443112313747406,0.6241812109947205,0.7132997810840607,0.2528238743543625,0.6241812109947205,0.20253139162471157,0.9604983420083018,0.7995787096494417,0.7964101492846527,0.46275022482783207
1656,55.2,62.57358044361845,133.71939494859043,0.37840139865875244,0.13857770765960858,2.7440195348783334,0.37840139865875244,0.4080091118812561,0.4080091118812561,0.44584760069847107,0.6214010715484619,0.7069927453994751,0.2255878522992134,0.6214010715484619,0.16605173381011057,0.959282398223877,0.7612651841049853,0.7563543689613178,0.4676310024645469
1657,55.233333333333334,68.55570151057437,120.88617517263901,0.37947624921798706,0.1267551373633091,2.4208269484718983,0.37947624921798706,0.4088292121887207,0.4088292121887207,0.4462983012199402,0.6182849407196045,0.7031270861625671,0.20282329618930817,0.6182849407196045,0.15697931061489473,0.9599721522042246,0.7017560102910408,0.7026923289421296,0.5008650083920798
1658,55.266666666666666,67.93274353656646,88.87118600182907,0.38214606046676636,0.1318230818152739,0.10808748783853162,0.38214606046676636,0.41076236963272095,0.41076236963272095,0.4472331404685974,0.6164564192295074,0.6998307406902313,0.18403244018554688,0.6164564192295074,0.12244338722422678,0.9618227409593987,0.6089608305649392,0.6095009269985557,0.49740413075870255
1659,55.3,71.49068121016523,80.23184121679482,0.3857145309448242,0.13534266206902026,0.3687705810216073,0.3857145309448242,0.41233253479003906,0.41233253479003906,0.448514848947525,0.6135998070240021,0.6953738629817963,0.1664087176322937,0.6135998070240021,0.11527312056528037,0.9632312601262872,0.5229626949529105,0.5215961330903375,0.5171704511675846
1660,55.333333333333336,79.49559367932352,83.47406483256542,0.3861613869667053,0.13258343503795827,0.14350331196305888,0.3861613869667053,0.41343533992767334,0.41343533992767334,0.44948121905326843,0.6122674345970154,0.6934242844581604,0.15197432786226273,0.6122674345970154,0.11250958308640134,0.9643764026237257,0.4512174173876268,0.4486149534179804,0.5616421871073529
1661,55.36666666666667,91.19770703111485,63.33271602431227,0.38926637172698975,0.13960298974430846,1.1517536468913931,0.38926637172698975,0.4144476652145386,0.4144476652145386,0.45064258575439453,0.6104141771793365,0.6906441748142242,0.1393832378089428,0.6104141771793365,0.12692470195239602,0.9658794926874565,0.3910257981064978,0.3815867643806212,0.6239616673825874
1662,55.4,105.51475664810118,58.87941441266198,0.391523540019989,0.1502420236500603,1.9239763678199324,0.391523540019989,0.4162573218345642,0.4162573218345642,0.45171645283699036,0.6082503199577332,0.6883773803710938,0.12878864258527756,0.6082503199577332,0.13914227203413915,0.9674963716304663,0.33445719402145685,0.32377262428837494,0.6865302506958881
1663,55.43333333333333,123.79102761815165,68.43675463653928,0.39623087644577026,0.21400181538599117,2.5192857782735416,0.39623087644577026,0.41647815704345703,0.41647815704345703,0.45303383469581604,0.6070190966129303,0.6857261955738068,0.12117936089634895,0.6070190966129303,0.13023251863420712,0.9686643409006523,0.31013376200141063,0.28716922436942743,0.7807680598123768
1664,55.46666666666667,105.95127719245079,90.66818126336112,0.3991537094116211,0.2047538756417774,1.9620113985957914,0.3991537094116211,0.4158455729484558,0.4158455729484558,0.45432451367378235,0.6053100526332855,0.6845700442790985,0.11314098909497261,0.6053100526332855,0.10264618436376925,0.9686300266872753,0.2908444001147394,0.25147606893649,0.6758715266591484
1665,55.5,133.79242633575495,79.83435807838602,0.4053117036819458,0.23382193453057082,2.0675426774795085,0.4053117036819458,0.41544264554977417,0.41544264554977417,0.4551827311515808,0.6046015620231628,0.6829149127006531,0.10477575287222862,0.6046015620231628,0.10795296825166405,0.9687643990372167,0.2697841112369517,0.22569934276347395,0.8242264907919464
1666,55.53333333333333,157.8611426282499,116.35435336808682,0.41240155696868896,0.3113192786292453,3.0331574783940596,0.41240155696868896,0.417125940322876,0.417125940322876,0.45619678497314453,0.6035637259483337,0.6801036596298218,0.09807779267430305,0.6035637259483337,0.10985219320687632,0.9663974444071451,0.25473394220035905,0.21352910852296264,0.9534265305948294
1667,55.56666666666667,154.85902652558656,129.50923799627614,0.41604048013687134,0.33438068833320167,4.212809682474131,0.41604048013687134,0.4180055260658264,0.4180055260658264,0.457057386636734,0.6021148860454559,0.6775718033313751,0.09172368794679642,0.6021148860454559,0.10424192640173781,0.9656410000540994,0.23902600497866544,0.1926271093441143,0.9320357266357472
1668,55.6,156.5079218814562,96.69930248586633,0.41937190294265747,0.3406524380575624,3.7737026754227827,0.41937190294265747,0.4176402688026428,0.41937190294265747,0.45764148235321045,0.6007382571697235,0.6745211184024811,0.08621316403150558,0.6007382571697235,0.15783917097520006,0.9664223970788898,0.2226092849703804,0.18705666167126964,0.9362712403880932
1669,55.63333333333333,169.72562356412263,124.76325245947709,0.4234623312950134,0.41233447118976496,2.337304623717273,0.4234623312950134,0.41842031478881836,0.4234623312950134,0.4587923288345337,0.5987587571144104,0.6701753735542297,0.08191247656941414,0.5987587571144104,0.16189140704367574,0.9663119009046843,0.2185760103566312,0.2034903502216267,1.0084929340187818
1670,55.666666666666664,163.8806561520085,122.49907769382236,0.42157310247421265,0.32678131116244613,0.07564000343393218,0.42157310247421265,0.41902458667755127,0.42157310247421265,0.45903703570365906,0.5978756546974182,0.6688543260097504,0.07449810579419136,0.5978756546974182,0.1776450576071936,0.9641892115275065,0.23081684568726654,0.2206013745564567,0.9796931434395605
1671,55.7,162.15514524875206,133.36037665610314,0.4239339232444763,0.3331930550977011,0.45286761854066526,0.4239339232444763,0.42065173387527466,0.4239339232444763,0.46095675230026245,0.5941775739192963,0.6657938063144684,0.0657291617244482,0.5941775739192963,0.18009329939594698,0.9616519537839022,0.26113810450418784,0.25452218792802256,0.979203349399879
1672,55.733333333333334,161.0810179436216,168.04598279040405,0.42576318979263306,0.3537608952320012,0.47663797388540274,0.42576318979263306,0.42037415504455566,0.42576318979263306,0.462297260761261,0.5923149883747101,0.6601602435112,0.0565471425652504,0.5923149883747101,0.07716739830760706,0.9580797498876398,0.31245763650406605,0.28960937029566036,0.9886318350824509
1673,55.766666666666666,114.49311078832034,149.67262224723254,0.4237064719200134,0.2873769199569076,1.2037976692013785,0.4237064719200134,0.42192500829696655,0.4237064719200134,0.4641123414039612,0.5915469229221344,0.6504195630550385,0.045239854604005814,0.5915469229221344,0.07911256906935299,0.9424047578464855,0.41401107354780076,0.29948102608658017,0.7560728377128908
1674,55.8,149.85134332865917,161.0973179374198,0.433613657951355,0.34553300664488246,0.8128631236190813,0.433613657951355,0.42249977588653564,0.433613657951355,0.46425172686576843,0.5910793840885162,0.6552169919013977,0.03466794639825821,0.5910793840885162,0.054686063903564765,0.9307260206251433,0.5125467497293614,0.3276393585871746,0.9525074629369954
1675,55.833333333333336,154.60039268844614,159.7372062999455,0.4564512372016907,0.4358479186830112,0.8161295738405272,0.4564512372016907,0.4227062463760376,0.4564512372016907,0.46542662382125854,0.5903291404247284,0.6587314903736115,0.025586831383407116,0.5903291404247284,0.028388840033019405,0.9154142773512638,0.5775450331232221,0.3750606654893838,0.9788910704913674
1676,55.86666666666667,149.45288525790457,160.81368639381205,0.4776914119720459,0.4425562774598177,1.8116386023166058,0.4776914119720459,0.4228774905204773,0.4776914119720459,0.46577543020248413,0.5887097120285034,0.6610088348388672,0.011469519784441218,0.5887097120285034,0.036271768240520086,0.9065188024983262,1.7582279256701046,1.6439473769269788,0.986041752297044
1677,55.9,156.49149518810597,159.90278827292946,0.4670690894126892,0.3362036620827642,9.22144716667924,0.4670690894126892,0.4239734411239624,0.4670690894126892,0.4697868525981903,0.5868884027004242,0.660382866859436,-0.005706767668016255,0.5868884027004242,0.12168557483125254,0.8811415975744074,1.698727850663671,1.5915174282458118,0.9893971954894776
1681,56.03333333333333,117.81194528271793,105.31760272257124,0.636588841676712,0.7235169397072113,14.655122506947293,0.636588841676712,0.7075894474983215,0.7075894474983215,0.6513236612081528,0.22767645120620728,0.06427719444036484,0.809956967830658,0.22767645120620728,0.22143812360022153,0.8691274975285386,1.5545504780067039,1.5616438702090971,0.943308165996717
1682,56.06666666666667,83.00295293788692,121.2202549034127,0.6320644319057465,0.5694432812150113,14.942247789114646,0.6320644319057465,0.6353321373462677,0.6353321373462677,0.6543494313955307,0.22939937561750412,0.07487645745277405,0.809300035238266,0.22939937561750412,0.24747851703744084,0.8563591566952792,1.5117162024116353,1.5847293880135056,0.581127516321594
1683,56.1,73.31456419305565,88.01486238234608,0.6320946514606476,0.20667696840402142,15.327789350065643,0.6320946514606476,0.6366605460643768,0.6366605460643768,0.6539207845926285,0.23349621891975403,0.16168316453695297,0.8087535798549652,0.23349621891975403,0.21256894115507938,0.838915871851372,1.5115044290182233,1.6292310570208945,0.5273031344058647
1684,56.13333333333333,107.45849763837062,159.89952079177843,0.636507660150528,0.030191286729629375,6.207854371867313,0.636507660150528,0.6411068141460419,0.6411068141460419,0.6536963135004044,0.23637427389621735,0.15489204227924347,0.7909269332885742,0.23637427389621735,0.18403073295796318,0.826726004932866,0.3944387232873417,0.4394729522098408,0.715323270532706
1685,56.166666666666664,150.570456963366,144.25648170128508,0.6482868790626526,0.05417910521585959,1.7801229706761035,0.6482868790626526,0.650876373052597,0.650876373052597,0.6504453271627426,0.25486449897289276,0.18382612615823746,0.7745658755302429,0.25486449897289276,0.10444211857214795,0.8137896711176092,0.422959538008236,0.4536871705025063,0.95779567635493
1686,56.2,147.51310386767798,83.29495700110756,0.6483599245548248,0.10069704340172547,10.904958142867372,0.6483599245548248,0.6522626578807831,0.6522626578807831,0.6477361768484116,0.2654987573623657,0.19689641892910004,0.7524703145027161,0.2654987573623657,0.025986613346947157,0.8121155175295743,0.5245947450207322,0.5361105108721963,0.9530966868064367
1687,56.233333333333334,160.6151436106246,135.41725193908738,0.6567469239234924,0.06007122991922683,22.130330613406556,0.6567469239234924,0.6487471461296082,0.6567469239234924,0.6454382240772247,0.2665613442659378,0.1899987906217575,0.7483935654163361,0.2665613442659378,0.11225580163742699,0.807940504767678,0.5158121788306448,0.5342392299191779,1.0462324529311622
